[ {
  "date" : "20140603",
  "summary" : [ {
    "activity" : "walking",
    "group" : "walking",
    "duration" : 1350.0,
    "distance" : 1403.0,
    "steps" : 2139
  }, {
    "activity" : "cycling",
    "group" : "cycling",
    "duration" : 802.0,
    "distance" : 4010.0
  }, {
    "activity" : "transport",
    "group" : "transport",
    "duration" : 651.0,
    "distance" : 2208.0
  } ],
  "segments" : [ {
    "type" : "place",
    "startTime" : "20140603T010231-0700",
    "endTime" : "20140603T152242-0700",
    "place" : {
      "id" : 72187887,
      "name" : "Home",
      "type" : "home",
      "location" : {
        "lat" : 37.8651493645,
        "lon" : -122.282029798
      }
    },
    "activities" : [ {
      "activity" : "walking",
      "group" : "walking",
      "manual" : false,
      "startTime" : "20140603T151513-0700",
      "endTime" : "20140603T151643-0700",
      "duration" : 90.0,
      "distance" : 71.0,
      "steps" : 141,
      "trackPoints" : [ ]
    } ],
    "lastUpdate" : "20140605T055655Z"
  }, {
    "type" : "move",
    "startTime" : "20140603T152242-0700",
    "endTime" : "20140603T152854-0700",
    "activities" : [ {
      "activity" : "cycling",
      "group" : "cycling",
      "manual" : false,
      "startTime" : "20140603T152242-0700",
      "endTime" : "20140603T152854-0700",
      "duration" : 372.0,
      "distance" : 1507.0,
      "trackPoints" : [ {
        "lat" : 37.8651493645,
        "lon" : -122.282029798,
        "time" : "20140603T152242-0700"
      }, {
        "lat" : 37.864008159,
        "lon" : -122.2814186174,
        "time" : "20140603T152312-0700"
      }, {
        "lat" : 37.8641344498,
        "lon" : -122.2806015218,
        "time" : "20140603T152329-0700"
      }, {
        "lat" : 37.8642366524,
        "lon" : -122.2798163871,
        "time" : "20140603T152348-0700"
      }, {
        "lat" : 37.8643636167,
        "lon" : -122.2791230993,
        "time" : "20140603T152408-0700"
      }, {
        "lat" : 37.8644364082,
        "lon" : -122.2786686399,
        "time" : "20140603T152425-0700"
      }, {
        "lat" : 37.8647113941,
        "lon" : -122.277188596,
        "time" : "20140603T152459-0700"
      }, {
        "lat" : 37.8648444469,
        "lon" : -122.276050885,
        "time" : "20140603T152520-0700"
      }, {
        "lat" : 37.8649707985,
        "lon" : -122.2751149961,
        "time" : "20140603T152541-0700"
      }, {
        "lat" : 37.8650605838,
        "lon" : -122.2740327598,
        "time" : "20140603T152603-0700"
      }, {
        "lat" : 37.8651366349,
        "lon" : -122.273173833,
        "time" : "20140603T152620-0700"
      }, {
        "lat" : 37.8652075142,
        "lon" : -122.2724947371,
        "time" : "20140603T152643-0700"
      }, {
        "lat" : 37.8652172458,
        "lon" : -122.27251049,
        "time" : "20140603T152701-0700"
      }, {
        "lat" : 37.8652250879,
        "lon" : -122.2723829519,
        "time" : "20140603T152716-0700"
      }, {
        "lat" : 37.8653227462,
        "lon" : -122.2715550362,
        "time" : "20140603T152737-0700"
      }, {
        "lat" : 37.8653281423,
        "lon" : -122.2707628927,
        "time" : "20140603T152756-0700"
      }, {
        "lat" : 37.8655224978,
        "lon" : -122.2700190561,
        "time" : "20140603T152821-0700"
      }, {
        "lat" : 37.8652061428,
        "lon" : -122.2674117807,
        "time" : "20140603T152854-0700"
      } ]
    } ],
    "lastUpdate" : "20140604T004603Z"
  }, {
    "type" : "place",
    "startTime" : "20140603T152854-0700",
    "endTime" : "20140603T161148-0700",
    "place" : {
      "id" : 72392429,
      "name" : "Herbivore",
      "type" : "foursquare",
      "foursquareId" : "4a2b2909f964a520af961fe3",
      "foursquareCategoryIds" : [ "4bf58dd8d48988d1d3941735" ],
      "location" : {
        "lat" : 37.864724,
        "lon" : -122.267372
      }
    },
    "activities" : [ {
      "activity" : "walking",
      "group" : "walking",
      "manual" : false,
      "startTime" : "20140603T153239-0700",
      "endTime" : "20140603T153419-0700",
      "duration" : 100.0,
      "distance" : 77.0,
      "steps" : 153,
      "trackPoints" : [ ]
    }, {
      "activity" : "walking",
      "group" : "walking",
      "manual" : false,
      "startTime" : "20140603T160421-0700",
      "endTime" : "20140603T160521-0700",
      "duration" : 60.0,
      "distance" : 46.0,
      "steps" : 92,
      "trackPoints" : [ ]
    } ],
    "lastUpdate" : "20140605T055851Z"
  }, {
    "type" : "move",
    "startTime" : "20140603T161148-0700",
    "endTime" : "20140603T162205-0700",
    "activities" : [ {
      "activity" : "walking",
      "group" : "walking",
      "manual" : false,
      "startTime" : "20140603T161148-0700",
      "endTime" : "20140603T161426-0700",
      "duration" : 158.0,
      "distance" : 190.0,
      "steps" : 158,
      "trackPoints" : [ {
        "lat" : 37.8652061428,
        "lon" : -122.2674117807,
        "time" : "20140603T161148-0700"
      }, {
        "lat" : 37.865819824,
        "lon" : -122.2673664182,
        "time" : "20140603T161212-0700"
      }, {
        "lat" : 37.8658182944,
        "lon" : -122.2673757117,
        "time" : "20140603T161231-0700"
      }, {
        "lat" : 37.8658263664,
        "lon" : -122.2673579567,
        "time" : "20140603T161250-0700"
      }, {
        "lat" : 37.8659343433,
        "lon" : -122.266447911,
        "time" : "20140603T161318-0700"
      }, {
        "lat" : 37.8660041817,
        "lon" : -122.2656480009,
        "time" : "20140603T161336-0700"
      }, {
        "lat" : 37.8661096438,
        "lon" : -122.2649559515,
        "time" : "20140603T161352-0700"
      }, {
        "lat" : 37.8663545268,
        "lon" : -122.2635119113,
        "time" : "20140603T161426-0700"
      } ]
    }, {
      "activity" : "transport",
      "group" : "transport",
      "manual" : false,
      "startTime" : "20140603T161426-0700",
      "endTime" : "20140603T161956-0700",
      "duration" : 330.0,
      "distance" : 1027.0,
      "trackPoints" : [ {
        "lat" : 37.8663545268,
        "lon" : -122.2635119113,
        "time" : "20140603T161426-0700"
      }, {
        "lat" : 37.8665920706,
        "lon" : -122.2621028943,
        "time" : "20140603T161456-0700"
      }, {
        "lat" : 37.8666821737,
        "lon" : -122.2612764654,
        "time" : "20140603T161520-0700"
      }, {
        "lat" : 37.8667895445,
        "lon" : -122.2606772617,
        "time" : "20140603T161536-0700"
      }, {
        "lat" : 37.8669083445,
        "lon" : -122.2595600459,
        "time" : "20140603T161559-0700"
      }, {
        "lat" : 37.8670797299,
        "lon" : -122.2589396872,
        "time" : "20140603T161618-0700"
      }, {
        "lat" : 37.8674728807,
        "lon" : -122.2589433381,
        "time" : "20140603T161634-0700"
      }, {
        "lat" : 37.8682186132,
        "lon" : -122.2591913716,
        "time" : "20140603T161700-0700"
      }, {
        "lat" : 37.8688988897,
        "lon" : -122.2590553382,
        "time" : "20140603T161722-0700"
      }, {
        "lat" : 37.8689114127,
        "lon" : -122.2583817058,
        "time" : "20140603T161738-0700"
      }, {
        "lat" : 37.8692473091,
        "lon" : -122.2584475418,
        "time" : "20140603T161756-0700"
      }, {
        "lat" : 37.8702774856,
        "lon" : -122.2584447821,
        "time" : "20140603T161825-0700"
      }, {
        "lat" : 37.8707492931,
        "lon" : -122.2581540685,
        "time" : "20140603T161846-0700"
      }, {
        "lat" : 37.8712091355,
        "lon" : -122.2583150461,
        "time" : "20140603T161905-0700"
      }, {
        "lat" : 37.8712094126,
        "lon" : -122.2583154902,
        "time" : "20140603T161940-0700"
      }, {
        "lat" : 37.8712101725,
        "lon" : -122.2583181638,
        "time" : "20140603T161956-0700"
      } ]
    }, {
      "activity" : "walking",
      "group" : "walking",
      "manual" : false,
      "startTime" : "20140603T161956-0700",
      "endTime" : "20140603T162204-0700",
      "duration" : 128.0,
      "distance" : 103.0,
      "steps" : 207,
      "trackPoints" : [ {
        "lat" : 37.8712101725,
        "lon" : -122.2583181638,
        "time" : "20140603T161956-0700"
      }, {
        "lat" : 37.8712063124,
        "lon" : -122.2583195527,
        "time" : "20140603T162050-0700"
      }, {
        "lat" : 37.8712512704,
        "lon" : -122.2583427356,
        "time" : "20140603T162108-0700"
      }, {
        "lat" : 37.8713222133,
        "lon" : -122.2583778009,
        "time" : "20140603T162132-0700"
      }, {
        "lat" : 37.8715164452,
        "lon" : -122.2584407974,
        "time" : "20140603T162205-0700"
      } ]
    } ],
    "lastUpdate" : "20140604T004605Z"
  }, {
    "type" : "place",
    "startTime" : "20140603T162205-0700",
    "endTime" : "20140603T210143-0700",
    "place" : {
      "id" : 72412230,
      "name" : "School of Information",
      "type" : "foursquare",
      "foursquareId" : "4f184661e4b0b34551aaa7cb",
      "foursquareCategoryIds" : [ "4bf58dd8d48988d19f941735" ],
      "location" : {
        "lat" : 37.87135752021174,
        "lon" : -122.2584125748343
      }
    },
    "activities" : [ {
      "activity" : "walking",
      "group" : "walking",
      "manual" : false,
      "startTime" : "20140603T171640-0700",
      "endTime" : "20140603T172010-0700",
      "duration" : 210.0,
      "distance" : 236.0,
      "steps" : 315,
      "trackPoints" : [ ]
    }, {
      "activity" : "walking",
      "group" : "walking",
      "manual" : false,
      "startTime" : "20140603T190743-0700",
      "endTime" : "20140603T191013-0700",
      "duration" : 150.0,
      "distance" : 191.0,
      "steps" : 254,
      "trackPoints" : [ ]
    }, {
      "activity" : "walking",
      "group" : "walking",
      "manual" : false,
      "startTime" : "20140603T205905-0700",
      "endTime" : "20140603T210036-0700",
      "duration" : 91.0,
      "distance" : 86.0,
      "steps" : 172,
      "trackPoints" : [ ]
    } ],
    "lastUpdate" : "20140605T055803Z"
  }, {
    "type" : "move",
    "startTime" : "20140603T210143-0700",
    "endTime" : "20140603T210638-0700",
    "activities" : [ {
      "activity" : "transport",
      "group" : "transport",
      "manual" : false,
      "startTime" : "20140603T210143-0700",
      "endTime" : "20140603T210435-0700",
      "duration" : 172.0,
      "distance" : 579.0,
      "trackPoints" : [ {
        "lat" : 37.8715164452,
        "lon" : -122.2584407974,
        "time" : "20140603T210143-0700"
      }, {
        "lat" : 37.8699964639,
        "lon" : -122.2596660321,
        "time" : "20140603T210217-0700"
      }, {
        "lat" : 37.8693289817,
        "lon" : -122.2615215473,
        "time" : "20140603T210259-0700"
      }, {
        "lat" : 37.8686552264,
        "lon" : -122.2619524459,
        "time" : "20140603T210323-0700"
      }, {
        "lat" : 37.8686175223,
        "lon" : -122.2623329164,
        "time" : "20140603T210349-0700"
      }, {
        "lat" : 37.8686132179,
        "lon" : -122.2623591568,
        "time" : "20140603T210416-0700"
      }, {
        "lat" : 37.8686560079,
        "lon" : -122.2623922699,
        "time" : "20140603T210435-0700"
      } ]
    }, {
      "activity" : "walking",
      "group" : "walking",
      "manual" : false,
      "startTime" : "20140603T210435-0700",
      "endTime" : "20140603T210638-0700",
      "duration" : 123.0,
      "distance" : 109.0,
      "steps" : 219,
      "trackPoints" : [ {
        "lat" : 37.8686560079,
        "lon" : -122.2623922699,
        "time" : "20140603T210435-0700"
      }, {
        "lat" : 37.868701958,
        "lon" : -122.26243174,
        "time" : "20140603T210453-0700"
      }, {
        "lat" : 37.8691240931,
        "lon" : -122.2624533427,
        "time" : "20140603T210552-0700"
      }, {
        "lat" : 37.8692935561,
        "lon" : -122.2624230339,
        "time" : "20140603T210609-0700"
      }, {
        "lat" : 37.8694320694,
        "lon" : -122.2621601505,
        "time" : "20140603T210638-0700"
      } ]
    } ],
    "lastUpdate" : "20140604T055556Z"
  }, {
    "type" : "place",
    "startTime" : "20140603T210638-0700",
    "endTime" : "20140603T225918-0700",
    "place" : {
      "id" : 72458029,
      "name" : "Recreational Sports Facility (RSF)",
      "type" : "foursquare",
      "foursquareId" : "4a68deb9f964a52028cb1fe3",
      "foursquareCategoryIds" : [ "4bf58dd8d48988d1b2941735" ],
      "location" : {
        "lat" : 37.8686826907337,
        "lon" : -122.262618027927
      }
    },
    "activities" : [ {
      "activity" : "walking",
      "group" : "walking",
      "manual" : false,
      "startTime" : "20140603T225346-0700",
      "endTime" : "20140603T225646-0700",
      "duration" : 180.0,
      "distance" : 244.0,
      "steps" : 326,
      "trackPoints" : [ ]
    } ],
    "lastUpdate" : "20140605T055742Z"
  }, {
    "type" : "move",
    "startTime" : "20140603T225918-0700",
    "endTime" : "20140603T230417-0700",
    "activities" : [ {
      "activity" : "transport",
      "group" : "transport",
      "manual" : false,
      "startTime" : "20140603T225918-0700",
      "endTime" : "20140603T230147-0700",
      "duration" : 149.0,
      "distance" : 602.0,
      "trackPoints" : [ {
        "lat" : 37.8694320694,
        "lon" : -122.2621601505,
        "time" : "20140603T225918-0700"
      }, {
        "lat" : 37.8686908111,
        "lon" : -122.2634913555,
        "time" : "20140603T225959-0700"
      }, {
        "lat" : 37.8686906335,
        "lon" : -122.2634916745,
        "time" : "20140603T230000-0700"
      }, {
        "lat" : 37.8680227253,
        "lon" : -122.2646911522,
        "time" : "20140603T230037-0700"
      }, {
        "lat" : 37.8684042655,
        "lon" : -122.2660053459,
        "time" : "20140603T230056-0700"
      }, {
        "lat" : 37.868979702,
        "lon" : -122.2662689473,
        "time" : "20140603T230115-0700"
      }, {
        "lat" : 37.8694480301,
        "lon" : -122.2664099468,
        "time" : "20140603T230131-0700"
      }, {
        "lat" : 37.8695444793,
        "lon" : -122.2667627063,
        "time" : "20140603T230147-0700"
      } ]
    }, {
      "activity" : "cycling",
      "group" : "cycling",
      "manual" : false,
      "startTime" : "20140603T230147-0700",
      "endTime" : "20140603T230417-0700",
      "duration" : 150.0,
      "distance" : 512.0,
      "trackPoints" : [ {
        "lat" : 37.8695444793,
        "lon" : -122.2667627063,
        "time" : "20140603T230147-0700"
      }, {
        "lat" : 37.8695025568,
        "lon" : -122.2676270564,
        "time" : "20140603T230203-0700"
      }, {
        "lat" : 37.8709046005,
        "lon" : -122.2678903778,
        "time" : "20140603T230245-0700"
      }, {
        "lat" : 37.8715682134,
        "lon" : -122.2679063293,
        "time" : "20140603T230311-0700"
      }, {
        "lat" : 37.8720896874,
        "lon" : -122.2681599638,
        "time" : "20140603T230343-0700"
      }, {
        "lat" : 37.8727713077,
        "lon" : -122.2686092951,
        "time" : "20140603T230417-0700"
      } ]
    } ],
    "lastUpdate" : "20140604T082052Z"
  }, {
    "type" : "place",
    "startTime" : "20140603T230417-0700",
    "endTime" : "20140603T234900-0700",
    "place" : {
      "id" : 72483000,
      "name" : "Bangkok Noodles & Thai BBQ",
      "type" : "foursquare",
      "foursquareId" : "4c68398f73851b8d0e02ba39",
      "foursquareCategoryIds" : [ "4bf58dd8d48988d149941735" ],
      "location" : {
        "lat" : 37.872681,
        "lon" : -122.268581
      }
    },
    "activities" : [ {
      "activity" : "walking",
      "group" : "walking",
      "manual" : false,
      "startTime" : "20140603T230417-0700",
      "endTime" : "20140603T230447-0700",
      "duration" : 30.0,
      "distance" : 30.0,
      "steps" : 61,
      "trackPoints" : [ ]
    } ],
    "lastUpdate" : "20140605T055749Z"
  }, {
    "type" : "move",
    "startTime" : "20140603T234900-0700",
    "endTime" : "20140603T235340-0700",
    "activities" : [ {
      "activity" : "cycling",
      "group" : "cycling",
      "manual" : false,
      "startTime" : "20140603T234900-0700",
      "endTime" : "20140603T235340-0700",
      "duration" : 280.0,
      "distance" : 1991.0,
      "trackPoints" : [ {
        "lat" : 37.8727713077,
        "lon" : -122.2686092951,
        "time" : "20140603T234900-0700"
      }, {
        "lat" : 37.8722210973,
        "lon" : -122.2688123536,
        "time" : "20140603T234923-0700"
      }, {
        "lat" : 37.8719372917,
        "lon" : -122.2699719921,
        "time" : "20140603T234947-0700"
      }, {
        "lat" : 37.8710559151,
        "lon" : -122.277136032,
        "time" : "20140603T235101-0700"
      }, {
        "lat" : 37.8707242481,
        "lon" : -122.2796024074,
        "time" : "20140603T235126-0700"
      }, {
        "lat" : 37.8703777881,
        "lon" : -122.2811067551,
        "time" : "20140603T235143-0700"
      }, {
        "lat" : 37.8682797395,
        "lon" : -122.2818343905,
        "time" : "20140603T235214-0700"
      }, {
        "lat" : 37.8667244778,
        "lon" : -122.281616782,
        "time" : "20140603T235236-0700"
      }, {
        "lat" : 37.865398749,
        "lon" : -122.282179457,
        "time" : "20140603T235311-0700"
      }, {
        "lat" : 37.8651493645,
        "lon" : -122.282029798,
        "time" : "20140603T235340-0700"
      } ]
    } ],
    "lastUpdate" : "20140604T100624Z"
  }, {
    "type" : "place",
    "startTime" : "20140603T235340-0700",
    "endTime" : "20140604T152113-0700",
    "place" : {
      "id" : 72187887,
      "name" : "Home",
      "type" : "home",
      "location" : {
        "lat" : 37.8651493645,
        "lon" : -122.282029798
      }
    },
    "activities" : [ {
      "activity" : "walking",
      "group" : "walking",
      "manual" : false,
      "startTime" : "20140603T235437-0700",
      "endTime" : "20140603T235507-0700",
      "duration" : 30.0,
      "distance" : 20.0,
      "steps" : 41,
      "trackPoints" : [ ]
    } ],
    "lastUpdate" : "20140605T055655Z"
  } ],
  "lastUpdate" : "20140605T055851Z"
} ]