[ {
  "date" : "20140604",
  "summary" : [ {
    "activity" : "walking",
    "group" : "walking",
    "duration" : 1222.0,
    "distance" : 1017.0,
    "steps" : 1512
  }, {
    "activity" : "cycling",
    "group" : "cycling",
    "duration" : 731.0,
    "distance" : 4102.0
  }, {
    "activity" : "transport",
    "group" : "transport",
    "duration" : 3068.0,
    "distance" : 16711.0
  } ],
  "segments" : [ {
    "type" : "place",
    "startTime" : "20140603T235340-0700",
    "endTime" : "20140604T152113-0700",
    "place" : {
      "id" : 72187887,
      "name" : "Home",
      "type" : "home",
      "location" : {
        "lat" : 37.8651493645,
        "lon" : -122.282029798
      }
    },
    "activities" : [ {
      "activity" : "walking",
      "group" : "walking",
      "manual" : false,
      "startTime" : "20140604T002843-0700",
      "endTime" : "20140604T002913-0700",
      "duration" : 30.0,
      "distance" : 15.0,
      "steps" : 30,
      "trackPoints" : [ ]
    }, {
      "activity" : "walking",
      "group" : "walking",
      "manual" : false,
      "startTime" : "20140604T012133-0700",
      "endTime" : "20140604T012203-0700",
      "duration" : 30.0,
      "distance" : 15.0,
      "steps" : 30,
      "trackPoints" : [ ]
    }, {
      "activity" : "walking",
      "group" : "walking",
      "manual" : false,
      "startTime" : "20140604T142452-0700",
      "endTime" : "20140604T142522-0700",
      "duration" : 30.0,
      "distance" : 20.0,
      "steps" : 41,
      "trackPoints" : [ ]
    }, {
      "activity" : "walking",
      "group" : "walking",
      "manual" : false,
      "startTime" : "20140604T150529-0700",
      "endTime" : "20140604T150749-0700",
      "duration" : 140.0,
      "distance" : 134.0,
      "steps" : 179,
      "trackPoints" : [ ]
    } ],
    "lastUpdate" : "20140605T055655Z"
  }, {
    "type" : "move",
    "startTime" : "20140604T152113-0700",
    "endTime" : "20140604T161200-0700",
    "activities" : [ {
      "activity" : "cycling",
      "group" : "cycling",
      "manual" : false,
      "startTime" : "20140604T152113-0700",
      "endTime" : "20140604T153324-0700",
      "duration" : 731.0,
      "distance" : 4102.0,
      "trackPoints" : [ {
        "lat" : 37.8651493645,
        "lon" : -122.282029798,
        "time" : "20140604T152113-0700"
      }, {
        "lat" : 37.8653011297,
        "lon" : -122.2825414558,
        "time" : "20140604T152200-0700"
      }, {
        "lat" : 37.8655750147,
        "lon" : -122.282799952,
        "time" : "20140604T152223-0700"
      }, {
        "lat" : 37.8653528262,
        "lon" : -122.2841120341,
        "time" : "20140604T152247-0700"
      }, {
        "lat" : 37.8652332371,
        "lon" : -122.2860843495,
        "time" : "20140604T152310-0700"
      }, {
        "lat" : 37.8649975841,
        "lon" : -122.2875313434,
        "time" : "20140604T152333-0700"
      }, {
        "lat" : 37.8648328486,
        "lon" : -122.288619706,
        "time" : "20140604T152349-0700"
      }, {
        "lat" : 37.8647191087,
        "lon" : -122.2906939966,
        "time" : "20140604T152422-0700"
      }, {
        "lat" : 37.8644740955,
        "lon" : -122.2917830292,
        "time" : "20140604T152441-0700"
      }, {
        "lat" : 37.8642374836,
        "lon" : -122.2930268613,
        "time" : "20140604T152457-0700"
      }, {
        "lat" : 37.8639240289,
        "lon" : -122.2941422587,
        "time" : "20140604T152516-0700"
      }, {
        "lat" : 37.8638708589,
        "lon" : -122.2962005692,
        "time" : "20140604T152551-0700"
      }, {
        "lat" : 37.864854746,
        "lon" : -122.2966812928,
        "time" : "20140604T152612-0700"
      }, {
        "lat" : 37.8657599268,
        "lon" : -122.2970181538,
        "time" : "20140604T152631-0700"
      }, {
        "lat" : 37.8669967924,
        "lon" : -122.2974339297,
        "time" : "20140604T152654-0700"
      }, {
        "lat" : 37.8681736025,
        "lon" : -122.2978167524,
        "time" : "20140604T152715-0700"
      }, {
        "lat" : 37.8697583871,
        "lon" : -122.2983628182,
        "time" : "20140604T152751-0700"
      }, {
        "lat" : 37.8710523204,
        "lon" : -122.2986794915,
        "time" : "20140604T152814-0700"
      }, {
        "lat" : 37.8722218966,
        "lon" : -122.2990573734,
        "time" : "20140604T152832-0700"
      }, {
        "lat" : 37.8736783789,
        "lon" : -122.2994328732,
        "time" : "20140604T152857-0700"
      }, {
        "lat" : 37.8741374528,
        "lon" : -122.2995743851,
        "time" : "20140604T152916-0700"
      }, {
        "lat" : 37.8745457862,
        "lon" : -122.2997240877,
        "time" : "20140604T152939-0700"
      }, {
        "lat" : 37.8756018049,
        "lon" : -122.300164873,
        "time" : "20140604T153001-0700"
      }, {
        "lat" : 37.8765413899,
        "lon" : -122.300528312,
        "time" : "20140604T153019-0700"
      }, {
        "lat" : 37.8775856788,
        "lon" : -122.3008283993,
        "time" : "20140604T153036-0700"
      }, {
        "lat" : 37.8786753616,
        "lon" : -122.301221013,
        "time" : "20140604T153056-0700"
      }, {
        "lat" : 37.8796679756,
        "lon" : -122.3015602127,
        "time" : "20140604T153115-0700"
      }, {
        "lat" : 37.8813883025,
        "lon" : -122.3020059313,
        "time" : "20140604T153143-0700"
      }, {
        "lat" : 37.8825528542,
        "lon" : -122.3024141497,
        "time" : "20140604T153200-0700"
      }, {
        "lat" : 37.8829668866,
        "lon" : -122.3029937938,
        "time" : "20140604T153222-0700"
      }, {
        "lat" : 37.8832774187,
        "lon" : -122.3037489603,
        "time" : "20140604T153239-0700"
      }, {
        "lat" : 37.8831420221,
        "lon" : -122.3048219123,
        "time" : "20140604T153258-0700"
      }, {
        "lat" : 37.8837867752,
        "lon" : -122.3048917862,
        "time" : "20140604T153324-0700"
      } ]
    }, {
      "activity" : "transport",
      "group" : "transport",
      "manual" : false,
      "startTime" : "20140604T153324-0700",
      "endTime" : "20140604T161200-0700",
      "duration" : 2316.0,
      "distance" : 12319.0,
      "trackPoints" : [ {
        "lat" : 37.8837867752,
        "lon" : -122.3048917862,
        "time" : "20140604T153324-0700"
      }, {
        "lat" : 37.8839500175,
        "lon" : -122.3048553813,
        "time" : "20140604T153339-0700"
      }, {
        "lat" : 37.8839139622,
        "lon" : -122.3048878548,
        "time" : "20140604T153402-0700"
      }, {
        "lat" : 37.8839069315,
        "lon" : -122.3048740732,
        "time" : "20140604T153427-0700"
      }, {
        "lat" : 37.8839002528,
        "lon" : -122.3048674095,
        "time" : "20140604T153450-0700"
      }, {
        "lat" : 37.8838886824,
        "lon" : -122.3048673846,
        "time" : "20140604T153513-0700"
      }, {
        "lat" : 37.8838765389,
        "lon" : -122.304868875,
        "time" : "20140604T153533-0700"
      }, {
        "lat" : 37.8838664013,
        "lon" : -122.3048751128,
        "time" : "20140604T153555-0700"
      }, {
        "lat" : 37.8838731594,
        "lon" : -122.3048985259,
        "time" : "20140604T153616-0700"
      }, {
        "lat" : 37.8838606232,
        "lon" : -122.3049271163,
        "time" : "20140604T153641-0700"
      }, {
        "lat" : 37.8838206085,
        "lon" : -122.3049397854,
        "time" : "20140604T153701-0700"
      }, {
        "lat" : 37.8838162987,
        "lon" : -122.3049371512,
        "time" : "20140604T153718-0700"
      }, {
        "lat" : 37.8838124542,
        "lon" : -122.3049345446,
        "time" : "20140604T153737-0700"
      }, {
        "lat" : 37.8838055292,
        "lon" : -122.3049364368,
        "time" : "20140604T153803-0700"
      }, {
        "lat" : 37.8837962135,
        "lon" : -122.3049410047,
        "time" : "20140604T153822-0700"
      }, {
        "lat" : 37.8837820251,
        "lon" : -122.3049422814,
        "time" : "20140604T153846-0700"
      }, {
        "lat" : 37.8837875302,
        "lon" : -122.3049632868,
        "time" : "20140604T153911-0700"
      }, {
        "lat" : 37.8837839956,
        "lon" : -122.3049714422,
        "time" : "20140604T153929-0700"
      }, {
        "lat" : 37.8837838515,
        "lon" : -122.304972592,
        "time" : "20140604T153948-0700"
      }, {
        "lat" : 37.8837738231,
        "lon" : -122.3050105811,
        "time" : "20140604T154009-0700"
      }, {
        "lat" : 37.8830859835,
        "lon" : -122.3048050114,
        "time" : "20140604T154033-0700"
      }, {
        "lat" : 37.8832147397,
        "lon" : -122.3035842447,
        "time" : "20140604T154057-0700"
      }, {
        "lat" : 37.8830390357,
        "lon" : -122.3026686044,
        "time" : "20140604T154116-0700"
      }, {
        "lat" : 37.8820939482,
        "lon" : -122.302190257,
        "time" : "20140604T154139-0700"
      }, {
        "lat" : 37.8811563616,
        "lon" : -122.3019090759,
        "time" : "20140604T154157-0700"
      }, {
        "lat" : 37.8797027139,
        "lon" : -122.3014494399,
        "time" : "20140604T154224-0700"
      }, {
        "lat" : 37.8794786219,
        "lon" : -122.3013805262,
        "time" : "20140604T154242-0700"
      }, {
        "lat" : 37.879022737,
        "lon" : -122.3029966283,
        "time" : "20140604T154258-0700"
      }, {
        "lat" : 37.8785899964,
        "lon" : -122.3051535165,
        "time" : "20140604T154317-0700"
      }, {
        "lat" : 37.8783934712,
        "lon" : -122.3061310081,
        "time" : "20140604T154334-0700"
      }, {
        "lat" : 37.8788495087,
        "lon" : -122.3070191885,
        "time" : "20140604T154350-0700"
      }, {
        "lat" : 37.8819653731,
        "lon" : -122.3078856123,
        "time" : "20140604T154410-0700"
      }, {
        "lat" : 37.8849400702,
        "lon" : -122.3087087005,
        "time" : "20140604T154426-0700"
      }, {
        "lat" : 37.8880339736,
        "lon" : -122.3088828123,
        "time" : "20140604T154443-0700"
      }, {
        "lat" : 37.8893596773,
        "lon" : -122.3084031476,
        "time" : "20140604T154458-0700"
      }, {
        "lat" : 37.8898621444,
        "lon" : -122.3081576379,
        "time" : "20140604T154515-0700"
      }, {
        "lat" : 37.8905540558,
        "lon" : -122.3078151883,
        "time" : "20140604T154533-0700"
      }, {
        "lat" : 37.8917497622,
        "lon" : -122.3073934556,
        "time" : "20140604T154558-0700"
      }, {
        "lat" : 37.892136296,
        "lon" : -122.3073438968,
        "time" : "20140604T154613-0700"
      }, {
        "lat" : 37.8927816943,
        "lon" : -122.3073075642,
        "time" : "20140604T154633-0700"
      }, {
        "lat" : 37.8938560363,
        "lon" : -122.3075047522,
        "time" : "20140604T154701-0700"
      }, {
        "lat" : 37.8940585076,
        "lon" : -122.3075770781,
        "time" : "20140604T154718-0700"
      }, {
        "lat" : 37.8949065682,
        "lon" : -122.3079160437,
        "time" : "20140604T154743-0700"
      }, {
        "lat" : 37.8960674082,
        "lon" : -122.3083892559,
        "time" : "20140604T154759-0700"
      }, {
        "lat" : 37.897428473,
        "lon" : -122.308946387,
        "time" : "20140604T154814-0700"
      }, {
        "lat" : 37.8999000761,
        "lon" : -122.3097853462,
        "time" : "20140604T154833-0700"
      }, {
        "lat" : 37.9008328357,
        "lon" : -122.3103378471,
        "time" : "20140604T154851-0700"
      }, {
        "lat" : 37.9010579372,
        "lon" : -122.3098846225,
        "time" : "20140604T154914-0700"
      }, {
        "lat" : 37.9014018484,
        "lon" : -122.3077941562,
        "time" : "20140604T154931-0700"
      }, {
        "lat" : 37.9018712656,
        "lon" : -122.3049229104,
        "time" : "20140604T154951-0700"
      }, {
        "lat" : 37.9020658419,
        "lon" : -122.3035948488,
        "time" : "20140604T155013-0700"
      }, {
        "lat" : 37.9020699028,
        "lon" : -122.303579514,
        "time" : "20140604T155030-0700"
      }, {
        "lat" : 37.9020708983,
        "lon" : -122.3035760176,
        "time" : "20140604T155048-0700"
      }, {
        "lat" : 37.9020769747,
        "lon" : -122.3035547525,
        "time" : "20140604T155104-0700"
      }, {
        "lat" : 37.9026096565,
        "lon" : -122.3020294879,
        "time" : "20140604T155121-0700"
      }, {
        "lat" : 37.9031410456,
        "lon" : -122.3000393854,
        "time" : "20140604T155138-0700"
      }, {
        "lat" : 37.9036684539,
        "lon" : -122.2984178463,
        "time" : "20140604T155158-0700"
      }, {
        "lat" : 37.9043278246,
        "lon" : -122.2961999834,
        "time" : "20140604T155215-0700"
      }, {
        "lat" : 37.9048663492,
        "lon" : -122.2943865442,
        "time" : "20140604T155235-0700"
      }, {
        "lat" : 37.9063328011,
        "lon" : -122.2947756776,
        "time" : "20140604T155251-0700"
      }, {
        "lat" : 37.9077260961,
        "lon" : -122.2954073003,
        "time" : "20140604T155309-0700"
      }, {
        "lat" : 37.9083080553,
        "lon" : -122.2959190042,
        "time" : "20140604T155327-0700"
      }, {
        "lat" : 37.9090684528,
        "lon" : -122.2953899576,
        "time" : "20140604T155347-0700"
      }, {
        "lat" : 37.9092054071,
        "lon" : -122.2955662346,
        "time" : "20140604T155403-0700"
      }, {
        "lat" : 37.9092513535,
        "lon" : -122.2955792857,
        "time" : "20140604T155420-0700"
      }, {
        "lat" : 37.9092940629,
        "lon" : -122.2955730341,
        "time" : "20140604T155449-0700"
      }, {
        "lat" : 37.9093016656,
        "lon" : -122.2955762118,
        "time" : "20140604T155509-0700"
      }, {
        "lat" : 37.9093194851,
        "lon" : -122.2956090612,
        "time" : "20140604T155527-0700"
      }, {
        "lat" : 37.9096201602,
        "lon" : -122.296111974,
        "time" : "20140604T155543-0700"
      }, {
        "lat" : 37.9101825928,
        "lon" : -122.2968548734,
        "time" : "20140604T155559-0700"
      }, {
        "lat" : 37.9110153342,
        "lon" : -122.2957576437,
        "time" : "20140604T155617-0700"
      }, {
        "lat" : 37.9104213471,
        "lon" : -122.2949032731,
        "time" : "20140604T155634-0700"
      }, {
        "lat" : 37.9100584737,
        "lon" : -122.2936591666,
        "time" : "20140604T155649-0700"
      }, {
        "lat" : 37.9089457141,
        "lon" : -122.2934070936,
        "time" : "20140604T155705-0700"
      }, {
        "lat" : 37.9062415087,
        "lon" : -122.2921790072,
        "time" : "20140604T155732-0700"
      }, {
        "lat" : 37.904468603,
        "lon" : -122.2913172217,
        "time" : "20140604T155753-0700"
      }, {
        "lat" : 37.9043402618,
        "lon" : -122.2911696393,
        "time" : "20140604T155808-0700"
      }, {
        "lat" : 37.9043279593,
        "lon" : -122.2911553704,
        "time" : "20140604T155830-0700"
      }, {
        "lat" : 37.9042987391,
        "lon" : -122.2911275882,
        "time" : "20140604T155848-0700"
      }, {
        "lat" : 37.9038141216,
        "lon" : -122.2904745237,
        "time" : "20140604T155904-0700"
      }, {
        "lat" : 37.9032800905,
        "lon" : -122.2885936881,
        "time" : "20140604T155921-0700"
      }, {
        "lat" : 37.9012756847,
        "lon" : -122.2884564382,
        "time" : "20140604T155937-0700"
      }, {
        "lat" : 37.8999930782,
        "lon" : -122.287633486,
        "time" : "20140604T155959-0700"
      }, {
        "lat" : 37.8999925126,
        "lon" : -122.287633123,
        "time" : "20140604T160000-0700"
      }, {
        "lat" : 37.8997428222,
        "lon" : -122.2874729154,
        "time" : "20140604T160004-0700"
      }, {
        "lat" : 37.8990513377,
        "lon" : -122.286054643,
        "time" : "20140604T160033-0700"
      }, {
        "lat" : 37.8966821769,
        "lon" : -122.2853176994,
        "time" : "20140604T160059-0700"
      }, {
        "lat" : 37.8956602342,
        "lon" : -122.2841143966,
        "time" : "20140604T160115-0700"
      }, {
        "lat" : 37.8943196359,
        "lon" : -122.2819093924,
        "time" : "20140604T160136-0700"
      }, {
        "lat" : 37.8932839446,
        "lon" : -122.2804214042,
        "time" : "20140604T160151-0700"
      }, {
        "lat" : 37.8918686026,
        "lon" : -122.2799658813,
        "time" : "20140604T160207-0700"
      }, {
        "lat" : 37.8912872784,
        "lon" : -122.279258878,
        "time" : "20140604T160223-0700"
      }, {
        "lat" : 37.8898078376,
        "lon" : -122.2789670297,
        "time" : "20140604T160245-0700"
      }, {
        "lat" : 37.8897880091,
        "lon" : -122.2789555674,
        "time" : "20140604T160307-0700"
      }, {
        "lat" : 37.8882258154,
        "lon" : -122.2785807168,
        "time" : "20140604T160333-0700"
      }, {
        "lat" : 37.8872133975,
        "lon" : -122.2785530854,
        "time" : "20140604T160349-0700"
      }, {
        "lat" : 37.8856285455,
        "lon" : -122.2805920503,
        "time" : "20140604T160410-0700"
      }, {
        "lat" : 37.8849217463,
        "lon" : -122.281147599,
        "time" : "20140604T160429-0700"
      }, {
        "lat" : 37.8818968796,
        "lon" : -122.2820917032,
        "time" : "20140604T160500-0700"
      }, {
        "lat" : 37.8815217074,
        "lon" : -122.282357824,
        "time" : "20140604T160522-0700"
      }, {
        "lat" : 37.881474167,
        "lon" : -122.2824469953,
        "time" : "20140604T160538-0700"
      }, {
        "lat" : 37.8812921388,
        "lon" : -122.2828543795,
        "time" : "20140604T160607-0700"
      }, {
        "lat" : 37.881300091,
        "lon" : -122.2828843668,
        "time" : "20140604T160627-0700"
      }, {
        "lat" : 37.8813007215,
        "lon" : -122.2828868698,
        "time" : "20140604T160644-0700"
      }, {
        "lat" : 37.8812941037,
        "lon" : -122.2829000152,
        "time" : "20140604T160703-0700"
      }, {
        "lat" : 37.8809603361,
        "lon" : -122.2832704687,
        "time" : "20140604T160719-0700"
      }, {
        "lat" : 37.8793876022,
        "lon" : -122.2830921772,
        "time" : "20140604T160735-0700"
      }, {
        "lat" : 37.8776425548,
        "lon" : -122.2828310514,
        "time" : "20140604T160751-0700"
      }, {
        "lat" : 37.8770076695,
        "lon" : -122.2827760485,
        "time" : "20140604T160807-0700"
      }, {
        "lat" : 37.8756523953,
        "lon" : -122.2826044552,
        "time" : "20140604T160830-0700"
      }, {
        "lat" : 37.8742217294,
        "lon" : -122.2826524647,
        "time" : "20140604T160848-0700"
      }, {
        "lat" : 37.8737886969,
        "lon" : -122.2825128839,
        "time" : "20140604T160904-0700"
      }, {
        "lat" : 37.872465068,
        "lon" : -122.2820016952,
        "time" : "20140604T160929-0700"
      }, {
        "lat" : 37.8717965217,
        "lon" : -122.2820692964,
        "time" : "20140604T160948-0700"
      }, {
        "lat" : 37.8687151346,
        "lon" : -122.281834698,
        "time" : "20140604T161021-0700"
      }, {
        "lat" : 37.8679296324,
        "lon" : -122.2817402144,
        "time" : "20140604T161037-0700"
      }, {
        "lat" : 37.8659259856,
        "lon" : -122.2817315133,
        "time" : "20140604T161116-0700"
      }, {
        "lat" : 37.8649926266,
        "lon" : -122.2825779003,
        "time" : "20140604T161145-0700"
      }, {
        "lat" : 37.8651493645,
        "lon" : -122.282029798,
        "time" : "20140604T161200-0700"
      } ]
    } ],
    "lastUpdate" : "20140605T034546Z"
  }, {
    "type" : "place",
    "startTime" : "20140604T161200-0700",
    "endTime" : "20140604T171150-0700",
    "place" : {
      "id" : 72187887,
      "name" : "Home",
      "type" : "home",
      "location" : {
        "lat" : 37.8651493645,
        "lon" : -122.282029798
      }
    },
    "activities" : [ {
      "activity" : "walking",
      "group" : "walking",
      "manual" : false,
      "startTime" : "20140604T161253-0700",
      "endTime" : "20140604T161323-0700",
      "duration" : 30.0,
      "distance" : 30.0,
      "steps" : 60,
      "trackPoints" : [ ]
    } ],
    "lastUpdate" : "20140605T055655Z"
  }, {
    "type" : "move",
    "startTime" : "20140604T171150-0700",
    "endTime" : "20140604T171758-0700",
    "activities" : [ {
      "activity" : "transport",
      "group" : "transport",
      "manual" : false,
      "startTime" : "20140604T171150-0700",
      "endTime" : "20140604T171759-0700",
      "duration" : 369.0,
      "distance" : 2173.0,
      "trackPoints" : [ {
        "lat" : 37.8651493645,
        "lon" : -122.282029798,
        "time" : "20140604T171150-0700"
      }, {
        "lat" : 37.8650790611,
        "lon" : -122.2823715646,
        "time" : "20140604T171258-0700"
      }, {
        "lat" : 37.8644977293,
        "lon" : -122.2824055483,
        "time" : "20140604T171325-0700"
      }, {
        "lat" : 37.8636115659,
        "lon" : -122.2840218788,
        "time" : "20140604T171400-0700"
      }, {
        "lat" : 37.8633839392,
        "lon" : -122.2858785429,
        "time" : "20140604T171426-0700"
      }, {
        "lat" : 37.8627598646,
        "lon" : -122.2881735834,
        "time" : "20140604T171503-0700"
      }, {
        "lat" : 37.8613079941,
        "lon" : -122.2882070082,
        "time" : "20140604T171526-0700"
      }, {
        "lat" : 37.860994895,
        "lon" : -122.2896228684,
        "time" : "20140604T171542-0700"
      }, {
        "lat" : 37.8590078978,
        "lon" : -122.2891579362,
        "time" : "20140604T171604-0700"
      }, {
        "lat" : 37.8567096976,
        "lon" : -122.2881868945,
        "time" : "20140604T171628-0700"
      }, {
        "lat" : 37.8548209412,
        "lon" : -122.2875232253,
        "time" : "20140604T171654-0700"
      }, {
        "lat" : 37.8533591204,
        "lon" : -122.2901023569,
        "time" : "20140604T171758-0700"
      } ]
    } ],
    "lastUpdate" : "20140605T034546Z"
  }, {
    "type" : "place",
    "startTime" : "20140604T171759-0700",
    "endTime" : "20140604T182208-0700",
    "place" : {
      "id" : 72753205,
      "name" : "Berkeley Bowl West",
      "type" : "foursquare",
      "foursquareId" : "4a2c53e1f964a5204d971fe3",
      "foursquareCategoryIds" : [ "4bf58dd8d48988d118951735" ],
      "location" : {
        "lat" : 37.85343161834265,
        "lon" : -122.2900965337171
      }
    },
    "activities" : [ {
      "activity" : "walking",
      "group" : "walking",
      "manual" : false,
      "startTime" : "20140604T171859-0700",
      "endTime" : "20140604T172759-0700",
      "duration" : 540.0,
      "distance" : 405.0,
      "steps" : 539,
      "trackPoints" : [ ]
    }, {
      "activity" : "walking",
      "group" : "walking",
      "manual" : false,
      "startTime" : "20140604T180430-0700",
      "endTime" : "20140604T180800-0700",
      "duration" : 210.0,
      "distance" : 229.0,
      "steps" : 305,
      "trackPoints" : [ ]
    } ],
    "lastUpdate" : "20140605T055722Z"
  }, {
    "type" : "move",
    "startTime" : "20140604T182208-0700",
    "endTime" : "20140604T183033-0700",
    "activities" : [ {
      "activity" : "transport",
      "group" : "transport",
      "manual" : false,
      "startTime" : "20140604T182208-0700",
      "endTime" : "20140604T182831-0700",
      "duration" : 383.0,
      "distance" : 2219.0,
      "trackPoints" : [ {
        "lat" : 37.8533591204,
        "lon" : -122.2901023569,
        "time" : "20140604T182208-0700"
      }, {
        "lat" : 37.8542949203,
        "lon" : -122.2883637131,
        "time" : "20140604T182231-0700"
      }, {
        "lat" : 37.8543664997,
        "lon" : -122.2874897043,
        "time" : "20140604T182254-0700"
      }, {
        "lat" : 37.8562155048,
        "lon" : -122.2879464748,
        "time" : "20140604T182317-0700"
      }, {
        "lat" : 37.8579694254,
        "lon" : -122.2886740783,
        "time" : "20140604T182337-0700"
      }, {
        "lat" : 37.8592569042,
        "lon" : -122.2889689592,
        "time" : "20140604T182355-0700"
      }, {
        "lat" : 37.8604963439,
        "lon" : -122.2893836787,
        "time" : "20140604T182414-0700"
      }, {
        "lat" : 37.8627905528,
        "lon" : -122.2897546413,
        "time" : "20140604T182450-0700"
      }, {
        "lat" : 37.8630820221,
        "lon" : -122.2885766231,
        "time" : "20140604T182507-0700"
      }, {
        "lat" : 37.863342084,
        "lon" : -122.2861309075,
        "time" : "20140604T182539-0700"
      }, {
        "lat" : 37.8636521082,
        "lon" : -122.2839405904,
        "time" : "20140604T182604-0700"
      }, {
        "lat" : 37.8638075195,
        "lon" : -122.2828879309,
        "time" : "20140604T182624-0700"
      }, {
        "lat" : 37.8650003226,
        "lon" : -122.2825193077,
        "time" : "20140604T182658-0700"
      }, {
        "lat" : 37.8651909859,
        "lon" : -122.282542574,
        "time" : "20140604T182713-0700"
      }, {
        "lat" : 37.8651908416,
        "lon" : -122.2824749819,
        "time" : "20140604T182729-0700"
      }, {
        "lat" : 37.8651908662,
        "lon" : -122.2824633925,
        "time" : "20140604T182747-0700"
      }, {
        "lat" : 37.8651900996,
        "lon" : -122.2824378427,
        "time" : "20140604T182804-0700"
      }, {
        "lat" : 37.8651879418,
        "lon" : -122.2823873959,
        "time" : "20140604T182831-0700"
      } ]
    }, {
      "activity" : "walking",
      "group" : "walking",
      "manual" : false,
      "startTime" : "20140604T182831-0700",
      "endTime" : "20140604T183033-0700",
      "duration" : 122.0,
      "distance" : 103.0,
      "steps" : 206,
      "trackPoints" : [ {
        "lat" : 37.8651879418,
        "lon" : -122.2823873959,
        "time" : "20140604T182831-0700"
      }, {
        "lat" : 37.8651839862,
        "lon" : -122.2823424291,
        "time" : "20140604T182856-0700"
      }, {
        "lat" : 37.8651828686,
        "lon" : -122.2822954813,
        "time" : "20140604T182921-0700"
      }, {
        "lat" : 37.8651781765,
        "lon" : -122.2822516206,
        "time" : "20140604T182947-0700"
      }, {
        "lat" : 37.865171947,
        "lon" : -122.2822639594,
        "time" : "20140604T183010-0700"
      }, {
        "lat" : 37.8651493645,
        "lon" : -122.282029798,
        "time" : "20140604T183033-0700"
      } ]
    } ],
    "lastUpdate" : "20140605T034546Z"
  }, {
    "type" : "place",
    "startTime" : "20140604T183033-0700",
    "endTime" : "20140604T225932-0700",
    "place" : {
      "id" : 72187887,
      "name" : "Home",
      "type" : "home",
      "location" : {
        "lat" : 37.8651493645,
        "lon" : -122.282029798
      }
    },
    "activities" : [ {
      "activity" : "walking",
      "group" : "walking",
      "manual" : false,
      "startTime" : "20140604T184132-0700",
      "endTime" : "20140604T184232-0700",
      "duration" : 60.0,
      "distance" : 51.0,
      "steps" : 102,
      "trackPoints" : [ ]
    }, {
      "activity" : "walking",
      "group" : "walking",
      "manual" : false,
      "startTime" : "20140604T222118-0700",
      "endTime" : "20140604T222148-0700",
      "duration" : 30.0,
      "distance" : 15.0,
      "steps" : 20,
      "trackPoints" : [ ]
    } ],
    "lastUpdate" : "20140605T055933Z"
  } ],
  "lastUpdate" : "20140605T055933Z"
} ]