[ {
  "date" : "20140621",
  "summary" : [ {
    "activity" : "walking",
    "group" : "walking",
    "duration" : 150.0,
    "distance" : 152.0,
    "steps" : 212
  }, {
    "activity" : "transport",
    "group" : "transport",
    "duration" : 5480.0,
    "distance" : 144796.0
  } ],
  "segments" : [ {
    "type" : "place",
    "startTime" : "20140621T093051-0700",
    "endTime" : "20140621T180027-0700",
    "place" : {
      "id" : 72187887,
      "name" : "Home",
      "type" : "home",
      "location" : {
        "lat" : 37.8651493645,
        "lon" : -122.282029798
      }
    },
    "activities" : [ {
      "activity" : "walking",
      "group" : "walking",
      "manual" : false,
      "startTime" : "20140621T093909-0700",
      "endTime" : "20140621T093939-0700",
      "duration" : 30.0,
      "distance" : 15.0,
      "steps" : 30,
      "trackPoints" : [ ]
    } ],
    "lastUpdate" : "20140622T113759Z"
  }, {
    "type" : "move",
    "startTime" : "20140621T180027-0700",
    "endTime" : "20140621T190458-0700",
    "activities" : [ {
      "activity" : "transport",
      "group" : "transport",
      "manual" : false,
      "startTime" : "20140621T180027-0700",
      "endTime" : "20140621T190458-0700",
      "duration" : 3871.0,
      "distance" : 91282.0,
      "trackPoints" : [ {
        "lat" : 37.8651493645,
        "lon" : -122.282029798,
        "time" : "20140621T180027-0700"
      }, {
        "lat" : 37.8635322443,
        "lon" : -122.2852042212,
        "time" : "20140621T180042-0700"
      }, {
        "lat" : 37.863375922,
        "lon" : -122.286208731,
        "time" : "20140621T180058-0700"
      }, {
        "lat" : 37.8631649043,
        "lon" : -122.2870901035,
        "time" : "20140621T180113-0700"
      }, {
        "lat" : 37.8629788702,
        "lon" : -122.2883927789,
        "time" : "20140621T180129-0700"
      }, {
        "lat" : 37.8630068114,
        "lon" : -122.2898047402,
        "time" : "20140621T180147-0700"
      }, {
        "lat" : 37.8646415176,
        "lon" : -122.2906932793,
        "time" : "20140621T180211-0700"
      }, {
        "lat" : 37.8672289909,
        "lon" : -122.2915178679,
        "time" : "20140621T180232-0700"
      }, {
        "lat" : 37.8689288159,
        "lon" : -122.2920991759,
        "time" : "20140621T180254-0700"
      }, {
        "lat" : 37.8689860563,
        "lon" : -122.2923490777,
        "time" : "20140621T180316-0700"
      }, {
        "lat" : 37.8690044098,
        "lon" : -122.2923426685,
        "time" : "20140621T180340-0700"
      }, {
        "lat" : 37.868944082,
        "lon" : -122.2927910567,
        "time" : "20140621T180423-0700"
      }, {
        "lat" : 37.8688093759,
        "lon" : -122.2936868436,
        "time" : "20140621T180453-0700"
      }, {
        "lat" : 37.8681762907,
        "lon" : -122.2964675059,
        "time" : "20140621T180518-0700"
      }, {
        "lat" : 37.8682469398,
        "lon" : -122.2965771769,
        "time" : "20140621T180533-0700"
      }, {
        "lat" : 37.8682767014,
        "lon" : -122.2966512133,
        "time" : "20140621T180549-0700"
      }, {
        "lat" : 37.868280517,
        "lon" : -122.2966754944,
        "time" : "20140621T180615-0700"
      }, {
        "lat" : 37.8682849322,
        "lon" : -122.2966968359,
        "time" : "20140621T180638-0700"
      }, {
        "lat" : 37.8682899141,
        "lon" : -122.2967223572,
        "time" : "20140621T180701-0700"
      }, {
        "lat" : 37.8682942946,
        "lon" : -122.2967444417,
        "time" : "20140621T180721-0700"
      }, {
        "lat" : 37.8683002348,
        "lon" : -122.2967711222,
        "time" : "20140621T180744-0700"
      }, {
        "lat" : 37.8683054614,
        "lon" : -122.2967970774,
        "time" : "20140621T180803-0700"
      }, {
        "lat" : 37.8683153557,
        "lon" : -122.2968438899,
        "time" : "20140621T180833-0700"
      }, {
        "lat" : 37.8683278557,
        "lon" : -122.2968742668,
        "time" : "20140621T180849-0700"
      }, {
        "lat" : 37.8683559691,
        "lon" : -122.2969598468,
        "time" : "20140621T180904-0700"
      }, {
        "lat" : 37.868294687,
        "lon" : -122.2970117761,
        "time" : "20140621T180927-0700"
      }, {
        "lat" : 37.8682212216,
        "lon" : -122.2972328656,
        "time" : "20140621T180951-0700"
      }, {
        "lat" : 37.856649859,
        "lon" : -122.3011072237,
        "time" : "20140621T181257-0700"
      }, {
        "lat" : 37.8554074912,
        "lon" : -122.3007411521,
        "time" : "20140621T181313-0700"
      }, {
        "lat" : 37.8533726312,
        "lon" : -122.3001353595,
        "time" : "20140621T181332-0700"
      }, {
        "lat" : 37.8396747303,
        "lon" : -122.2972032978,
        "time" : "20140621T181516-0700"
      }, {
        "lat" : 37.8223392036,
        "lon" : -122.2924415061,
        "time" : "20140621T181704-0700"
      }, {
        "lat" : 37.8188810496,
        "lon" : -122.2956718533,
        "time" : "20140621T181721-0700"
      }, {
        "lat" : 37.8148870828,
        "lon" : -122.3006480642,
        "time" : "20140621T181741-0700"
      }, {
        "lat" : 37.8071040985,
        "lon" : -122.3033885958,
        "time" : "20140621T181820-0700"
      }, {
        "lat" : 37.8027346885,
        "lon" : -122.2873249964,
        "time" : "20140621T181915-0700"
      }, {
        "lat" : 37.7987564936,
        "lon" : -122.2789507919,
        "time" : "20140621T181941-0700"
      }, {
        "lat" : 37.7958469806,
        "lon" : -122.2687992424,
        "time" : "20140621T182008-0700"
      }, {
        "lat" : 37.7928049198,
        "lon" : -122.2632479487,
        "time" : "20140621T182027-0700"
      }, {
        "lat" : 37.7888860874,
        "lon" : -122.252771158,
        "time" : "20140621T182101-0700"
      }, {
        "lat" : 37.7872171945,
        "lon" : -122.2474959341,
        "time" : "20140621T182117-0700"
      }, {
        "lat" : 37.7847981984,
        "lon" : -122.2426480022,
        "time" : "20140621T182133-0700"
      }, {
        "lat" : 37.781738949,
        "lon" : -122.2389395178,
        "time" : "20140621T182149-0700"
      }, {
        "lat" : 37.7740076823,
        "lon" : -122.2309760945,
        "time" : "20140621T182228-0700"
      }, {
        "lat" : 37.7718426395,
        "lon" : -122.2244832145,
        "time" : "20140621T182248-0700"
      }, {
        "lat" : 37.7640458705,
        "lon" : -122.2168034415,
        "time" : "20140621T182330-0700"
      }, {
        "lat" : 37.749274356,
        "lon" : -122.2038496186,
        "time" : "20140621T182442-0700"
      }, {
        "lat" : 37.7432191573,
        "lon" : -122.1987041742,
        "time" : "20140621T182507-0700"
      }, {
        "lat" : 37.7384963827,
        "lon" : -122.1945715747,
        "time" : "20140621T182530-0700"
      }, {
        "lat" : 37.7334692576,
        "lon" : -122.190125906,
        "time" : "20140621T182554-0700"
      }, {
        "lat" : 37.7253996281,
        "lon" : -122.1830324539,
        "time" : "20140621T182633-0700"
      }, {
        "lat" : 37.7226194585,
        "lon" : -122.1802542121,
        "time" : "20140621T182648-0700"
      }, {
        "lat" : 37.7078123714,
        "lon" : -122.1629586679,
        "time" : "20140621T182807-0700"
      }, {
        "lat" : 37.7010547186,
        "lon" : -122.1530134824,
        "time" : "20140621T182848-0700"
      }, {
        "lat" : 37.6962310298,
        "lon" : -122.1461427597,
        "time" : "20140621T182910-0700"
      }, {
        "lat" : 37.6930739678,
        "lon" : -122.1415410304,
        "time" : "20140621T182926-0700"
      }, {
        "lat" : 37.6899154188,
        "lon" : -122.1369718438,
        "time" : "20140621T182942-0700"
      }, {
        "lat" : 37.6869503507,
        "lon" : -122.1326526639,
        "time" : "20140621T182958-0700"
      }, {
        "lat" : 37.6701208402,
        "lon" : -122.1100832461,
        "time" : "20140621T183129-0700"
      }, {
        "lat" : 37.6630632332,
        "lon" : -122.1056786189,
        "time" : "20140621T183246-0700"
      }, {
        "lat" : 37.6597406926,
        "lon" : -122.1036030877,
        "time" : "20140621T183312-0700"
      }, {
        "lat" : 37.6569782265,
        "lon" : -122.1019115054,
        "time" : "20140621T183328-0700"
      }, {
        "lat" : 37.6539541895,
        "lon" : -122.1000316449,
        "time" : "20140621T183344-0700"
      }, {
        "lat" : 37.6386376957,
        "lon" : -122.0895319122,
        "time" : "20140621T183454-0700"
      }, {
        "lat" : 37.6370698527,
        "lon" : -122.0883876472,
        "time" : "20140621T183510-0700"
      }, {
        "lat" : 37.6339546617,
        "lon" : -122.0862010603,
        "time" : "20140621T183540-0700"
      }, {
        "lat" : 37.6319438235,
        "lon" : -122.0847474207,
        "time" : "20140621T183558-0700"
      }, {
        "lat" : 37.6297955761,
        "lon" : -122.0830866954,
        "time" : "20140621T183623-0700"
      }, {
        "lat" : 37.6276770222,
        "lon" : -122.0816347798,
        "time" : "20140621T183641-0700"
      }, {
        "lat" : 37.6235050781,
        "lon" : -122.0787273689,
        "time" : "20140621T183702-0700"
      }, {
        "lat" : 37.6159463032,
        "lon" : -122.0732530588,
        "time" : "20140621T183737-0700"
      }, {
        "lat" : 37.6112485229,
        "lon" : -122.0696729639,
        "time" : "20140621T183801-0700"
      }, {
        "lat" : 37.6063686212,
        "lon" : -122.0669448384,
        "time" : "20140621T183821-0700"
      }, {
        "lat" : 37.6013711106,
        "lon" : -122.0637342022,
        "time" : "20140621T183842-0700"
      }, {
        "lat" : 37.5916260996,
        "lon" : -122.0559853919,
        "time" : "20140621T183927-0700"
      }, {
        "lat" : 37.586779195,
        "lon" : -122.052519664,
        "time" : "20140621T183948-0700"
      }, {
        "lat" : 37.5821548417,
        "lon" : -122.0495949645,
        "time" : "20140621T184006-0700"
      }, {
        "lat" : 37.575911472,
        "lon" : -122.047313198,
        "time" : "20140621T184028-0700"
      }, {
        "lat" : 37.5657128286,
        "lon" : -122.0410656163,
        "time" : "20140621T184113-0700"
      }, {
        "lat" : 37.5617588971,
        "lon" : -122.036531781,
        "time" : "20140621T184135-0700"
      }, {
        "lat" : 37.5566158036,
        "lon" : -122.0306718258,
        "time" : "20140621T184204-0700"
      }, {
        "lat" : 37.5523994202,
        "lon" : -122.027116526,
        "time" : "20140621T184224-0700"
      }, {
        "lat" : 37.536605806,
        "lon" : -122.0146800302,
        "time" : "20140621T184332-0700"
      }, {
        "lat" : 37.534000932,
        "lon" : -122.0101555206,
        "time" : "20140621T184347-0700"
      }, {
        "lat" : 37.5316453573,
        "lon" : -122.0057634174,
        "time" : "20140621T184404-0700"
      }, {
        "lat" : 37.5253775662,
        "lon" : -121.9936612422,
        "time" : "20140621T184450-0700"
      }, {
        "lat" : 37.5234359894,
        "lon" : -121.9896467321,
        "time" : "20140621T184506-0700"
      }, {
        "lat" : 37.5181436412,
        "lon" : -121.9810741124,
        "time" : "20140621T184536-0700"
      }, {
        "lat" : 37.5130156634,
        "lon" : -121.9742289833,
        "time" : "20140621T184603-0700"
      }, {
        "lat" : 37.5083582559,
        "lon" : -121.9681880514,
        "time" : "20140621T184626-0700"
      }, {
        "lat" : 37.5045062346,
        "lon" : -121.9641154689,
        "time" : "20140621T184645-0700"
      }, {
        "lat" : 37.5020196203,
        "lon" : -121.9605436846,
        "time" : "20140621T184701-0700"
      }, {
        "lat" : 37.496583231,
        "lon" : -121.9536686596,
        "time" : "20140621T184725-0700"
      }, {
        "lat" : 37.4934440794,
        "lon" : -121.9496296503,
        "time" : "20140621T184740-0700"
      }, {
        "lat" : 37.4903618918,
        "lon" : -121.9456250971,
        "time" : "20140621T184756-0700"
      }, {
        "lat" : 37.487122237,
        "lon" : -121.9414330777,
        "time" : "20140621T184813-0700"
      }, {
        "lat" : 37.4839654402,
        "lon" : -121.9386322312,
        "time" : "20140621T184829-0700"
      }, {
        "lat" : 37.4801953309,
        "lon" : -121.9345756942,
        "time" : "20140621T184847-0700"
      }, {
        "lat" : 37.4746107279,
        "lon" : -121.9319160099,
        "time" : "20140621T184907-0700"
      }, {
        "lat" : 37.4688456457,
        "lon" : -121.9290042698,
        "time" : "20140621T184928-0700"
      }, {
        "lat" : 37.4347473864,
        "lon" : -121.9192614176,
        "time" : "20140621T185140-0700"
      }, {
        "lat" : 37.4306874146,
        "lon" : -121.9187015857,
        "time" : "20140621T185156-0700"
      }, {
        "lat" : 37.4267911805,
        "lon" : -121.9176203621,
        "time" : "20140621T185212-0700"
      }, {
        "lat" : 37.4240248985,
        "lon" : -121.9212685776,
        "time" : "20140621T185229-0700"
      }, {
        "lat" : 37.4196502229,
        "lon" : -121.9426460898,
        "time" : "20140621T185333-0700"
      }, {
        "lat" : 37.4191721534,
        "lon" : -121.9506313921,
        "time" : "20140621T185359-0700"
      }, {
        "lat" : 37.4192886069,
        "lon" : -121.9574036711,
        "time" : "20140621T185419-0700"
      }, {
        "lat" : 37.4141961764,
        "lon" : -121.9799990328,
        "time" : "20140621T185529-0700"
      }, {
        "lat" : 37.4122735347,
        "lon" : -121.9860019557,
        "time" : "20140621T185544-0700"
      }, {
        "lat" : 37.4108500921,
        "lon" : -121.9913116419,
        "time" : "20140621T185601-0700"
      }, {
        "lat" : 37.4093208394,
        "lon" : -121.998495982,
        "time" : "20140621T185622-0700"
      }, {
        "lat" : 37.4079605131,
        "lon" : -122.0043466215,
        "time" : "20140621T185639-0700"
      }, {
        "lat" : 37.4047370944,
        "lon" : -122.0200153948,
        "time" : "20140621T185723-0700"
      }, {
        "lat" : 37.404087471,
        "lon" : -122.0240430181,
        "time" : "20140621T185739-0700"
      }, {
        "lat" : 37.4045450801,
        "lon" : -122.0511833614,
        "time" : "20140621T185954-0700"
      }, {
        "lat" : 37.4042628145,
        "lon" : -122.0511364629,
        "time" : "20140621T185959-0700"
      }, {
        "lat" : 37.4042623395,
        "lon" : -122.0511363839,
        "time" : "20140621T190000-0700"
      }, {
        "lat" : 37.4035476551,
        "lon" : -122.0510176388,
        "time" : "20140621T190015-0700"
      }, {
        "lat" : 37.4024497704,
        "lon" : -122.0443486055,
        "time" : "20140621T190042-0700"
      }, {
        "lat" : 37.4004134418,
        "lon" : -122.0335773271,
        "time" : "20140621T190116-0700"
      }, {
        "lat" : 37.3993689143,
        "lon" : -122.0297055536,
        "time" : "20140621T190133-0700"
      }, {
        "lat" : 37.3974527304,
        "lon" : -122.0210534176,
        "time" : "20140621T190210-0700"
      }, {
        "lat" : 37.3937215855,
        "lon" : -122.0121780762,
        "time" : "20140621T190413-0700"
      }, {
        "lat" : 37.393512895,
        "lon" : -122.0111683726,
        "time" : "20140621T190434-0700"
      }, {
        "lat" : 37.3926010971,
        "lon" : -122.0115597468,
        "time" : "20140621T190458-0700"
      } ]
    } ],
    "lastUpdate" : "20140622T113759Z"
  }, {
    "type" : "place",
    "startTime" : "20140621T190458-0700",
    "endTime" : "20140621T233310-0700",
    "place" : {
      "id" : 78697246,
      "type" : "unknown",
      "location" : {
        "lat" : 37.3926010971,
        "lon" : -122.0115597468
      }
    },
    "activities" : [ {
      "activity" : "walking",
      "group" : "walking",
      "manual" : false,
      "startTime" : "20140621T190558-0700",
      "endTime" : "20140621T190758-0700",
      "duration" : 120.0,
      "distance" : 137.0,
      "steps" : 182,
      "trackPoints" : [ ]
    } ],
    "lastUpdate" : "20140622T113804Z"
  }, {
    "type" : "move",
    "startTime" : "20140621T233310-0700",
    "endTime" : "20140622T004135-0700",
    "activities" : [ {
      "activity" : "transport",
      "group" : "transport",
      "manual" : false,
      "startTime" : "20140621T233310-0700",
      "endTime" : "20140621T235959-0700",
      "duration" : 1609.0,
      "distance" : 53514.0,
      "trackPoints" : [ {
        "lat" : 37.3926010971,
        "lon" : -122.0115597468,
        "time" : "20140621T233310-0700"
      }, {
        "lat" : 37.3934068166,
        "lon" : -122.0136290283,
        "time" : "20140621T233319-0700"
      }, {
        "lat" : 37.3938038943,
        "lon" : -122.0132442101,
        "time" : "20140621T233337-0700"
      }, {
        "lat" : 37.396110939,
        "lon" : -122.0126049221,
        "time" : "20140621T233352-0700"
      }, {
        "lat" : 37.3975037063,
        "lon" : -122.0125176275,
        "time" : "20140621T233410-0700"
      }, {
        "lat" : 37.4049321559,
        "lon" : -122.0546704726,
        "time" : "20140621T233636-0700"
      }, {
        "lat" : 37.4410725566,
        "lon" : -122.1149174889,
        "time" : "20140621T234015-0700"
      }, {
        "lat" : 37.4453334282,
        "lon" : -122.1189060054,
        "time" : "20140621T234032-0700"
      }, {
        "lat" : 37.4815382162,
        "lon" : -122.1765682747,
        "time" : "20140621T234356-0700"
      }, {
        "lat" : 37.4842214215,
        "lon" : -122.183875197,
        "time" : "20140621T234417-0700"
      }, {
        "lat" : 37.4853191476,
        "lon" : -122.1890711374,
        "time" : "20140621T234433-0700"
      }, {
        "lat" : 37.5119913419,
        "lon" : -122.2540670612,
        "time" : "20140621T234801-0700"
      }, {
        "lat" : 37.5155630443,
        "lon" : -122.2580836993,
        "time" : "20140621T234818-0700"
      }, {
        "lat" : 37.5211345057,
        "lon" : -122.2643984484,
        "time" : "20140621T234842-0700"
      }, {
        "lat" : 37.5669904719,
        "lon" : -122.3100554649,
        "time" : "20140621T235203-0700"
      }, {
        "lat" : 37.5705424414,
        "lon" : -122.313763654,
        "time" : "20140621T235218-0700"
      }, {
        "lat" : 37.5738223475,
        "lon" : -122.317329831,
        "time" : "20140621T235234-0700"
      }, {
        "lat" : 37.5866066163,
        "lon" : -122.3352292287,
        "time" : "20140621T235345-0700"
      }, {
        "lat" : 37.5871498671,
        "lon" : -122.3467141385,
        "time" : "20140621T235418-0700"
      }, {
        "lat" : 37.5920921785,
        "lon" : -122.3639785398,
        "time" : "20140621T235511-0700"
      }, {
        "lat" : 37.6002806532,
        "lon" : -122.3765088908,
        "time" : "20140621T235557-0700"
      }, {
        "lat" : 37.6044838853,
        "lon" : -122.3830493609,
        "time" : "20140621T235620-0700"
      }, {
        "lat" : 37.6095098423,
        "lon" : -122.3909656138,
        "time" : "20140621T235646-0700"
      }, {
        "lat" : 37.6335039731,
        "lon" : -122.4197193464,
        "time" : "20140621T235920-0700"
      }, {
        "lat" : 37.6297161705,
        "lon" : -122.4287530733,
        "time" : "20140621T235949-0700"
      }, {
        "lat" : 37.6297437167,
        "lon" : -122.4311894435,
        "time" : "20140621T235959-0700"
      } ]
    } ],
    "lastUpdate" : "20140622T113804Z"
  } ],
  "lastUpdate" : "20140622T113804Z"
} ]