[ {
  "date" : "20140618",
  "summary" : [ {
    "activity" : "walking",
    "group" : "walking",
    "duration" : 670.0,
    "distance" : 613.0,
    "steps" : 904
  }, {
    "activity" : "transport",
    "group" : "transport",
    "duration" : 579.0,
    "distance" : 2296.0
  }, {
    "activity" : "cycling",
    "group" : "cycling",
    "duration" : 362.0,
    "distance" : 2487.0
  } ],
  "segments" : [ {
    "type" : "place",
    "startTime" : "20140617T235158-0700",
    "endTime" : "20140618T180556-0700",
    "place" : {
      "id" : 72187887,
      "name" : "Home",
      "type" : "home",
      "location" : {
        "lat" : 37.8651493645,
        "lon" : -122.282029798
      }
    },
    "lastUpdate" : "20140619T050419Z"
  }, {
    "type" : "move",
    "startTime" : "20140618T180556-0700",
    "endTime" : "20140618T181814-0700",
    "activities" : [ {
      "activity" : "transport",
      "group" : "transport",
      "manual" : false,
      "startTime" : "20140618T180556-0700",
      "endTime" : "20140618T181535-0700",
      "duration" : 579.0,
      "distance" : 2296.0,
      "trackPoints" : [ {
        "lat" : 37.8651493645,
        "lon" : -122.282029798,
        "time" : "20140618T180556-0700"
      }, {
        "lat" : 37.8649393383,
        "lon" : -122.2736627355,
        "time" : "20140618T180921-0700"
      }, {
        "lat" : 37.865155031,
        "lon" : -122.2724751448,
        "time" : "20140618T180950-0700"
      }, {
        "lat" : 37.8651647996,
        "lon" : -122.2724461889,
        "time" : "20140618T181006-0700"
      }, {
        "lat" : 37.8654086382,
        "lon" : -122.2715114625,
        "time" : "20140618T181028-0700"
      }, {
        "lat" : 37.8654178478,
        "lon" : -122.2701277178,
        "time" : "20140618T181054-0700"
      }, {
        "lat" : 37.8656111509,
        "lon" : -122.2695768804,
        "time" : "20140618T181114-0700"
      }, {
        "lat" : 37.8658458502,
        "lon" : -122.2677959423,
        "time" : "20140618T181143-0700"
      }, {
        "lat" : 37.8658954732,
        "lon" : -122.2670818191,
        "time" : "20140618T181203-0700"
      }, {
        "lat" : 37.8660419347,
        "lon" : -122.2658623434,
        "time" : "20140618T181228-0700"
      }, {
        "lat" : 37.8661090909,
        "lon" : -122.2649642454,
        "time" : "20140618T181250-0700"
      }, {
        "lat" : 37.8663587241,
        "lon" : -122.2627110447,
        "time" : "20140618T181331-0700"
      }, {
        "lat" : 37.8665088677,
        "lon" : -122.2618848874,
        "time" : "20140618T181347-0700"
      }, {
        "lat" : 37.8669081417,
        "lon" : -122.2611068919,
        "time" : "20140618T181416-0700"
      }, {
        "lat" : 37.8675011177,
        "lon" : -122.2613447314,
        "time" : "20140618T181439-0700"
      }, {
        "lat" : 37.86806665,
        "lon" : -122.2616645285,
        "time" : "20140618T181501-0700"
      }, {
        "lat" : 37.8684414033,
        "lon" : -122.2622794851,
        "time" : "20140618T181535-0700"
      } ]
    }, {
      "activity" : "walking",
      "group" : "walking",
      "manual" : false,
      "startTime" : "20140618T181535-0700",
      "endTime" : "20140618T181814-0700",
      "duration" : 159.0,
      "distance" : 138.0,
      "steps" : 236,
      "trackPoints" : [ {
        "lat" : 37.8684414033,
        "lon" : -122.2622794851,
        "time" : "20140618T181535-0700"
      }, {
        "lat" : 37.8685247504,
        "lon" : -122.2623785524,
        "time" : "20140618T181615-0700"
      }, {
        "lat" : 37.8685267208,
        "lon" : -122.2623711833,
        "time" : "20140618T181631-0700"
      }, {
        "lat" : 37.8687314138,
        "lon" : -122.2624409145,
        "time" : "20140618T181657-0700"
      }, {
        "lat" : 37.8689645932,
        "lon" : -122.2624283739,
        "time" : "20140618T181714-0700"
      }, {
        "lat" : 37.8693023524,
        "lon" : -122.2622982905,
        "time" : "20140618T181741-0700"
      }, {
        "lat" : 37.8693831668,
        "lon" : -122.2622314568,
        "time" : "20140618T181757-0700"
      }, {
        "lat" : 37.8693516962,
        "lon" : -122.2624896863,
        "time" : "20140618T181814-0700"
      } ]
    } ],
    "lastUpdate" : "20140619T050419Z"
  }, {
    "type" : "place",
    "startTime" : "20140618T181814-0700",
    "endTime" : "20140618T211405-0700",
    "place" : {
      "id" : 77571787,
      "type" : "unknown",
      "location" : {
        "lat" : 37.8693466448,
        "lon" : -122.2620834554
      }
    },
    "lastUpdate" : "20140619T050421Z"
  }, {
    "type" : "move",
    "startTime" : "20140618T211405-0700",
    "endTime" : "20140618T211656-0700",
    "activities" : [ {
      "activity" : "walking",
      "group" : "walking",
      "manual" : false,
      "startTime" : "20140618T211405-0700",
      "endTime" : "20140618T211655-0700",
      "duration" : 170.0,
      "distance" : 196.0,
      "steps" : 227,
      "trackPoints" : [ {
        "lat" : 37.8693466448,
        "lon" : -122.2620834554,
        "time" : "20140618T211405-0700"
      }, {
        "lat" : 37.8685642405,
        "lon" : -122.2604173632,
        "time" : "20140618T211656-0700"
      } ]
    } ],
    "lastUpdate" : "20140619T050421Z"
  }, {
    "type" : "place",
    "startTime" : "20140618T211656-0700",
    "endTime" : "20140618T212204-0700",
    "place" : {
      "id" : 77571789,
      "type" : "unknown",
      "location" : {
        "lat" : 37.8685642405,
        "lon" : -122.2604173632
      }
    },
    "lastUpdate" : "20140619T050421Z"
  }, {
    "type" : "move",
    "startTime" : "20140618T212204-0700",
    "endTime" : "20140618T212746-0700",
    "activities" : [ {
      "activity" : "walking",
      "group" : "walking",
      "manual" : false,
      "startTime" : "20140618T212204-0700",
      "endTime" : "20140618T212745-0700",
      "duration" : 341.0,
      "distance" : 279.0,
      "steps" : 441,
      "trackPoints" : [ {
        "lat" : 37.8685642405,
        "lon" : -122.2604173632,
        "time" : "20140618T212204-0700"
      }, {
        "lat" : 37.8685605101,
        "lon" : -122.2599201397,
        "time" : "20140618T212239-0700"
      }, {
        "lat" : 37.8684894416,
        "lon" : -122.2595268853,
        "time" : "20140618T212306-0700"
      }, {
        "lat" : 37.8683754101,
        "lon" : -122.2592374724,
        "time" : "20140618T212326-0700"
      }, {
        "lat" : 37.8681791719,
        "lon" : -122.2589726752,
        "time" : "20140618T212347-0700"
      }, {
        "lat" : 37.8681757032,
        "lon" : -122.25895321,
        "time" : "20140618T212403-0700"
      }, {
        "lat" : 37.8681440627,
        "lon" : -122.2589582007,
        "time" : "20140618T212425-0700"
      }, {
        "lat" : 37.8680473218,
        "lon" : -122.2589557584,
        "time" : "20140618T212440-0700"
      }, {
        "lat" : 37.868003347,
        "lon" : -122.2590517168,
        "time" : "20140618T212502-0700"
      }, {
        "lat" : 37.8678697295,
        "lon" : -122.2590893474,
        "time" : "20140618T212518-0700"
      }, {
        "lat" : 37.8678620631,
        "lon" : -122.2589882215,
        "time" : "20140618T212534-0700"
      }, {
        "lat" : 37.8677886093,
        "lon" : -122.2589184268,
        "time" : "20140618T212550-0700"
      }, {
        "lat" : 37.8678042913,
        "lon" : -122.2589076875,
        "time" : "20140618T212605-0700"
      }, {
        "lat" : 37.8678527517,
        "lon" : -122.2589303707,
        "time" : "20140618T212625-0700"
      }, {
        "lat" : 37.8678982409,
        "lon" : -122.25895123,
        "time" : "20140618T212648-0700"
      }, {
        "lat" : 37.8679898309,
        "lon" : -122.2589817684,
        "time" : "20140618T212711-0700"
      }, {
        "lat" : 37.8683408974,
        "lon" : -122.259185787,
        "time" : "20140618T212746-0700"
      } ]
    } ],
    "lastUpdate" : "20140619T050421Z"
  }, {
    "type" : "place",
    "startTime" : "20140618T212746-0700",
    "endTime" : "20140618T215720-0700",
    "place" : {
      "id" : 77571790,
      "type" : "unknown",
      "location" : {
        "lat" : 37.8683408974,
        "lon" : -122.259185787
      }
    },
    "lastUpdate" : "20140619T163152Z"
  }, {
    "type" : "move",
    "startTime" : "20140618T215720-0700",
    "endTime" : "20140618T220322-0700",
    "activities" : [ {
      "activity" : "cycling",
      "group" : "cycling",
      "manual" : false,
      "startTime" : "20140618T215720-0700",
      "endTime" : "20140618T220322-0700",
      "duration" : 362.0,
      "distance" : 2487.0,
      "trackPoints" : [ {
        "lat" : 37.8683408974,
        "lon" : -122.259185787,
        "time" : "20140618T215720-0700"
      }, {
        "lat" : 37.8660135392,
        "lon" : -122.2698268887,
        "time" : "20140618T215959-0700"
      }, {
        "lat" : 37.8659854759,
        "lon" : -122.2698888518,
        "time" : "20140618T215959-0700"
      }, {
        "lat" : 37.8659851111,
        "lon" : -122.2698896572,
        "time" : "20140618T220000-0700"
      }, {
        "lat" : 37.8652803533,
        "lon" : -122.271445748,
        "time" : "20140618T220019-0700"
      }, {
        "lat" : 37.8651586506,
        "lon" : -122.2723441445,
        "time" : "20140618T220035-0700"
      }, {
        "lat" : 37.865014792,
        "lon" : -122.2735191592,
        "time" : "20140618T220051-0700"
      }, {
        "lat" : 37.8647566413,
        "lon" : -122.2758354686,
        "time" : "20140618T220124-0700"
      }, {
        "lat" : 37.8644405056,
        "lon" : -122.2777149226,
        "time" : "20140618T220144-0700"
      }, {
        "lat" : 37.8642227471,
        "lon" : -122.2797734781,
        "time" : "20140618T220205-0700"
      }, {
        "lat" : 37.8640098308,
        "lon" : -122.2812194707,
        "time" : "20140618T220221-0700"
      }, {
        "lat" : 37.8640372635,
        "lon" : -122.2821432418,
        "time" : "20140618T220244-0700"
      }, {
        "lat" : 37.8651493645,
        "lon" : -122.282029798,
        "time" : "20140618T220322-0700"
      } ]
    } ],
    "lastUpdate" : "20140619T163152Z"
  }, {
    "type" : "place",
    "startTime" : "20140618T220322-0700",
    "endTime" : "20140619T092926-0700",
    "place" : {
      "id" : 72187887,
      "name" : "Home",
      "type" : "home",
      "location" : {
        "lat" : 37.8651493645,
        "lon" : -122.282029798
      }
    },
    "lastUpdate" : "20140619T215052Z"
  } ],
  "lastUpdate" : "20140619T215052Z"
} ]