[ {
  "date" : "20140623",
  "summary" : [ {
    "activity" : "cycling",
    "group" : "cycling",
    "duration" : 420.0,
    "distance" : 2050.0
  }, {
    "activity" : "walking",
    "group" : "walking",
    "duration" : 1899.0,
    "distance" : 2016.0,
    "steps" : 2573
  }, {
    "activity" : "transport",
    "group" : "transport",
    "duration" : 201.0,
    "distance" : 1461.0
  } ],
  "segments" : [ {
    "type" : "place",
    "startTime" : "20140623T002638-0700",
    "endTime" : "20140623T195407-0700",
    "place" : {
      "id" : 72187887,
      "name" : "Home",
      "type" : "home",
      "location" : {
        "lat" : 37.8651493645,
        "lon" : -122.282029798
      }
    },
    "lastUpdate" : "20140624T070129Z"
  }, {
    "type" : "move",
    "startTime" : "20140623T195407-0700",
    "endTime" : "20140623T200107-0700",
    "activities" : [ {
      "activity" : "cycling",
      "group" : "cycling",
      "manual" : false,
      "startTime" : "20140623T195407-0700",
      "endTime" : "20140623T200107-0700",
      "duration" : 420.0,
      "distance" : 2050.0,
      "trackPoints" : [ {
        "lat" : 37.8651493645,
        "lon" : -122.282029798,
        "time" : "20140623T195407-0700"
      }, {
        "lat" : 37.8641595441,
        "lon" : -122.2792096811,
        "time" : "20140623T195508-0700"
      }, {
        "lat" : 37.8644845459,
        "lon" : -122.2775892317,
        "time" : "20140623T195530-0700"
      }, {
        "lat" : 37.8647286921,
        "lon" : -122.2763692958,
        "time" : "20140623T195549-0700"
      }, {
        "lat" : 37.8649706551,
        "lon" : -122.2746207562,
        "time" : "20140623T195620-0700"
      }, {
        "lat" : 37.8653183894,
        "lon" : -122.2725751598,
        "time" : "20140623T195652-0700"
      }, {
        "lat" : 37.8654734896,
        "lon" : -122.2711376375,
        "time" : "20140623T195718-0700"
      }, {
        "lat" : 37.8656229321,
        "lon" : -122.2700363746,
        "time" : "20140623T195736-0700"
      }, {
        "lat" : 37.8657174938,
        "lon" : -122.2690974674,
        "time" : "20140623T195756-0700"
      }, {
        "lat" : 37.8659044709,
        "lon" : -122.2678043555,
        "time" : "20140623T195823-0700"
      }, {
        "lat" : 37.8659149504,
        "lon" : -122.2673484616,
        "time" : "20140623T195843-0700"
      }, {
        "lat" : 37.8660652749,
        "lon" : -122.2659642354,
        "time" : "20140623T195906-0700"
      }, {
        "lat" : 37.8660443295,
        "lon" : -122.2654783065,
        "time" : "20140623T195923-0700"
      }, {
        "lat" : 37.8661848925,
        "lon" : -122.2647485648,
        "time" : "20140623T195939-0700"
      }, {
        "lat" : 37.8663695257,
        "lon" : -122.2638458478,
        "time" : "20140623T195959-0700"
      }, {
        "lat" : 37.8663696152,
        "lon" : -122.2638454103,
        "time" : "20140623T200000-0700"
      }, {
        "lat" : 37.8663728156,
        "lon" : -122.2638297629,
        "time" : "20140623T200000-0700"
      }, {
        "lat" : 37.8669669881,
        "lon" : -122.2636308261,
        "time" : "20140623T200025-0700"
      }, {
        "lat" : 37.8674412807,
        "lon" : -122.263708279,
        "time" : "20140623T200046-0700"
      }, {
        "lat" : 37.8682806478,
        "lon" : -122.2633484756,
        "time" : "20140623T200107-0700"
      } ]
    } ],
    "lastUpdate" : "20140624T070129Z"
  }, {
    "type" : "place",
    "startTime" : "20140623T200107-0700",
    "endTime" : "20140623T220054-0700",
    "place" : {
      "id" : 79326869,
      "type" : "unknown",
      "location" : {
        "lat" : 37.8682806478,
        "lon" : -122.2633484756
      }
    },
    "activities" : [ {
      "activity" : "walking",
      "group" : "walking",
      "manual" : false,
      "startTime" : "20140623T200107-0700",
      "endTime" : "20140623T200420-0700",
      "duration" : 193.0,
      "distance" : 155.0,
      "steps" : 206,
      "trackPoints" : [ ]
    }, {
      "activity" : "walking",
      "group" : "walking",
      "manual" : false,
      "startTime" : "20140623T213934-0700",
      "endTime" : "20140623T214034-0700",
      "duration" : 60.0,
      "distance" : 46.0,
      "steps" : 92,
      "trackPoints" : [ ]
    } ],
    "lastUpdate" : "20140624T070135Z"
  }, {
    "type" : "move",
    "startTime" : "20140623T220054-0700",
    "endTime" : "20140623T221121-0700",
    "activities" : [ {
      "activity" : "walking",
      "group" : "walking",
      "manual" : false,
      "startTime" : "20140623T220054-0700",
      "endTime" : "20140623T221121-0700",
      "duration" : 627.0,
      "distance" : 589.0,
      "steps" : 690,
      "trackPoints" : [ {
        "lat" : 37.8682806478,
        "lon" : -122.2633484756,
        "time" : "20140623T220054-0700"
      }, {
        "lat" : 37.868343392,
        "lon" : -122.2591218876,
        "time" : "20140623T220705-0700"
      }, {
        "lat" : 37.8683040442,
        "lon" : -122.2591595448,
        "time" : "20140623T220730-0700"
      }, {
        "lat" : 37.8681415739,
        "lon" : -122.2591662216,
        "time" : "20140623T220748-0700"
      }, {
        "lat" : 37.8679849733,
        "lon" : -122.2591245334,
        "time" : "20140623T220808-0700"
      }, {
        "lat" : 37.8679354317,
        "lon" : -122.2588594806,
        "time" : "20140623T220829-0700"
      }, {
        "lat" : 37.8679149955,
        "lon" : -122.2587164957,
        "time" : "20140623T220844-0700"
      }, {
        "lat" : 37.8679174199,
        "lon" : -122.2585727457,
        "time" : "20140623T220920-0700"
      }, {
        "lat" : 37.8679480793,
        "lon" : -122.2584185497,
        "time" : "20140623T220957-0700"
      }, {
        "lat" : 37.8679787856,
        "lon" : -122.2583054561,
        "time" : "20140623T221012-0700"
      }, {
        "lat" : 37.8680597613,
        "lon" : -122.2581640121,
        "time" : "20140623T221044-0700"
      }, {
        "lat" : 37.8681246731,
        "lon" : -122.2580800568,
        "time" : "20140623T221106-0700"
      }, {
        "lat" : 37.8682568121,
        "lon" : -122.2580430637,
        "time" : "20140623T221121-0700"
      } ]
    } ],
    "lastUpdate" : "20140624T070135Z"
  }, {
    "type" : "place",
    "startTime" : "20140623T221121-0700",
    "endTime" : "20140623T225511-0700",
    "place" : {
      "id" : 79326896,
      "type" : "unknown",
      "location" : {
        "lat" : 37.8682496604,
        "lon" : -122.2581981938
      }
    },
    "activities" : [ {
      "activity" : "walking",
      "group" : "walking",
      "manual" : false,
      "startTime" : "20140623T221648-0700",
      "endTime" : "20140623T221748-0700",
      "duration" : 60.0,
      "distance" : 30.0,
      "steps" : 61,
      "trackPoints" : [ ]
    } ],
    "lastUpdate" : "20140624T070138Z"
  }, {
    "type" : "move",
    "startTime" : "20140623T225511-0700",
    "endTime" : "20140623T230501-0700",
    "activities" : [ {
      "activity" : "walking",
      "group" : "walking",
      "manual" : false,
      "startTime" : "20140623T225511-0700",
      "endTime" : "20140623T230501-0700",
      "duration" : 590.0,
      "distance" : 744.0,
      "steps" : 981,
      "trackPoints" : [ {
        "lat" : 37.8682496604,
        "lon" : -122.2581981938,
        "time" : "20140623T225511-0700"
      }, {
        "lat" : 37.8676020963,
        "lon" : -122.2612243209,
        "time" : "20140623T225908-0700"
      }, {
        "lat" : 37.8676156029,
        "lon" : -122.2614415654,
        "time" : "20140623T225924-0700"
      }, {
        "lat" : 37.8675858286,
        "lon" : -122.2616256607,
        "time" : "20140623T225939-0700"
      }, {
        "lat" : 37.8675983186,
        "lon" : -122.261879352,
        "time" : "20140623T225955-0700"
      }, {
        "lat" : 37.8675742423,
        "lon" : -122.2619585097,
        "time" : "20140623T225959-0700"
      }, {
        "lat" : 37.8675741907,
        "lon" : -122.2619586793,
        "time" : "20140623T230000-0700"
      }, {
        "lat" : 37.8674971913,
        "lon" : -122.2622118366,
        "time" : "20140623T230014-0700"
      }, {
        "lat" : 37.8672776093,
        "lon" : -122.2628865689,
        "time" : "20140623T230047-0700"
      }, {
        "lat" : 37.8672394838,
        "lon" : -122.2631195703,
        "time" : "20140623T230109-0700"
      }, {
        "lat" : 37.8672302617,
        "lon" : -122.2634313087,
        "time" : "20140623T230134-0700"
      }, {
        "lat" : 37.8671943015,
        "lon" : -122.2637315773,
        "time" : "20140623T230157-0700"
      }, {
        "lat" : 37.867148129,
        "lon" : -122.2639817339,
        "time" : "20140623T230220-0700"
      }, {
        "lat" : 37.8671285143,
        "lon" : -122.2642302949,
        "time" : "20140623T230243-0700"
      }, {
        "lat" : 37.8671206558,
        "lon" : -122.2644459183,
        "time" : "20140623T230301-0700"
      }, {
        "lat" : 37.86712757,
        "lon" : -122.2647820602,
        "time" : "20140623T230319-0700"
      }, {
        "lat" : 37.8671272226,
        "lon" : -122.2649609671,
        "time" : "20140623T230335-0700"
      }, {
        "lat" : 37.8670664258,
        "lon" : -122.2652963666,
        "time" : "20140623T230356-0700"
      }, {
        "lat" : 37.8669823547,
        "lon" : -122.2654642926,
        "time" : "20140623T230415-0700"
      }, {
        "lat" : 37.8669862505,
        "lon" : -122.2655729828,
        "time" : "20140623T230430-0700"
      }, {
        "lat" : 37.866895011,
        "lon" : -122.2657204197,
        "time" : "20140623T230501-0700"
      } ]
    } ],
    "lastUpdate" : "20140624T070138Z"
  }, {
    "type" : "place",
    "startTime" : "20140623T230501-0700",
    "endTime" : "20140623T230720-0700",
    "place" : {
      "id" : 79326897,
      "type" : "unknown",
      "location" : {
        "lat" : 37.866895011,
        "lon" : -122.2657204197
      }
    },
    "lastUpdate" : "20140624T070138Z"
  }, {
    "type" : "move",
    "startTime" : "20140623T230720-0700",
    "endTime" : "20140623T231329-0700",
    "activities" : [ {
      "activity" : "walking",
      "group" : "walking",
      "manual" : false,
      "startTime" : "20140623T230720-0700",
      "endTime" : "20140623T231329-0700",
      "duration" : 369.0,
      "distance" : 452.0,
      "steps" : 543,
      "trackPoints" : [ {
        "lat" : 37.866895011,
        "lon" : -122.2657204197,
        "time" : "20140623T230720-0700"
      }, {
        "lat" : 37.8668705679,
        "lon" : -122.2659507623,
        "time" : "20140623T230742-0700"
      }, {
        "lat" : 37.8670516247,
        "lon" : -122.2659476317,
        "time" : "20140623T230801-0700"
      }, {
        "lat" : 37.8672841198,
        "lon" : -122.2658858963,
        "time" : "20140623T230824-0700"
      }, {
        "lat" : 37.8674408741,
        "lon" : -122.2659125639,
        "time" : "20140623T230842-0700"
      }, {
        "lat" : 37.8676521168,
        "lon" : -122.266022589,
        "time" : "20140623T230904-0700"
      }, {
        "lat" : 37.867874565,
        "lon" : -122.2661467844,
        "time" : "20140623T230927-0700"
      }, {
        "lat" : 37.868025765,
        "lon" : -122.2661402371,
        "time" : "20140623T230943-0700"
      }, {
        "lat" : 37.8682645937,
        "lon" : -122.2661793158,
        "time" : "20140623T231006-0700"
      }, {
        "lat" : 37.868443278,
        "lon" : -122.266302257,
        "time" : "20140623T231022-0700"
      }, {
        "lat" : 37.8687551083,
        "lon" : -122.2664321079,
        "time" : "20140623T231055-0700"
      }, {
        "lat" : 37.8690855524,
        "lon" : -122.2664037712,
        "time" : "20140623T231128-0700"
      }, {
        "lat" : 37.8692517496,
        "lon" : -122.2662258601,
        "time" : "20140623T231152-0700"
      }, {
        "lat" : 37.8694135745,
        "lon" : -122.2660716505,
        "time" : "20140623T231209-0700"
      }, {
        "lat" : 37.8696208136,
        "lon" : -122.2660919925,
        "time" : "20140623T231228-0700"
      }, {
        "lat" : 37.8697845247,
        "lon" : -122.2660302015,
        "time" : "20140623T231243-0700"
      }, {
        "lat" : 37.8698919356,
        "lon" : -122.2660347371,
        "time" : "20140623T231304-0700"
      }, {
        "lat" : 37.8704362297,
        "lon" : -122.2662692272,
        "time" : "20140623T231329-0700"
      } ]
    } ],
    "lastUpdate" : "20140624T070138Z"
  }, {
    "type" : "place",
    "startTime" : "20140623T231329-0700",
    "endTime" : "20140623T235639-0700",
    "place" : {
      "id" : 77843155,
      "name" : "Siemens Berkeley",
      "type" : "work",
      "location" : {
        "lat" : 37.8704362297,
        "lon" : -122.2662692272
      }
    },
    "lastUpdate" : "20140703T003709Z"
  }, {
    "type" : "move",
    "startTime" : "20140623T235639-0700",
    "endTime" : "20140624T000421-0700",
    "activities" : [ {
      "activity" : "transport",
      "group" : "transport",
      "manual" : false,
      "startTime" : "20140623T235639-0700",
      "endTime" : "20140624T000000-0700",
      "duration" : 201.0,
      "distance" : 1461.0,
      "trackPoints" : [ {
        "lat" : 37.8704362297,
        "lon" : -122.2662692272,
        "time" : "20140623T235639-0700"
      }, {
        "lat" : 37.8684513763,
        "lon" : -122.2760692219,
        "time" : "20140623T235914-0700"
      }, {
        "lat" : 37.8680007334,
        "lon" : -122.2788105147,
        "time" : "20140623T235939-0700"
      }, {
        "lat" : 37.8676383584,
        "lon" : -122.2806782266,
        "time" : "20140623T235959-0700"
      } ]
    } ],
    "lastUpdate" : "20140624T154406Z"
  } ],
  "lastUpdate" : "20140703T003709Z"
} ]