[ {
  "date" : "20140610",
  "summary" : [ {
    "activity" : "cycling",
    "group" : "cycling",
    "duration" : 1167.0,
    "distance" : 5511.0
  }, {
    "activity" : "walking",
    "group" : "walking",
    "duration" : 1771.0,
    "distance" : 1789.0,
    "steps" : 2560
  }, {
    "activity" : "transport",
    "group" : "transport",
    "duration" : 407.0,
    "distance" : 468.0
  } ],
  "segments" : [ {
    "type" : "place",
    "startTime" : "20140609T230602-0700",
    "endTime" : "20140610T123650-0700",
    "place" : {
      "id" : 72187887,
      "name" : "Home",
      "type" : "home",
      "location" : {
        "lat" : 37.8651493645,
        "lon" : -122.282029798
      }
    },
    "lastUpdate" : "20140610T213437Z"
  }, {
    "type" : "move",
    "startTime" : "20140610T123650-0700",
    "endTime" : "20140610T124900-0700",
    "activities" : [ {
      "activity" : "cycling",
      "group" : "cycling",
      "manual" : false,
      "startTime" : "20140610T123650-0700",
      "endTime" : "20140610T124901-0700",
      "duration" : 731.0,
      "distance" : 2939.0,
      "trackPoints" : [ {
        "lat" : 37.8651493645,
        "lon" : -122.282029798,
        "time" : "20140610T123650-0700"
      }, {
        "lat" : 37.8670409824,
        "lon" : -122.2725170391,
        "time" : "20140610T124045-0700"
      }, {
        "lat" : 37.8673541928,
        "lon" : -122.2724810841,
        "time" : "20140610T124101-0700"
      }, {
        "lat" : 37.8688991952,
        "lon" : -122.272252922,
        "time" : "20140610T124132-0700"
      }, {
        "lat" : 37.868958233,
        "lon" : -122.2710115974,
        "time" : "20140610T124151-0700"
      }, {
        "lat" : 37.8692550876,
        "lon" : -122.2688055127,
        "time" : "20140610T124215-0700"
      }, {
        "lat" : 37.8693458396,
        "lon" : -122.2680798366,
        "time" : "20140610T124250-0700"
      }, {
        "lat" : 37.869779887,
        "lon" : -122.2677850669,
        "time" : "20140610T124331-0700"
      }, {
        "lat" : 37.8704245734,
        "lon" : -122.2676172252,
        "time" : "20140610T124349-0700"
      }, {
        "lat" : 37.8704720941,
        "lon" : -122.2666294177,
        "time" : "20140610T124409-0700"
      }, {
        "lat" : 37.8704557112,
        "lon" : -122.2660872339,
        "time" : "20140610T124443-0700"
      }, {
        "lat" : 37.8707426979,
        "lon" : -122.2662690863,
        "time" : "20140610T124511-0700"
      }, {
        "lat" : 37.8713131418,
        "lon" : -122.2661582791,
        "time" : "20140610T124529-0700"
      }, {
        "lat" : 37.8719551712,
        "lon" : -122.2643195293,
        "time" : "20140610T124556-0700"
      }, {
        "lat" : 37.8726964287,
        "lon" : -122.2625907427,
        "time" : "20140610T124630-0700"
      }, {
        "lat" : 37.8728225016,
        "lon" : -122.2613351029,
        "time" : "20140610T124658-0700"
      }, {
        "lat" : 37.8731290734,
        "lon" : -122.2601128109,
        "time" : "20140610T124726-0700"
      }, {
        "lat" : 37.8736116787,
        "lon" : -122.2597076157,
        "time" : "20140610T124746-0700"
      }, {
        "lat" : 37.8739497291,
        "lon" : -122.2599519249,
        "time" : "20140610T124804-0700"
      }, {
        "lat" : 37.874510821,
        "lon" : -122.2598958788,
        "time" : "20140610T124838-0700"
      }, {
        "lat" : 37.8746331972,
        "lon" : -122.2584128372,
        "time" : "20140610T124900-0700"
      } ]
    } ],
    "lastUpdate" : "20140610T213437Z"
  }, {
    "type" : "place",
    "startTime" : "20140610T124900-0700",
    "endTime" : "20140610T151726-0700",
    "place" : {
      "id" : 74820760,
      "name" : "Memorial Glade",
      "type" : "foursquare",
      "foursquareId" : "4b7485dcf964a520b8e12de3",
      "foursquareCategoryIds" : [ "4bf58dd8d48988d1aa941735" ],
      "location" : {
        "lat" : 37.87303846604494,
        "lon" : -122.2594095918372
      }
    },
    "activities" : [ {
      "activity" : "walking",
      "group" : "walking",
      "manual" : false,
      "startTime" : "20140610T124900-0700",
      "endTime" : "20140610T125529-0700",
      "duration" : 389.0,
      "distance" : 292.0,
      "steps" : 344,
      "trackPoints" : [ ]
    } ],
    "lastUpdate" : "20140611T004232Z"
  }, {
    "type" : "move",
    "startTime" : "20140610T151726-0700",
    "endTime" : "20140610T152024-0700",
    "activities" : [ {
      "activity" : "walking",
      "group" : "walking",
      "manual" : false,
      "startTime" : "20140610T151726-0700",
      "endTime" : "20140610T152024-0700",
      "duration" : 178.0,
      "distance" : 237.0,
      "steps" : 362,
      "trackPoints" : [ {
        "lat" : 37.873038466,
        "lon" : -122.2594095918,
        "time" : "20140610T151726-0700"
      }, {
        "lat" : 37.8713575202,
        "lon" : -122.2584125748,
        "time" : "20140610T151944-0700"
      }, {
        "lat" : 37.8713575202,
        "lon" : -122.2584125748,
        "time" : "20140610T152024-0700"
      } ]
    } ],
    "lastUpdate" : "20140611T004232Z"
  }, {
    "type" : "place",
    "startTime" : "20140610T152024-0700",
    "endTime" : "20140610T152530-0700",
    "place" : {
      "id" : 72412230,
      "name" : "School of Information",
      "type" : "foursquare",
      "foursquareId" : "4f184661e4b0b34551aaa7cb",
      "foursquareCategoryIds" : [ "4bf58dd8d48988d19f941735" ],
      "location" : {
        "lat" : 37.87135752021174,
        "lon" : -122.2584125748343
      }
    },
    "lastUpdate" : "20140611T004232Z"
  }, {
    "type" : "move",
    "startTime" : "20140610T152530-0700",
    "endTime" : "20140610T153403-0700",
    "activities" : [ {
      "activity" : "walking",
      "group" : "walking",
      "manual" : false,
      "startTime" : "20140610T152530-0700",
      "endTime" : "20140610T153404-0700",
      "duration" : 514.0,
      "distance" : 502.0,
      "steps" : 901,
      "trackPoints" : [ {
        "lat" : 37.8713575202,
        "lon" : -122.2584125748,
        "time" : "20140610T152530-0700"
      }, {
        "lat" : 37.8714646983,
        "lon" : -122.2584906962,
        "time" : "20140610T152556-0700"
      }, {
        "lat" : 37.8714768498,
        "lon" : -122.2585119025,
        "time" : "20140610T152629-0700"
      }, {
        "lat" : 37.8716357861,
        "lon" : -122.2584900216,
        "time" : "20140610T152650-0700"
      }, {
        "lat" : 37.8726038794,
        "lon" : -122.2585483441,
        "time" : "20140610T152744-0700"
      }, {
        "lat" : 37.8726990438,
        "lon" : -122.2585796923,
        "time" : "20140610T152802-0700"
      }, {
        "lat" : 37.8730584539,
        "lon" : -122.2587923164,
        "time" : "20140610T152844-0700"
      }, {
        "lat" : 37.8732289137,
        "lon" : -122.2588628172,
        "time" : "20140610T152908-0700"
      }, {
        "lat" : 37.873390109,
        "lon" : -122.2588962968,
        "time" : "20140610T152927-0700"
      }, {
        "lat" : 37.8737135123,
        "lon" : -122.2585483692,
        "time" : "20140610T152958-0700"
      }, {
        "lat" : 37.8737126599,
        "lon" : -122.2584330352,
        "time" : "20140610T153018-0700"
      }, {
        "lat" : 37.8739241219,
        "lon" : -122.2586106288,
        "time" : "20140610T153035-0700"
      }, {
        "lat" : 37.8741006762,
        "lon" : -122.2586692429,
        "time" : "20140610T153051-0700"
      }, {
        "lat" : 37.8744324955,
        "lon" : -122.2587480463,
        "time" : "20140610T153116-0700"
      }, {
        "lat" : 37.8748349616,
        "lon" : -122.2584961748,
        "time" : "20140610T153236-0700"
      }, {
        "lat" : 37.8748332592,
        "lon" : -122.2583842511,
        "time" : "20140610T153303-0700"
      }, {
        "lat" : 37.8747933312,
        "lon" : -122.2584500145,
        "time" : "20140610T153337-0700"
      }, {
        "lat" : 37.8746331972,
        "lon" : -122.2584128372,
        "time" : "20140610T153403-0700"
      } ]
    } ],
    "lastUpdate" : "20140611T004232Z"
  }, {
    "type" : "place",
    "startTime" : "20140610T153403-0700",
    "endTime" : "20140610T173958-0700",
    "place" : {
      "id" : 73323513,
      "name" : "Sutardja Dai Hall - CITRIS Building",
      "type" : "foursquare",
      "foursquareId" : "4a68c693f964a520fcca1fe3",
      "foursquareCategoryIds" : [ "4bf58dd8d48988d19f941735" ],
      "location" : {
        "lat" : 37.87481528371463,
        "lon" : -122.2583994269371
      }
    },
    "lastUpdate" : "20140611T043122Z"
  }, {
    "type" : "move",
    "startTime" : "20140610T173958-0700",
    "endTime" : "20140610T175045-0700",
    "activities" : [ {
      "activity" : "transport",
      "group" : "transport",
      "manual" : false,
      "startTime" : "20140610T173958-0700",
      "endTime" : "20140610T174645-0700",
      "duration" : 407.0,
      "distance" : 468.0,
      "trackPoints" : [ {
        "lat" : 37.8746331972,
        "lon" : -122.2584128372,
        "time" : "20140610T173958-0700"
      }, {
        "lat" : 37.8709761439,
        "lon" : -122.2585561316,
        "time" : "20140610T174645-0700"
      } ]
    }, {
      "activity" : "walking",
      "group" : "walking",
      "manual" : false,
      "startTime" : "20140610T174645-0700",
      "endTime" : "20140610T175046-0700",
      "duration" : 241.0,
      "distance" : 304.0,
      "steps" : 421,
      "trackPoints" : [ {
        "lat" : 37.8709761439,
        "lon" : -122.2585561316,
        "time" : "20140610T174645-0700"
      }, {
        "lat" : 37.8707540264,
        "lon" : -122.2583207037,
        "time" : "20140610T174734-0700"
      }, {
        "lat" : 37.8704837184,
        "lon" : -122.2582895641,
        "time" : "20140610T174755-0700"
      }, {
        "lat" : 37.8702211293,
        "lon" : -122.2585759773,
        "time" : "20140610T174816-0700"
      }, {
        "lat" : 37.8699432604,
        "lon" : -122.2586160383,
        "time" : "20140610T174846-0700"
      }, {
        "lat" : 37.8686860677,
        "lon" : -122.2590823391,
        "time" : "20140610T175045-0700"
      } ]
    } ],
    "lastUpdate" : "20140611T043100Z"
  }, {
    "type" : "place",
    "startTime" : "20140610T175046-0700",
    "endTime" : "20140610T175426-0700",
    "place" : {
      "id" : 74856193,
      "type" : "unknown",
      "location" : {
        "lat" : 37.8686860677,
        "lon" : -122.2590823391
      }
    },
    "activities" : [ {
      "activity" : "walking",
      "group" : "walking",
      "manual" : false,
      "startTime" : "20140610T175205-0700",
      "endTime" : "20140610T175235-0700",
      "duration" : 30.0,
      "distance" : 35.0,
      "steps" : 71,
      "trackPoints" : [ ]
    } ],
    "lastUpdate" : "20140611T043100Z"
  }, {
    "type" : "move",
    "startTime" : "20140610T175426-0700",
    "endTime" : "20140610T175921-0700",
    "activities" : [ {
      "activity" : "walking",
      "group" : "walking",
      "manual" : false,
      "startTime" : "20140610T175426-0700",
      "endTime" : "20140610T175922-0700",
      "duration" : 296.0,
      "distance" : 255.0,
      "steps" : 242,
      "trackPoints" : [ {
        "lat" : 37.8686860677,
        "lon" : -122.2590823391,
        "time" : "20140610T175426-0700"
      }, {
        "lat" : 37.868691165,
        "lon" : -122.2591815779,
        "time" : "20140610T175522-0700"
      }, {
        "lat" : 37.8687016149,
        "lon" : -122.2591724246,
        "time" : "20140610T175539-0700"
      }, {
        "lat" : 37.868869829,
        "lon" : -122.2589818686,
        "time" : "20140610T175603-0700"
      }, {
        "lat" : 37.8689844206,
        "lon" : -122.2587222009,
        "time" : "20140610T175621-0700"
      }, {
        "lat" : 37.8704821681,
        "lon" : -122.2585077862,
        "time" : "20140610T175921-0700"
      } ]
    } ],
    "lastUpdate" : "20140611T043100Z"
  }, {
    "type" : "place",
    "startTime" : "20140610T175922-0700",
    "endTime" : "20140610T203528-0700",
    "place" : {
      "id" : 74856197,
      "type" : "unknown",
      "location" : {
        "lat" : 37.8704821681,
        "lon" : -122.2585077862
      }
    },
    "activities" : [ {
      "activity" : "walking",
      "group" : "walking",
      "manual" : false,
      "startTime" : "20140610T181215-0700",
      "endTime" : "20140610T181418-0700",
      "duration" : 123.0,
      "distance" : 164.0,
      "steps" : 219,
      "trackPoints" : [ ]
    } ],
    "lastUpdate" : "20140611T043104Z"
  }, {
    "type" : "move",
    "startTime" : "20140610T203528-0700",
    "endTime" : "20140610T204244-0700",
    "activities" : [ {
      "activity" : "cycling",
      "group" : "cycling",
      "manual" : false,
      "startTime" : "20140610T203528-0700",
      "endTime" : "20140610T204244-0700",
      "duration" : 436.0,
      "distance" : 2572.0,
      "trackPoints" : [ {
        "lat" : 37.8704821681,
        "lon" : -122.2585077862,
        "time" : "20140610T203528-0700"
      }, {
        "lat" : 37.8685090707,
        "lon" : -122.2606445729,
        "time" : "20140610T203620-0700"
      }, {
        "lat" : 37.868223264,
        "lon" : -122.2629210424,
        "time" : "20140610T203647-0700"
      }, {
        "lat" : 37.8680347272,
        "lon" : -122.2646312508,
        "time" : "20140610T203705-0700"
      }, {
        "lat" : 37.8676084304,
        "lon" : -122.2665795044,
        "time" : "20140610T203729-0700"
      }, {
        "lat" : 37.8674547789,
        "lon" : -122.2677866421,
        "time" : "20140610T203752-0700"
      }, {
        "lat" : 37.867363351,
        "lon" : -122.2690666583,
        "time" : "20140610T203814-0700"
      }, {
        "lat" : 37.8671262451,
        "lon" : -122.2697945639,
        "time" : "20140610T203832-0700"
      }, {
        "lat" : 37.8663514237,
        "lon" : -122.26997665,
        "time" : "20140610T203852-0700"
      }, {
        "lat" : 37.8654334752,
        "lon" : -122.270859925,
        "time" : "20140610T203917-0700"
      }, {
        "lat" : 37.8651243864,
        "lon" : -122.2722591191,
        "time" : "20140610T203943-0700"
      }, {
        "lat" : 37.8649633304,
        "lon" : -122.272488143,
        "time" : "20140610T204000-0700"
      }, {
        "lat" : 37.8649579539,
        "lon" : -122.2737438755,
        "time" : "20140610T204025-0700"
      }, {
        "lat" : 37.8648101266,
        "lon" : -122.2750547878,
        "time" : "20140610T204042-0700"
      }, {
        "lat" : 37.864536213,
        "lon" : -122.2771077267,
        "time" : "20140610T204109-0700"
      }, {
        "lat" : 37.8642597518,
        "lon" : -122.2787153298,
        "time" : "20140610T204130-0700"
      }, {
        "lat" : 37.8641848382,
        "lon" : -122.2798619096,
        "time" : "20140610T204146-0700"
      }, {
        "lat" : 37.8640084768,
        "lon" : -122.2816867226,
        "time" : "20140610T204223-0700"
      }, {
        "lat" : 37.8651493645,
        "lon" : -122.282029798,
        "time" : "20140610T204244-0700"
      } ]
    } ],
    "lastUpdate" : "20140611T043104Z"
  }, {
    "type" : "place",
    "startTime" : "20140610T204244-0700",
    "endTime" : "20140611T102437-0700",
    "place" : {
      "id" : 72187887,
      "name" : "Home",
      "type" : "home",
      "location" : {
        "lat" : 37.8651493645,
        "lon" : -122.282029798
      }
    },
    "lastUpdate" : "20140611T203209Z"
  } ],
  "lastUpdate" : "20140611T203209Z"
} ]