[ {
  "date" : "20140702",
  "summary" : [ {
    "activity" : "walking",
    "group" : "walking",
    "duration" : 2185.0,
    "distance" : 2584.0,
    "steps" : 3292
  }, {
    "activity" : "transport",
    "group" : "transport",
    "duration" : 9325.0,
    "distance" : 139029.0
  }, {
    "activity" : "cycling",
    "group" : "cycling",
    "duration" : 334.0,
    "distance" : 1975.0
  } ],
  "segments" : [ {
    "type" : "place",
    "startTime" : "20140701T193036-0700",
    "endTime" : "20140702T154254-0700",
    "place" : {
      "id" : 72187887,
      "name" : "Home",
      "type" : "home",
      "location" : {
        "lat" : 37.8651493645,
        "lon" : -122.282029798
      }
    },
    "lastUpdate" : "20140703T003439Z"
  }, {
    "type" : "move",
    "startTime" : "20140702T154254-0700",
    "endTime" : "20140702T155254-0700",
    "activities" : [ {
      "activity" : "transport",
      "group" : "transport",
      "manual" : false,
      "startTime" : "20140702T154254-0700",
      "endTime" : "20140702T154653-0700",
      "duration" : 239.0,
      "distance" : 1323.0,
      "trackPoints" : [ {
        "lat" : 37.8651493645,
        "lon" : -122.282029798,
        "time" : "20140702T154254-0700"
      }, {
        "lat" : 37.8649454755,
        "lon" : -122.2813011056,
        "time" : "20140702T154308-0700"
      }, {
        "lat" : 37.8661712853,
        "lon" : -122.2785633406,
        "time" : "20140702T154328-0700"
      }, {
        "lat" : 37.8662967425,
        "lon" : -122.2777262971,
        "time" : "20140702T154343-0700"
      }, {
        "lat" : 37.8665078217,
        "lon" : -122.2765646037,
        "time" : "20140702T154403-0700"
      }, {
        "lat" : 37.8666640421,
        "lon" : -122.275780115,
        "time" : "20140702T154420-0700"
      }, {
        "lat" : 37.8668885075,
        "lon" : -122.2745556859,
        "time" : "20140702T154441-0700"
      }, {
        "lat" : 37.8679470637,
        "lon" : -122.2739507701,
        "time" : "20140702T154518-0700"
      }, {
        "lat" : 37.8690828767,
        "lon" : -122.2740655814,
        "time" : "20140702T154542-0700"
      }, {
        "lat" : 37.8704791179,
        "lon" : -122.2737554598,
        "time" : "20140702T154615-0700"
      }, {
        "lat" : 37.8705423429,
        "lon" : -122.2730003818,
        "time" : "20140702T154638-0700"
      }, {
        "lat" : 37.8705096402,
        "lon" : -122.2729279265,
        "time" : "20140702T154653-0700"
      } ]
    }, {
      "activity" : "walking",
      "group" : "walking",
      "manual" : false,
      "startTime" : "20140702T154653-0700",
      "endTime" : "20140702T155253-0700",
      "duration" : 360.0,
      "distance" : 536.0,
      "steps" : 447,
      "trackPoints" : [ {
        "lat" : 37.8705096402,
        "lon" : -122.2729279265,
        "time" : "20140702T154653-0700"
      }, {
        "lat" : 37.8706139525,
        "lon" : -122.2727957356,
        "time" : "20140702T154712-0700"
      }, {
        "lat" : 37.8707585532,
        "lon" : -122.2724525233,
        "time" : "20140702T154738-0700"
      }, {
        "lat" : 37.8706570935,
        "lon" : -122.2722837805,
        "time" : "20140702T154757-0700"
      }, {
        "lat" : 37.8706520811,
        "lon" : -122.2721500421,
        "time" : "20140702T154812-0700"
      }, {
        "lat" : 37.8706492034,
        "lon" : -122.2719405847,
        "time" : "20140702T154828-0700"
      }, {
        "lat" : 37.8707107394,
        "lon" : -122.2717200719,
        "time" : "20140702T154845-0700"
      }, {
        "lat" : 37.8708712019,
        "lon" : -122.271302047,
        "time" : "20140702T154912-0700"
      }, {
        "lat" : 37.8709720321,
        "lon" : -122.2710388183,
        "time" : "20140702T154934-0700"
      }, {
        "lat" : 37.8709768532,
        "lon" : -122.2705979694,
        "time" : "20140702T155002-0700"
      }, {
        "lat" : 37.8710017872,
        "lon" : -122.2702493184,
        "time" : "20140702T155020-0700"
      }, {
        "lat" : 37.8710336801,
        "lon" : -122.2697637438,
        "time" : "20140702T155043-0700"
      }, {
        "lat" : 37.8710425074,
        "lon" : -122.2694115846,
        "time" : "20140702T155109-0700"
      }, {
        "lat" : 37.8710684508,
        "lon" : -122.2693564198,
        "time" : "20140702T155145-0700"
      }, {
        "lat" : 37.8710646951,
        "lon" : -122.2693294843,
        "time" : "20140702T155202-0700"
      }, {
        "lat" : 37.8710268685,
        "lon" : -122.2690902008,
        "time" : "20140702T155221-0700"
      }, {
        "lat" : 37.8709856196,
        "lon" : -122.2688876539,
        "time" : "20140702T155237-0700"
      }, {
        "lat" : 37.8704362297,
        "lon" : -122.2662692272,
        "time" : "20140702T155254-0700"
      } ]
    } ],
    "lastUpdate" : "20140703T003439Z"
  }, {
    "type" : "place",
    "startTime" : "20140702T155254-0700",
    "endTime" : "20140702T170127-0700",
    "place" : {
      "id" : 77843155,
      "name" : "Siemens Berkeley",
      "type" : "work",
      "location" : {
        "lat" : 37.8704362297,
        "lon" : -122.2662692272
      }
    },
    "activities" : [ {
      "activity" : "walking",
      "group" : "walking",
      "manual" : false,
      "startTime" : "20140702T155554-0700",
      "endTime" : "20140702T155624-0700",
      "duration" : 30.0,
      "distance" : 30.0,
      "steps" : 61,
      "trackPoints" : [ ]
    } ],
    "lastUpdate" : "20140703T232952Z"
  }, {
    "type" : "move",
    "startTime" : "20140702T170127-0700",
    "endTime" : "20140702T170702-0700",
    "activities" : [ {
      "activity" : "cycling",
      "group" : "cycling",
      "manual" : false,
      "startTime" : "20140702T170127-0700",
      "endTime" : "20140702T170701-0700",
      "duration" : 334.0,
      "distance" : 1975.0,
      "trackPoints" : [ {
        "lat" : 37.8704362297,
        "lon" : -122.2662692272,
        "time" : "20140702T170127-0700"
      }, {
        "lat" : 37.8709814096,
        "lon" : -122.2706613646,
        "time" : "20140702T170239-0700"
      }, {
        "lat" : 37.8708017806,
        "lon" : -122.2711681076,
        "time" : "20140702T170254-0700"
      }, {
        "lat" : 37.8706835876,
        "lon" : -122.2724148462,
        "time" : "20140702T170311-0700"
      }, {
        "lat" : 37.870926025,
        "lon" : -122.2730644985,
        "time" : "20140702T170330-0700"
      }, {
        "lat" : 37.8706329602,
        "lon" : -122.2734639787,
        "time" : "20140702T170345-0700"
      }, {
        "lat" : 37.8703064922,
        "lon" : -122.2753953152,
        "time" : "20140702T170420-0700"
      }, {
        "lat" : 37.8700359019,
        "lon" : -122.2772626531,
        "time" : "20140702T170445-0700"
      }, {
        "lat" : 37.8697554305,
        "lon" : -122.2787608978,
        "time" : "20140702T170501-0700"
      }, {
        "lat" : 37.8694169465,
        "lon" : -122.2809466353,
        "time" : "20140702T170530-0700"
      }, {
        "lat" : 37.8685721576,
        "lon" : -122.2817456772,
        "time" : "20140702T170556-0700"
      }, {
        "lat" : 37.8664351047,
        "lon" : -122.2816488941,
        "time" : "20140702T170625-0700"
      }, {
        "lat" : 37.8651493645,
        "lon" : -122.282029798,
        "time" : "20140702T170702-0700"
      } ]
    } ],
    "lastUpdate" : "20140703T232952Z"
  }, {
    "type" : "place",
    "startTime" : "20140702T170702-0700",
    "endTime" : "20140702T173233-0700",
    "place" : {
      "id" : 72187887,
      "name" : "Home",
      "type" : "home",
      "location" : {
        "lat" : 37.8651493645,
        "lon" : -122.282029798
      }
    },
    "activities" : [ {
      "activity" : "walking",
      "group" : "walking",
      "manual" : false,
      "startTime" : "20140702T170752-0700",
      "endTime" : "20140702T170852-0700",
      "duration" : 60.0,
      "distance" : 46.0,
      "steps" : 92,
      "trackPoints" : [ ]
    } ],
    "lastUpdate" : "20140703T232952Z"
  }, {
    "type" : "move",
    "startTime" : "20140702T173233-0700",
    "endTime" : "20140702T184459-0700",
    "activities" : [ {
      "activity" : "walking",
      "group" : "walking",
      "manual" : false,
      "startTime" : "20140702T173233-0700",
      "endTime" : "20140702T174425-0700",
      "duration" : 712.0,
      "distance" : 1072.0,
      "steps" : 1207,
      "trackPoints" : [ {
        "lat" : 37.8651493645,
        "lon" : -122.282029798,
        "time" : "20140702T173233-0700"
      }, {
        "lat" : 37.8667481965,
        "lon" : -122.2817078983,
        "time" : "20140702T173440-0700"
      }, {
        "lat" : 37.8669984326,
        "lon" : -122.2818234805,
        "time" : "20140702T173510-0700"
      }, {
        "lat" : 37.8672062403,
        "lon" : -122.2818652252,
        "time" : "20140702T173528-0700"
      }, {
        "lat" : 37.8673842292,
        "lon" : -122.2818515812,
        "time" : "20140702T173548-0700"
      }, {
        "lat" : 37.8677506609,
        "lon" : -122.2817665589,
        "time" : "20140702T173621-0700"
      }, {
        "lat" : 37.868118686,
        "lon" : -122.2818468764,
        "time" : "20140702T173651-0700"
      }, {
        "lat" : 37.8684835323,
        "lon" : -122.2819607568,
        "time" : "20140702T173711-0700"
      }, {
        "lat" : 37.8686676853,
        "lon" : -122.2819720634,
        "time" : "20140702T173729-0700"
      }, {
        "lat" : 37.8689889293,
        "lon" : -122.2819441302,
        "time" : "20140702T173745-0700"
      }, {
        "lat" : 37.8695273215,
        "lon" : -122.2819343558,
        "time" : "20140702T173811-0700"
      }, {
        "lat" : 37.8701526992,
        "lon" : -122.2818397993,
        "time" : "20140702T173847-0700"
      }, {
        "lat" : 37.8703042024,
        "lon" : -122.281835156,
        "time" : "20140702T173904-0700"
      }, {
        "lat" : 37.8704557625,
        "lon" : -122.2818547383,
        "time" : "20140702T173927-0700"
      }, {
        "lat" : 37.8705839533,
        "lon" : -122.2819521454,
        "time" : "20140702T173950-0700"
      }, {
        "lat" : 37.8707608891,
        "lon" : -122.2820002662,
        "time" : "20140702T174013-0700"
      }, {
        "lat" : 37.8711434375,
        "lon" : -122.282156595,
        "time" : "20140702T174039-0700"
      }, {
        "lat" : 37.8712325166,
        "lon" : -122.2822367521,
        "time" : "20140702T174054-0700"
      }, {
        "lat" : 37.8715358325,
        "lon" : -122.2822599013,
        "time" : "20140702T174117-0700"
      }, {
        "lat" : 37.8717790606,
        "lon" : -122.2822721253,
        "time" : "20140702T174135-0700"
      }, {
        "lat" : 37.8721259952,
        "lon" : -122.2821675931,
        "time" : "20140702T174158-0700"
      }, {
        "lat" : 37.8726911008,
        "lon" : -122.2822478464,
        "time" : "20140702T174234-0700"
      }, {
        "lat" : 37.8731662805,
        "lon" : -122.2824957048,
        "time" : "20140702T174258-0700"
      }, {
        "lat" : 37.8732100887,
        "lon" : -122.282500613,
        "time" : "20140702T174316-0700"
      }, {
        "lat" : 37.8733817981,
        "lon" : -122.2826651004,
        "time" : "20140702T174332-0700"
      }, {
        "lat" : 37.8737735577,
        "lon" : -122.2829252519,
        "time" : "20140702T174352-0700"
      }, {
        "lat" : 37.8739614298,
        "lon" : -122.2829356742,
        "time" : "20140702T174425-0700"
      } ]
    }, {
      "activity" : "transport",
      "group" : "transport",
      "manual" : false,
      "startTime" : "20140702T174425-0700",
      "endTime" : "20140702T184459-0700",
      "duration" : 3634.0,
      "distance" : 51288.0,
      "trackPoints" : [ {
        "lat" : 37.8739614298,
        "lon" : -122.2829356742,
        "time" : "20140702T174425-0700"
      }, {
        "lat" : 37.8738741807,
        "lon" : -122.2828909621,
        "time" : "20140702T174443-0700"
      }, {
        "lat" : 37.8442995662,
        "lon" : -122.2706263992,
        "time" : "20140702T175147-0700"
      }, {
        "lat" : 37.8409683443,
        "lon" : -122.2699416403,
        "time" : "20140702T175206-0700"
      }, {
        "lat" : 37.8367696446,
        "lon" : -122.2684452075,
        "time" : "20140702T175230-0700"
      }, {
        "lat" : 37.828152876,
        "lon" : -122.2674476673,
        "time" : "20140702T175338-0700"
      }, {
        "lat" : 37.828300958,
        "lon" : -122.2673128016,
        "time" : "20140702T175354-0700"
      }, {
        "lat" : 37.8279854102,
        "lon" : -122.2672281668,
        "time" : "20140702T175410-0700"
      }, {
        "lat" : 37.8259479265,
        "lon" : -122.2678100303,
        "time" : "20140702T175425-0700"
      }, {
        "lat" : 37.822294611,
        "lon" : -122.2689579817,
        "time" : "20140702T175443-0700"
      }, {
        "lat" : 37.8158876012,
        "lon" : -122.2706939641,
        "time" : "20140702T175525-0700"
      }, {
        "lat" : 37.798721981,
        "lon" : -122.277440877,
        "time" : "20140702T175951-0700"
      }, {
        "lat" : 37.7988207621,
        "lon" : -122.2777915316,
        "time" : "20140702T175959-0700"
      }, {
        "lat" : 37.7988208822,
        "lon" : -122.2777919578,
        "time" : "20140702T180000-0700"
      }, {
        "lat" : 37.7994243043,
        "lon" : -122.279933994,
        "time" : "20140702T180050-0700"
      }, {
        "lat" : 37.8009119355,
        "lon" : -122.2826966557,
        "time" : "20140702T180111-0700"
      }, {
        "lat" : 37.8021953836,
        "lon" : -122.286253362,
        "time" : "20140702T180131-0700"
      }, {
        "lat" : 37.8027028927,
        "lon" : -122.28914973,
        "time" : "20140702T180148-0700"
      }, {
        "lat" : 37.8045120524,
        "lon" : -122.2943596727,
        "time" : "20140702T180220-0700"
      }, {
        "lat" : 37.8050819202,
        "lon" : -122.2956014107,
        "time" : "20140702T180258-0700"
      }, {
        "lat" : 37.8053094615,
        "lon" : -122.2960499854,
        "time" : "20140702T180325-0700"
      }, {
        "lat" : 37.8065351538,
        "lon" : -122.3002476541,
        "time" : "20140702T180347-0700"
      }, {
        "lat" : 37.807562764,
        "lon" : -122.3044913041,
        "time" : "20140702T180407-0700"
      }, {
        "lat" : 37.80828591,
        "lon" : -122.3101496952,
        "time" : "20140702T180425-0700"
      }, {
        "lat" : 37.8087956711,
        "lon" : -122.3157611682,
        "time" : "20140702T180441-0700"
      }, {
        "lat" : 37.8088682651,
        "lon" : -122.3178373314,
        "time" : "20140702T180457-0700"
      }, {
        "lat" : 37.7926172699,
        "lon" : -122.3992582381,
        "time" : "20140702T181144-0700"
      }, {
        "lat" : 37.7324375808,
        "lon" : -122.435151592,
        "time" : "20140702T182546-0700"
      }, {
        "lat" : 37.7270354599,
        "lon" : -122.445072905,
        "time" : "20140702T182633-0700"
      }, {
        "lat" : 37.7242453076,
        "lon" : -122.4468909185,
        "time" : "20140702T182701-0700"
      }, {
        "lat" : 37.7224488858,
        "lon" : -122.4477333943,
        "time" : "20140702T182727-0700"
      }, {
        "lat" : 37.7218422186,
        "lon" : -122.4474569805,
        "time" : "20140702T182744-0700"
      }, {
        "lat" : 37.7213300429,
        "lon" : -122.4475391317,
        "time" : "20140702T182818-0700"
      }, {
        "lat" : 37.715483707,
        "lon" : -122.4486287248,
        "time" : "20140702T182841-0700"
      }, {
        "lat" : 37.7130441488,
        "lon" : -122.4508341938,
        "time" : "20140702T182902-0700"
      }, {
        "lat" : 37.7099543784,
        "lon" : -122.4574801034,
        "time" : "20140702T182934-0700"
      }, {
        "lat" : 37.7100737078,
        "lon" : -122.4622356041,
        "time" : "20140702T183005-0700"
      }, {
        "lat" : 37.7087005835,
        "lon" : -122.4671035463,
        "time" : "20140702T183035-0700"
      }, {
        "lat" : 37.7067533999,
        "lon" : -122.4685898494,
        "time" : "20140702T183052-0700"
      }, {
        "lat" : 37.7058884055,
        "lon" : -122.4692034206,
        "time" : "20140702T183107-0700"
      }, {
        "lat" : 37.7059843895,
        "lon" : -122.4692181801,
        "time" : "20140702T183123-0700"
      }, {
        "lat" : 37.7043090101,
        "lon" : -122.4703424704,
        "time" : "20140702T183155-0700"
      }, {
        "lat" : 37.6987409443,
        "lon" : -122.4712469096,
        "time" : "20140702T183239-0700"
      }, {
        "lat" : 37.6898470717,
        "lon" : -122.4708320159,
        "time" : "20140702T183402-0700"
      }, {
        "lat" : 37.6871415285,
        "lon" : -122.4687259118,
        "time" : "20140702T183424-0700"
      }, {
        "lat" : 37.6852836486,
        "lon" : -122.46704371,
        "time" : "20140702T183443-0700"
      }, {
        "lat" : 37.6841287383,
        "lon" : -122.46597448,
        "time" : "20140702T183519-0700"
      }, {
        "lat" : 37.6372465374,
        "lon" : -122.4159333148,
        "time" : "20140702T184124-0700"
      }, {
        "lat" : 37.6176314687,
        "lon" : -122.40485816,
        "time" : "20140702T184319-0700"
      }, {
        "lat" : 37.6166147299,
        "lon" : -122.3929931064,
        "time" : "20140702T184429-0700"
      }, {
        "lat" : 37.616721722,
        "lon" : -122.3917111991,
        "time" : "20140702T184459-0700"
      } ]
    } ],
    "lastUpdate" : "20140703T232952Z"
  }, {
    "type" : "place",
    "startTime" : "20140702T184459-0700",
    "endTime" : "20140702T185456-0700",
    "place" : {
      "id" : 82320962,
      "type" : "unknown",
      "location" : {
        "lat" : 37.616721722,
        "lon" : -122.3917111991
      }
    },
    "lastUpdate" : "20140703T232952Z"
  }, {
    "type" : "move",
    "startTime" : "20140702T185456-0700",
    "endTime" : "20140702T194911-0700",
    "activities" : [ {
      "activity" : "transport",
      "group" : "transport",
      "manual" : false,
      "startTime" : "20140702T185456-0700",
      "endTime" : "20140702T194912-0700",
      "duration" : 3256.0,
      "distance" : 50397.0,
      "trackPoints" : [ {
        "lat" : 37.616721722,
        "lon" : -122.3917111991,
        "time" : "20140702T185456-0700"
      }, {
        "lat" : 37.6157793354,
        "lon" : -122.4001079253,
        "time" : "20140702T185556-0700"
      }, {
        "lat" : 37.6182847371,
        "lon" : -122.4030980417,
        "time" : "20140702T185613-0700"
      }, {
        "lat" : 37.6203091866,
        "lon" : -122.4051293058,
        "time" : "20140702T185629-0700"
      }, {
        "lat" : 37.6373922012,
        "lon" : -122.4158121668,
        "time" : "20140702T185827-0700"
      }, {
        "lat" : 37.6370487083,
        "lon" : -122.4156173047,
        "time" : "20140702T185915-0700"
      }, {
        "lat" : 37.6370487083,
        "lon" : -122.4156173047,
        "time" : "20140702T185959-0700"
      }, {
        "lat" : 37.6370487083,
        "lon" : -122.4156173047,
        "time" : "20140702T190000-0700"
      }, {
        "lat" : 37.6370487083,
        "lon" : -122.4156173047,
        "time" : "20140702T190009-0700"
      }, {
        "lat" : 37.6370487083,
        "lon" : -122.4156173047,
        "time" : "20140702T190024-0700"
      }, {
        "lat" : 37.6370487083,
        "lon" : -122.4156173047,
        "time" : "20140702T190040-0700"
      }, {
        "lat" : 37.6370487083,
        "lon" : -122.4156173047,
        "time" : "20140702T190146-0700"
      }, {
        "lat" : 37.6180651485,
        "lon" : -122.4042955054,
        "time" : "20140702T190313-0700"
      }, {
        "lat" : 37.6137880777,
        "lon" : -122.4002354439,
        "time" : "20140702T190329-0700"
      }, {
        "lat" : 37.6000905636,
        "lon" : -122.3864506426,
        "time" : "20140702T190554-0700"
      }, {
        "lat" : 37.5998686055,
        "lon" : -122.3869536867,
        "time" : "20140702T190622-0700"
      }, {
        "lat" : 37.5999981737,
        "lon" : -122.3869734896,
        "time" : "20140702T190642-0700"
      }, {
        "lat" : 37.5999835778,
        "lon" : -122.3869772935,
        "time" : "20140702T190702-0700"
      }, {
        "lat" : 37.5998893963,
        "lon" : -122.3869061159,
        "time" : "20140702T190717-0700"
      }, {
        "lat" : 37.5997762605,
        "lon" : -122.3867997756,
        "time" : "20140702T190734-0700"
      }, {
        "lat" : 37.5997750803,
        "lon" : -122.3868048289,
        "time" : "20140702T190752-0700"
      }, {
        "lat" : 37.5997817496,
        "lon" : -122.386809131,
        "time" : "20140702T190818-0700"
      }, {
        "lat" : 37.5997873443,
        "lon" : -122.3868111526,
        "time" : "20140702T190837-0700"
      }, {
        "lat" : 37.5997925548,
        "lon" : -122.3868114706,
        "time" : "20140702T190852-0700"
      }, {
        "lat" : 37.5997996493,
        "lon" : -122.3868111643,
        "time" : "20140702T190910-0700"
      }, {
        "lat" : 37.5998078311,
        "lon" : -122.3868128045,
        "time" : "20140702T190929-0700"
      }, {
        "lat" : 37.5998162927,
        "lon" : -122.3868145093,
        "time" : "20140702T190947-0700"
      }, {
        "lat" : 37.5998285814,
        "lon" : -122.386816358,
        "time" : "20140702T191011-0700"
      }, {
        "lat" : 37.5998437978,
        "lon" : -122.3868176899,
        "time" : "20140702T191032-0700"
      }, {
        "lat" : 37.5998456406,
        "lon" : -122.3868179439,
        "time" : "20140702T191054-0700"
      }, {
        "lat" : 37.5998456406,
        "lon" : -122.3868179439,
        "time" : "20140702T191111-0700"
      }, {
        "lat" : 37.5998417931,
        "lon" : -122.3868210895,
        "time" : "20140702T191128-0700"
      }, {
        "lat" : 37.5998380482,
        "lon" : -122.3868247601,
        "time" : "20140702T191149-0700"
      }, {
        "lat" : 37.5997317444,
        "lon" : -122.3869157915,
        "time" : "20140702T191205-0700"
      }, {
        "lat" : 37.5995673776,
        "lon" : -122.3870923816,
        "time" : "20140702T191236-0700"
      }, {
        "lat" : 37.599513503,
        "lon" : -122.3870330135,
        "time" : "20140702T191251-0700"
      }, {
        "lat" : 37.599476591,
        "lon" : -122.3869076028,
        "time" : "20140702T191312-0700"
      }, {
        "lat" : 37.5994167885,
        "lon" : -122.3868431024,
        "time" : "20140702T191337-0700"
      }, {
        "lat" : 37.5991425933,
        "lon" : -122.3866777596,
        "time" : "20140702T191418-0700"
      }, {
        "lat" : 37.5988464217,
        "lon" : -122.3864533101,
        "time" : "20140702T191434-0700"
      }, {
        "lat" : 37.5987316556,
        "lon" : -122.3859107347,
        "time" : "20140702T191454-0700"
      }, {
        "lat" : 37.5957312397,
        "lon" : -122.3820898008,
        "time" : "20140702T191515-0700"
      }, {
        "lat" : 37.593785412,
        "lon" : -122.3772451844,
        "time" : "20140702T191537-0700"
      }, {
        "lat" : 37.591910692,
        "lon" : -122.3739277949,
        "time" : "20140702T191555-0700"
      }, {
        "lat" : 37.587424883,
        "lon" : -122.3634188726,
        "time" : "20140702T191635-0700"
      }, {
        "lat" : 37.5852570057,
        "lon" : -122.3567797962,
        "time" : "20140702T191659-0700"
      }, {
        "lat" : 37.5813990798,
        "lon" : -122.3490971606,
        "time" : "20140702T191728-0700"
      }, {
        "lat" : 37.5742578046,
        "lon" : -122.331638237,
        "time" : "20140702T191823-0700"
      }, {
        "lat" : 37.5679021558,
        "lon" : -122.3250504398,
        "time" : "20140702T191848-0700"
      }, {
        "lat" : 37.5647877311,
        "lon" : -122.3203874997,
        "time" : "20140702T191904-0700"
      }, {
        "lat" : 37.5603253015,
        "lon" : -122.3154121467,
        "time" : "20140702T191921-0700"
      }, {
        "lat" : 37.5549914828,
        "lon" : -122.3108813425,
        "time" : "20140702T191941-0700"
      }, {
        "lat" : 37.5501958102,
        "lon" : -122.3083069269,
        "time" : "20140702T191957-0700"
      }, {
        "lat" : 37.5434941519,
        "lon" : -122.303781097,
        "time" : "20140702T192024-0700"
      }, {
        "lat" : 37.5389107188,
        "lon" : -122.300524646,
        "time" : "20140702T192055-0700"
      }, {
        "lat" : 37.5380037584,
        "lon" : -122.2996497085,
        "time" : "20140702T192116-0700"
      }, {
        "lat" : 37.5380256596,
        "lon" : -122.2991568678,
        "time" : "20140702T192138-0700"
      }, {
        "lat" : 37.5373612191,
        "lon" : -122.2985140541,
        "time" : "20140702T192228-0700"
      }, {
        "lat" : 37.536790833,
        "lon" : -122.2973885697,
        "time" : "20140702T192245-0700"
      }, {
        "lat" : 37.5355426501,
        "lon" : -122.2953085245,
        "time" : "20140702T192302-0700"
      }, {
        "lat" : 37.5335663646,
        "lon" : -122.292980098,
        "time" : "20140702T192318-0700"
      }, {
        "lat" : 37.5304277552,
        "lon" : -122.2885975993,
        "time" : "20140702T192341-0700"
      }, {
        "lat" : 37.5272656527,
        "lon" : -122.2843141164,
        "time" : "20140702T192406-0700"
      }, {
        "lat" : 37.5188920071,
        "lon" : -122.2743569599,
        "time" : "20140702T192451-0700"
      }, {
        "lat" : 37.5163981863,
        "lon" : -122.2710563781,
        "time" : "20140702T192507-0700"
      }, {
        "lat" : 37.5113026058,
        "lon" : -122.2661126758,
        "time" : "20140702T192531-0700"
      }, {
        "lat" : 37.5070902155,
        "lon" : -122.260638477,
        "time" : "20140702T192548-0700"
      }, {
        "lat" : 37.5027144786,
        "lon" : -122.2556746752,
        "time" : "20140702T192607-0700"
      }, {
        "lat" : 37.4988208274,
        "lon" : -122.2511665197,
        "time" : "20140702T192623-0700"
      }, {
        "lat" : 37.4941534769,
        "lon" : -122.2456642084,
        "time" : "20140702T192643-0700"
      }, {
        "lat" : 37.4897840351,
        "lon" : -122.2376548823,
        "time" : "20140702T192708-0700"
      }, {
        "lat" : 37.4875614234,
        "lon" : -122.2342812702,
        "time" : "20140702T192727-0700"
      }, {
        "lat" : 37.4863473308,
        "lon" : -122.2322432549,
        "time" : "20140702T192742-0700"
      }, {
        "lat" : 37.485690806,
        "lon" : -122.2313633837,
        "time" : "20140702T192800-0700"
      }, {
        "lat" : 37.4855199098,
        "lon" : -122.2312511864,
        "time" : "20140702T192827-0700"
      }, {
        "lat" : 37.4854557649,
        "lon" : -122.2311301764,
        "time" : "20140702T192843-0700"
      }, {
        "lat" : 37.4853081375,
        "lon" : -122.2309173662,
        "time" : "20140702T192908-0700"
      }, {
        "lat" : 37.4848280773,
        "lon" : -122.2299929053,
        "time" : "20140702T192926-0700"
      }, {
        "lat" : 37.4835883844,
        "lon" : -122.2275480741,
        "time" : "20140702T192947-0700"
      }, {
        "lat" : 37.4790921131,
        "lon" : -122.2208254156,
        "time" : "20140702T193023-0700"
      }, {
        "lat" : 37.4736649755,
        "lon" : -122.2121867678,
        "time" : "20140702T193100-0700"
      }, {
        "lat" : 37.4705036738,
        "lon" : -122.207287279,
        "time" : "20140702T193119-0700"
      }, {
        "lat" : 37.4663064918,
        "lon" : -122.200467591,
        "time" : "20140702T193145-0700"
      }, {
        "lat" : 37.4569136694,
        "lon" : -122.185265291,
        "time" : "20140702T193252-0700"
      }, {
        "lat" : 37.455138013,
        "lon" : -122.182798283,
        "time" : "20140702T193310-0700"
      }, {
        "lat" : 37.454566952,
        "lon" : -122.1821118681,
        "time" : "20140702T193329-0700"
      }, {
        "lat" : 37.4544653056,
        "lon" : -122.1820090099,
        "time" : "20140702T193348-0700"
      }, {
        "lat" : 37.4544725635,
        "lon" : -122.1819861018,
        "time" : "20140702T193417-0700"
      }, {
        "lat" : 37.4520236976,
        "lon" : -122.1778784541,
        "time" : "20140702T193507-0700"
      }, {
        "lat" : 37.4501741715,
        "lon" : -122.1750077499,
        "time" : "20140702T193523-0700"
      }, {
        "lat" : 37.4480372819,
        "lon" : -122.1718285493,
        "time" : "20140702T193539-0700"
      }, {
        "lat" : 37.4454624389,
        "lon" : -122.1673065093,
        "time" : "20140702T193606-0700"
      }, {
        "lat" : 37.4435252181,
        "lon" : -122.1649264671,
        "time" : "20140702T193629-0700"
      }, {
        "lat" : 37.443011495,
        "lon" : -122.1645294762,
        "time" : "20140702T193703-0700"
      }, {
        "lat" : 37.4429323812,
        "lon" : -122.1642829947,
        "time" : "20140702T193719-0700"
      }, {
        "lat" : 37.4429045122,
        "lon" : -122.1641767378,
        "time" : "20140702T193736-0700"
      }, {
        "lat" : 37.44289289,
        "lon" : -122.1641343621,
        "time" : "20140702T193753-0700"
      }, {
        "lat" : 37.4429941487,
        "lon" : -122.1642337865,
        "time" : "20140702T193810-0700"
      }, {
        "lat" : 37.4420666786,
        "lon" : -122.162825505,
        "time" : "20140702T193834-0700"
      }, {
        "lat" : 37.4407880272,
        "lon" : -122.1609097675,
        "time" : "20140702T193851-0700"
      }, {
        "lat" : 37.4385502802,
        "lon" : -122.1570646889,
        "time" : "20140702T193910-0700"
      }, {
        "lat" : 37.435482572,
        "lon" : -122.1516180828,
        "time" : "20140702T193932-0700"
      }, {
        "lat" : 37.4312354262,
        "lon" : -122.1450926673,
        "time" : "20140702T194004-0700"
      }, {
        "lat" : 37.4289941136,
        "lon" : -122.1420023391,
        "time" : "20140702T194023-0700"
      }, {
        "lat" : 37.4286228396,
        "lon" : -122.141175692,
        "time" : "20140702T194039-0700"
      }, {
        "lat" : 37.4285040553,
        "lon" : -122.1409626216,
        "time" : "20140702T194058-0700"
      }, {
        "lat" : 37.4284548251,
        "lon" : -122.1409024871,
        "time" : "20140702T194124-0700"
      }, {
        "lat" : 37.4284561374,
        "lon" : -122.1409059689,
        "time" : "20140702T194147-0700"
      }, {
        "lat" : 37.4278495164,
        "lon" : -122.1399476274,
        "time" : "20140702T194230-0700"
      }, {
        "lat" : 37.4265026059,
        "lon" : -122.1371554511,
        "time" : "20140702T194254-0700"
      }, {
        "lat" : 37.4240758178,
        "lon" : -122.1338133905,
        "time" : "20140702T194312-0700"
      }, {
        "lat" : 37.4207415036,
        "lon" : -122.1284514589,
        "time" : "20140702T194338-0700"
      }, {
        "lat" : 37.4158122919,
        "lon" : -122.1206972315,
        "time" : "20140702T194412-0700"
      }, {
        "lat" : 37.4131259033,
        "lon" : -122.1162354626,
        "time" : "20140702T194431-0700"
      }, {
        "lat" : 37.4104703646,
        "lon" : -122.1122471765,
        "time" : "20140702T194447-0700"
      }, {
        "lat" : 37.4084227748,
        "lon" : -122.1100646727,
        "time" : "20140702T194503-0700"
      }, {
        "lat" : 37.4075201578,
        "lon" : -122.1075877287,
        "time" : "20140702T194521-0700"
      }, {
        "lat" : 37.4070841767,
        "lon" : -122.1069098073,
        "time" : "20140702T194536-0700"
      }, {
        "lat" : 37.406918823,
        "lon" : -122.1067466521,
        "time" : "20140702T194559-0700"
      }, {
        "lat" : 37.4069388519,
        "lon" : -122.1067603468,
        "time" : "20140702T194622-0700"
      }, {
        "lat" : 37.4058009548,
        "lon" : -122.1046789298,
        "time" : "20140702T194656-0700"
      }, {
        "lat" : 37.4047235711,
        "lon" : -122.1021935294,
        "time" : "20140702T194712-0700"
      }, {
        "lat" : 37.4037599682,
        "lon" : -122.0992614578,
        "time" : "20140702T194728-0700"
      }, {
        "lat" : 37.4023173438,
        "lon" : -122.0957965617,
        "time" : "20140702T194744-0700"
      }, {
        "lat" : 37.4002792097,
        "lon" : -122.0909235525,
        "time" : "20140702T194805-0700"
      }, {
        "lat" : 37.3980466013,
        "lon" : -122.0865155994,
        "time" : "20140702T194824-0700"
      }, {
        "lat" : 37.3943299456,
        "lon" : -122.0760016991,
        "time" : "20140702T194911-0700"
      } ]
    } ],
    "lastUpdate" : "20140703T232952Z"
  }, {
    "type" : "place",
    "startTime" : "20140702T194911-0700",
    "endTime" : "20140702T195331-0700",
    "place" : {
      "id" : 82320989,
      "type" : "unknown",
      "location" : {
        "lat" : 37.3943299456,
        "lon" : -122.0760016991
      }
    },
    "activities" : [ {
      "activity" : "walking",
      "group" : "walking",
      "manual" : false,
      "startTime" : "20140702T194940-0700",
      "endTime" : "20140702T195040-0700",
      "duration" : 60.0,
      "distance" : 46.0,
      "steps" : 92,
      "trackPoints" : [ ]
    } ],
    "lastUpdate" : "20140703T232952Z"
  }, {
    "type" : "move",
    "startTime" : "20140702T195331-0700",
    "endTime" : "20140702T200341-0700",
    "activities" : [ {
      "activity" : "walking",
      "group" : "walking",
      "manual" : false,
      "startTime" : "20140702T195331-0700",
      "endTime" : "20140702T200342-0700",
      "duration" : 611.0,
      "distance" : 643.0,
      "steps" : 1016,
      "trackPoints" : [ {
        "lat" : 37.3943299456,
        "lon" : -122.0760016991,
        "time" : "20140702T195331-0700"
      }, {
        "lat" : 37.3942759756,
        "lon" : -122.0763121093,
        "time" : "20140702T195348-0700"
      }, {
        "lat" : 37.3942680937,
        "lon" : -122.0763573869,
        "time" : "20140702T195404-0700"
      }, {
        "lat" : 37.39428446,
        "lon" : -122.0765903271,
        "time" : "20140702T195441-0700"
      }, {
        "lat" : 37.3942481156,
        "lon" : -122.076847283,
        "time" : "20140702T195500-0700"
      }, {
        "lat" : 37.3943088069,
        "lon" : -122.0770268638,
        "time" : "20140702T195515-0700"
      }, {
        "lat" : 37.3943965581,
        "lon" : -122.0772462887,
        "time" : "20140702T195531-0700"
      }, {
        "lat" : 37.3943626264,
        "lon" : -122.0774912481,
        "time" : "20140702T195546-0700"
      }, {
        "lat" : 37.3944811818,
        "lon" : -122.0775983995,
        "time" : "20140702T195609-0700"
      }, {
        "lat" : 37.3945830195,
        "lon" : -122.0779037467,
        "time" : "20140702T195627-0700"
      }, {
        "lat" : 37.3945295723,
        "lon" : -122.0783853105,
        "time" : "20140702T195700-0700"
      }, {
        "lat" : 37.3942448574,
        "lon" : -122.0786831374,
        "time" : "20140702T195731-0700"
      }, {
        "lat" : 37.3940490758,
        "lon" : -122.0788428896,
        "time" : "20140702T195752-0700"
      }, {
        "lat" : 37.3938707309,
        "lon" : -122.0789657636,
        "time" : "20140702T195822-0700"
      }, {
        "lat" : 37.3938073111,
        "lon" : -122.0790498711,
        "time" : "20140702T195839-0700"
      }, {
        "lat" : 37.3937237957,
        "lon" : -122.07910087,
        "time" : "20140702T195855-0700"
      }, {
        "lat" : 37.3937532642,
        "lon" : -122.0791597595,
        "time" : "20140702T195913-0700"
      }, {
        "lat" : 37.3936836264,
        "lon" : -122.0790734625,
        "time" : "20140702T195930-0700"
      }, {
        "lat" : 37.3936971723,
        "lon" : -122.0790485333,
        "time" : "20140702T195946-0700"
      }, {
        "lat" : 37.3937935399,
        "lon" : -122.0789945654,
        "time" : "20140702T195959-0700"
      }, {
        "lat" : 37.3937936115,
        "lon" : -122.0789945253,
        "time" : "20140702T200000-0700"
      }, {
        "lat" : 37.3938890098,
        "lon" : -122.0789411003,
        "time" : "20140702T200013-0700"
      }, {
        "lat" : 37.3940949359,
        "lon" : -122.078810376,
        "time" : "20140702T200043-0700"
      }, {
        "lat" : 37.3942702123,
        "lon" : -122.0786504574,
        "time" : "20140702T200106-0700"
      }, {
        "lat" : 37.3944504805,
        "lon" : -122.0783712786,
        "time" : "20140702T200132-0700"
      }, {
        "lat" : 37.3945064631,
        "lon" : -122.0780705532,
        "time" : "20140702T200149-0700"
      }, {
        "lat" : 37.3944594906,
        "lon" : -122.077725906,
        "time" : "20140702T200206-0700"
      }, {
        "lat" : 37.3944069895,
        "lon" : -122.0773861847,
        "time" : "20140702T200222-0700"
      }, {
        "lat" : 37.3943829903,
        "lon" : -122.0771612363,
        "time" : "20140702T200241-0700"
      }, {
        "lat" : 37.3945106976,
        "lon" : -122.0769696391,
        "time" : "20140702T200309-0700"
      }, {
        "lat" : 37.3945156848,
        "lon" : -122.0766913642,
        "time" : "20140702T200325-0700"
      }, {
        "lat" : 37.3945198311,
        "lon" : -122.0766327694,
        "time" : "20140702T200341-0700"
      } ]
    } ],
    "lastUpdate" : "20140703T232952Z"
  }, {
    "type" : "place",
    "startTime" : "20140702T200341-0700",
    "endTime" : "20140702T201114-0700",
    "place" : {
      "id" : 82320990,
      "type" : "unknown",
      "location" : {
        "lat" : 37.3945198311,
        "lon" : -122.0766327694
      }
    },
    "lastUpdate" : "20140703T232952Z"
  }, {
    "type" : "move",
    "startTime" : "20140702T201114-0700",
    "endTime" : "20140702T202012-0700",
    "activities" : [ {
      "activity" : "transport",
      "group" : "transport",
      "manual" : false,
      "startTime" : "20140702T201114-0700",
      "endTime" : "20140702T202012-0700",
      "duration" : 538.0,
      "distance" : 6934.0,
      "trackPoints" : [ {
        "lat" : 37.3945198311,
        "lon" : -122.0766327694,
        "time" : "20140702T201114-0700"
      }, {
        "lat" : 37.3944907441,
        "lon" : -122.0766015014,
        "time" : "20140702T201130-0700"
      }, {
        "lat" : 37.3943518351,
        "lon" : -122.0764370262,
        "time" : "20140702T201152-0700"
      }, {
        "lat" : 37.3940985433,
        "lon" : -122.0760676038,
        "time" : "20140702T201215-0700"
      }, {
        "lat" : 37.3936592742,
        "lon" : -122.0752292457,
        "time" : "20140702T201231-0700"
      }, {
        "lat" : 37.3922660673,
        "lon" : -122.0721862126,
        "time" : "20140702T201305-0700"
      }, {
        "lat" : 37.3919068028,
        "lon" : -122.0715744819,
        "time" : "20140702T201322-0700"
      }, {
        "lat" : 37.3917988467,
        "lon" : -122.0714112296,
        "time" : "20140702T201356-0700"
      }, {
        "lat" : 37.38083222,
        "lon" : -122.0681392617,
        "time" : "20140702T201512-0700"
      }, {
        "lat" : 37.3769913652,
        "lon" : -122.0678511161,
        "time" : "20140702T201529-0700"
      }, {
        "lat" : 37.3735592267,
        "lon" : -122.0679060696,
        "time" : "20140702T201546-0700"
      }, {
        "lat" : 37.3687616197,
        "lon" : -122.0648933027,
        "time" : "20140702T201613-0700"
      }, {
        "lat" : 37.3632006227,
        "lon" : -122.063102228,
        "time" : "20140702T201637-0700"
      }, {
        "lat" : 37.3590496167,
        "lon" : -122.0629129356,
        "time" : "20140702T201656-0700"
      }, {
        "lat" : 37.3523457773,
        "lon" : -122.0612312053,
        "time" : "20140702T201728-0700"
      }, {
        "lat" : 37.3522417994,
        "lon" : -122.0588845587,
        "time" : "20140702T201823-0700"
      }, {
        "lat" : 37.3522885801,
        "lon" : -122.0515684375,
        "time" : "20140702T201857-0700"
      }, {
        "lat" : 37.352050518,
        "lon" : -122.0506949405,
        "time" : "20140702T201912-0700"
      }, {
        "lat" : 37.3511388552,
        "lon" : -122.0511751769,
        "time" : "20140702T201943-0700"
      }, {
        "lat" : 37.350963,
        "lon" : -122.050749,
        "time" : "20140702T202012-0700"
      } ]
    } ],
    "lastUpdate" : "20140703T232952Z"
  }, {
    "type" : "place",
    "startTime" : "20140702T202012-0700",
    "endTime" : "20140702T214314-0700",
    "place" : {
      "id" : 82558465,
      "name" : "Saravana Bhavan",
      "type" : "foursquare",
      "foursquareId" : "458e49d4f964a52011401fe3",
      "foursquareCategoryIds" : [ "4bf58dd8d48988d10f941735" ],
      "location" : {
        "lat" : 37.350963,
        "lon" : -122.050749
      }
    },
    "activities" : [ {
      "activity" : "walking",
      "group" : "walking",
      "manual" : false,
      "startTime" : "20140702T202018-0700",
      "endTime" : "20140702T202048-0700",
      "duration" : 30.0,
      "distance" : 30.0,
      "steps" : 61,
      "trackPoints" : [ ]
    } ],
    "lastUpdate" : "20140703T232952Z"
  }, {
    "type" : "move",
    "startTime" : "20140702T214314-0700",
    "endTime" : "20140702T215429-0700",
    "activities" : [ {
      "activity" : "transport",
      "group" : "transport",
      "manual" : false,
      "startTime" : "20140702T214314-0700",
      "endTime" : "20140702T215429-0700",
      "duration" : 675.0,
      "distance" : 8438.0,
      "trackPoints" : [ {
        "lat" : 37.350963,
        "lon" : -122.050749,
        "time" : "20140702T214314-0700"
      }, {
        "lat" : 37.3522007525,
        "lon" : -122.0572171902,
        "time" : "20140702T214407-0700"
      }, {
        "lat" : 37.3522646934,
        "lon" : -122.0601948581,
        "time" : "20140702T214427-0700"
      }, {
        "lat" : 37.3550801052,
        "lon" : -122.0618266808,
        "time" : "20140702T214449-0700"
      }, {
        "lat" : 37.3610253428,
        "lon" : -122.0630768846,
        "time" : "20140702T214514-0700"
      }, {
        "lat" : 37.3679864841,
        "lon" : -122.064506291,
        "time" : "20140702T214540-0700"
      }, {
        "lat" : 37.3807386324,
        "lon" : -122.067885226,
        "time" : "20140702T214633-0700"
      }, {
        "lat" : 37.3906922002,
        "lon" : -122.0678599729,
        "time" : "20140702T214720-0700"
      }, {
        "lat" : 37.3913465446,
        "lon" : -122.0700367828,
        "time" : "20140702T214742-0700"
      }, {
        "lat" : 37.3920131097,
        "lon" : -122.0714443853,
        "time" : "20140702T214800-0700"
      }, {
        "lat" : 37.3926928012,
        "lon" : -122.0731331842,
        "time" : "20140702T214816-0700"
      }, {
        "lat" : 37.3935364379,
        "lon" : -122.0751382901,
        "time" : "20140702T214837-0700"
      }, {
        "lat" : 37.3940713506,
        "lon" : -122.0764818944,
        "time" : "20140702T214859-0700"
      }, {
        "lat" : 37.3943457886,
        "lon" : -122.0773303548,
        "time" : "20140702T214945-0700"
      }, {
        "lat" : 37.3943457886,
        "lon" : -122.0773303548,
        "time" : "20140702T215014-0700"
      }, {
        "lat" : 37.3943457886,
        "lon" : -122.0773303548,
        "time" : "20140702T215050-0700"
      }, {
        "lat" : 37.3943457886,
        "lon" : -122.0773303548,
        "time" : "20140702T215112-0700"
      }, {
        "lat" : 37.394797889,
        "lon" : -122.0781900783,
        "time" : "20140702T215128-0700"
      }, {
        "lat" : 37.3970372461,
        "lon" : -122.0809900475,
        "time" : "20140702T215204-0700"
      }, {
        "lat" : 37.3983901369,
        "lon" : -122.0808258965,
        "time" : "20140702T215219-0700"
      }, {
        "lat" : 37.3995581339,
        "lon" : -122.0809267084,
        "time" : "20140702T215241-0700"
      }, {
        "lat" : 37.3996978986,
        "lon" : -122.0812628005,
        "time" : "20140702T215300-0700"
      }, {
        "lat" : 37.4001023787,
        "lon" : -122.0825342269,
        "time" : "20140702T215323-0700"
      }, {
        "lat" : 37.4007549036,
        "lon" : -122.0850213514,
        "time" : "20140702T215343-0700"
      }, {
        "lat" : 37.4026130315,
        "lon" : -122.0849180314,
        "time" : "20140702T215403-0700"
      }, {
        "lat" : 37.403213609,
        "lon" : -122.0854344467,
        "time" : "20140702T215429-0700"
      } ]
    } ],
    "lastUpdate" : "20140703T232952Z"
  }, {
    "type" : "place",
    "startTime" : "20140702T215429-0700",
    "endTime" : "20140702T230803-0700",
    "place" : {
      "id" : 81375678,
      "name" : "Home",
      "type" : "home",
      "location" : {
        "lat" : 37.403213609,
        "lon" : -122.0854344467
      }
    },
    "activities" : [ {
      "activity" : "walking",
      "group" : "walking",
      "manual" : false,
      "startTime" : "20140702T215439-0700",
      "endTime" : "20140702T215509-0700",
      "duration" : 30.0,
      "distance" : 20.0,
      "steps" : 41,
      "trackPoints" : [ ]
    } ],
    "lastUpdate" : "20140703T232952Z"
  }, {
    "type" : "move",
    "startTime" : "20140702T230803-0700",
    "endTime" : "20140702T232917-0700",
    "activities" : [ {
      "activity" : "transport",
      "group" : "transport",
      "manual" : false,
      "startTime" : "20140702T230803-0700",
      "endTime" : "20140702T232426-0700",
      "duration" : 983.0,
      "distance" : 20649.0,
      "trackPoints" : [ {
        "lat" : 37.403213609,
        "lon" : -122.0854344467,
        "time" : "20140702T230803-0700"
      }, {
        "lat" : 37.4016381405,
        "lon" : -122.0403617993,
        "time" : "20140702T231139-0700"
      }, {
        "lat" : 37.4003727932,
        "lon" : -122.0355096422,
        "time" : "20140702T231207-0700"
      }, {
        "lat" : 37.3999337043,
        "lon" : -122.0365980495,
        "time" : "20140702T231228-0700"
      }, {
        "lat" : 37.4188909386,
        "lon" : -121.9660070484,
        "time" : "20140702T231604-0700"
      }, {
        "lat" : 37.4191714091,
        "lon" : -121.9594534553,
        "time" : "20140702T231622-0700"
      }, {
        "lat" : 37.4192867038,
        "lon" : -121.953268824,
        "time" : "20140702T231639-0700"
      }, {
        "lat" : 37.4193252485,
        "lon" : -121.9476615156,
        "time" : "20140702T231658-0700"
      }, {
        "lat" : 37.4266635924,
        "lon" : -121.9131615791,
        "time" : "20140702T231856-0700"
      }, {
        "lat" : 37.4277931204,
        "lon" : -121.9086663328,
        "time" : "20140702T231928-0700"
      }, {
        "lat" : 37.4278448857,
        "lon" : -121.9084341898,
        "time" : "20140702T231950-0700"
      }, {
        "lat" : 37.4278048505,
        "lon" : -121.9083564849,
        "time" : "20140702T232007-0700"
      }, {
        "lat" : 37.428234341,
        "lon" : -121.9066237221,
        "time" : "20140702T232034-0700"
      }, {
        "lat" : 37.4260764785,
        "lon" : -121.9057715279,
        "time" : "20140702T232102-0700"
      }, {
        "lat" : 37.4238681387,
        "lon" : -121.9050232961,
        "time" : "20140702T232121-0700"
      }, {
        "lat" : 37.4186843444,
        "lon" : -121.9039175644,
        "time" : "20140702T232216-0700"
      }, {
        "lat" : 37.4170438375,
        "lon" : -121.9028319869,
        "time" : "20140702T232240-0700"
      }, {
        "lat" : 37.4164038572,
        "lon" : -121.9023164409,
        "time" : "20140702T232303-0700"
      }, {
        "lat" : 37.4163776824,
        "lon" : -121.9022341125,
        "time" : "20140702T232343-0700"
      }, {
        "lat" : 37.4174517345,
        "lon" : -121.9000372276,
        "time" : "20140702T232409-0700"
      }, {
        "lat" : 37.4175308147,
        "lon" : -121.8998725094,
        "time" : "20140702T232426-0700"
      } ]
    }, {
      "activity" : "walking",
      "group" : "walking",
      "manual" : false,
      "startTime" : "20140702T232426-0700",
      "endTime" : "20140702T232918-0700",
      "duration" : 292.0,
      "distance" : 161.0,
      "steps" : 275,
      "trackPoints" : [ {
        "lat" : 37.4175308147,
        "lon" : -121.8998725094,
        "time" : "20140702T232426-0700"
      }, {
        "lat" : 37.4175997356,
        "lon" : -121.8996517433,
        "time" : "20140702T232441-0700"
      }, {
        "lat" : 37.4176069137,
        "lon" : -121.8992930775,
        "time" : "20140702T232458-0700"
      }, {
        "lat" : 37.4175606998,
        "lon" : -121.8988497567,
        "time" : "20140702T232521-0700"
      }, {
        "lat" : 37.4175394362,
        "lon" : -121.8987325006,
        "time" : "20140702T232539-0700"
      }, {
        "lat" : 37.4175129935,
        "lon" : -121.8987119346,
        "time" : "20140702T232559-0700"
      }, {
        "lat" : 37.4174492851,
        "lon" : -121.8987913227,
        "time" : "20140702T232622-0700"
      }, {
        "lat" : 37.4174482303,
        "lon" : -121.8986960069,
        "time" : "20140702T232645-0700"
      }, {
        "lat" : 37.4174527238,
        "lon" : -121.8987197501,
        "time" : "20140702T232707-0700"
      }, {
        "lat" : 37.4174716255,
        "lon" : -121.8987877027,
        "time" : "20140702T232743-0700"
      }, {
        "lat" : 37.4174887512,
        "lon" : -121.8988379905,
        "time" : "20140702T232813-0700"
      }, {
        "lat" : 37.4175568399,
        "lon" : -121.8990236057,
        "time" : "20140702T232917-0700"
      } ]
    } ],
    "lastUpdate" : "20140703T232952Z"
  }, {
    "type" : "place",
    "startTime" : "20140702T232918-0700",
    "endTime" : "20140703T005919-0700",
    "place" : {
      "id" : 82558504,
      "type" : "unknown",
      "location" : {
        "lat" : 37.4175568399,
        "lon" : -121.8990236057
      }
    },
    "lastUpdate" : "20140703T232952Z"
  } ],
  "lastUpdate" : "20140703T232952Z"
} ]