[ {
  "date" : "20140706",
  "summary" : [ {
    "activity" : "walking",
    "group" : "walking",
    "duration" : 317.0,
    "distance" : 277.0,
    "steps" : 553
  }, {
    "activity" : "transport",
    "group" : "transport",
    "duration" : 6870.0,
    "distance" : 108151.0
  } ],
  "segments" : [ {
    "type" : "place",
    "startTime" : "20140705T231831-0700",
    "endTime" : "20140706T095208-0700",
    "place" : {
      "id" : 81375678,
      "name" : "Home",
      "type" : "home",
      "location" : {
        "lat" : 37.403213609,
        "lon" : -122.0854344467
      }
    },
    "activities" : [ {
      "activity" : "walking",
      "group" : "walking",
      "manual" : false,
      "startTime" : "20140706T093919-0700",
      "endTime" : "20140706T094019-0700",
      "duration" : 60.0,
      "distance" : 51.0,
      "steps" : 101,
      "trackPoints" : [ ]
    } ],
    "lastUpdate" : "20140706T193727Z"
  }, {
    "type" : "move",
    "startTime" : "20140706T095208-0700",
    "endTime" : "20140706T102814-0700",
    "activities" : [ {
      "activity" : "transport",
      "group" : "transport",
      "manual" : false,
      "startTime" : "20140706T095208-0700",
      "endTime" : "20140706T102814-0700",
      "duration" : 2166.0,
      "distance" : 4637.0,
      "trackPoints" : [ {
        "lat" : 37.403213609,
        "lon" : -122.0854344467,
        "time" : "20140706T095208-0700"
      }, {
        "lat" : 37.4068439459,
        "lon" : -122.0904021172,
        "time" : "20140706T095710-0700"
      }, {
        "lat" : 37.4072327793,
        "lon" : -122.0900951538,
        "time" : "20140706T095734-0700"
      }, {
        "lat" : 37.4077360734,
        "lon" : -122.089815189,
        "time" : "20140706T095802-0700"
      }, {
        "lat" : 37.4079683435,
        "lon" : -122.0897128132,
        "time" : "20140706T095818-0700"
      }, {
        "lat" : 37.4083690276,
        "lon" : -122.0896010175,
        "time" : "20140706T095841-0700"
      }, {
        "lat" : 37.4088161746,
        "lon" : -122.0893607185,
        "time" : "20140706T095858-0700"
      }, {
        "lat" : 37.4091708201,
        "lon" : -122.0891683546,
        "time" : "20140706T095920-0700"
      }, {
        "lat" : 37.4094916704,
        "lon" : -122.0890171433,
        "time" : "20140706T095938-0700"
      }, {
        "lat" : 37.4098494102,
        "lon" : -122.0888552913,
        "time" : "20140706T095959-0700"
      }, {
        "lat" : 37.4098495763,
        "lon" : -122.0888552161,
        "time" : "20140706T100000-0700"
      }, {
        "lat" : 37.4100184267,
        "lon" : -122.0887788232,
        "time" : "20140706T100010-0700"
      }, {
        "lat" : 37.4100855199,
        "lon" : -122.0887546825,
        "time" : "20140706T100029-0700"
      }, {
        "lat" : 37.4105777893,
        "lon" : -122.0888121349,
        "time" : "20140706T100100-0700"
      }, {
        "lat" : 37.4112728824,
        "lon" : -122.0888011702,
        "time" : "20140706T100123-0700"
      }, {
        "lat" : 37.4115389502,
        "lon" : -122.0888787823,
        "time" : "20140706T100139-0700"
      }, {
        "lat" : 37.4118598575,
        "lon" : -122.0889091202,
        "time" : "20140706T100156-0700"
      }, {
        "lat" : 37.4121931357,
        "lon" : -122.0889842865,
        "time" : "20140706T100218-0700"
      }, {
        "lat" : 37.4126025301,
        "lon" : -122.0891180839,
        "time" : "20140706T100242-0700"
      }, {
        "lat" : 37.4133201002,
        "lon" : -122.0892497674,
        "time" : "20140706T100316-0700"
      }, {
        "lat" : 37.4138935738,
        "lon" : -122.0892451736,
        "time" : "20140706T100334-0700"
      }, {
        "lat" : 37.4142138252,
        "lon" : -122.0893883236,
        "time" : "20140706T100355-0700"
      }, {
        "lat" : 37.4143183228,
        "lon" : -122.0892291449,
        "time" : "20140706T100420-0700"
      }, {
        "lat" : 37.4143065993,
        "lon" : -122.0888078831,
        "time" : "20140706T100444-0700"
      }, {
        "lat" : 37.4140676962,
        "lon" : -122.0875101577,
        "time" : "20140706T100522-0700"
      }, {
        "lat" : 37.4140770245,
        "lon" : -122.0873965312,
        "time" : "20140706T100544-0700"
      }, {
        "lat" : 37.4140309893,
        "lon" : -122.0868632094,
        "time" : "20140706T100604-0700"
      }, {
        "lat" : 37.4138821077,
        "lon" : -122.0867420342,
        "time" : "20140706T100634-0700"
      }, {
        "lat" : 37.4136807222,
        "lon" : -122.0867539711,
        "time" : "20140706T100658-0700"
      }, {
        "lat" : 37.4132421104,
        "lon" : -122.0867459931,
        "time" : "20140706T100717-0700"
      }, {
        "lat" : 37.4128342418,
        "lon" : -122.0868217126,
        "time" : "20140706T100740-0700"
      }, {
        "lat" : 37.4123351533,
        "lon" : -122.0870160693,
        "time" : "20140706T100803-0700"
      }, {
        "lat" : 37.4122320912,
        "lon" : -122.0873649359,
        "time" : "20140706T100837-0700"
      }, {
        "lat" : 37.4122185462,
        "lon" : -122.0877546053,
        "time" : "20140706T100900-0700"
      }, {
        "lat" : 37.4122312899,
        "lon" : -122.088321879,
        "time" : "20140706T100916-0700"
      }, {
        "lat" : 37.4123799874,
        "lon" : -122.0887492323,
        "time" : "20140706T100933-0700"
      }, {
        "lat" : 37.412382452,
        "lon" : -122.0889485218,
        "time" : "20140706T101005-0700"
      }, {
        "lat" : 37.412324568,
        "lon" : -122.0891619967,
        "time" : "20140706T101022-0700"
      }, {
        "lat" : 37.4123141833,
        "lon" : -122.089439015,
        "time" : "20140706T101045-0700"
      }, {
        "lat" : 37.4123640234,
        "lon" : -122.0900231152,
        "time" : "20140706T101108-0700"
      }, {
        "lat" : 37.4123833217,
        "lon" : -122.0910651308,
        "time" : "20140706T101131-0700"
      }, {
        "lat" : 37.4124372618,
        "lon" : -122.0918152579,
        "time" : "20140706T101205-0700"
      }, {
        "lat" : 37.4123157579,
        "lon" : -122.0923725386,
        "time" : "20140706T101225-0700"
      }, {
        "lat" : 37.4125000981,
        "lon" : -122.0926526456,
        "time" : "20140706T101247-0700"
      }, {
        "lat" : 37.4125299535,
        "lon" : -122.0926799874,
        "time" : "20140706T101311-0700"
      }, {
        "lat" : 37.4125149173,
        "lon" : -122.0926026279,
        "time" : "20140706T101328-0700"
      }, {
        "lat" : 37.4123932662,
        "lon" : -122.0922569486,
        "time" : "20140706T101343-0700"
      }, {
        "lat" : 37.4120696081,
        "lon" : -122.0922972371,
        "time" : "20140706T101359-0700"
      }, {
        "lat" : 37.4117847736,
        "lon" : -122.0923361066,
        "time" : "20140706T101415-0700"
      }, {
        "lat" : 37.4115930179,
        "lon" : -122.0922698428,
        "time" : "20140706T101439-0700"
      }, {
        "lat" : 37.4114342131,
        "lon" : -122.0918313214,
        "time" : "20140706T101504-0700"
      }, {
        "lat" : 37.4112683703,
        "lon" : -122.091386569,
        "time" : "20140706T101527-0700"
      }, {
        "lat" : 37.4110905183,
        "lon" : -122.0909025141,
        "time" : "20140706T101547-0700"
      }, {
        "lat" : 37.4107509742,
        "lon" : -122.0900914097,
        "time" : "20140706T101623-0700"
      }, {
        "lat" : 37.4105756776,
        "lon" : -122.0896107593,
        "time" : "20140706T101646-0700"
      }, {
        "lat" : 37.4104034248,
        "lon" : -122.0890181995,
        "time" : "20140706T101709-0700"
      }, {
        "lat" : 37.4103088257,
        "lon" : -122.0886375396,
        "time" : "20140706T101731-0700"
      }, {
        "lat" : 37.4100440572,
        "lon" : -122.0886415483,
        "time" : "20140706T101754-0700"
      }, {
        "lat" : 37.4098328712,
        "lon" : -122.0881509104,
        "time" : "20140706T101810-0700"
      }, {
        "lat" : 37.4098400194,
        "lon" : -122.0880016441,
        "time" : "20140706T101831-0700"
      }, {
        "lat" : 37.4098987458,
        "lon" : -122.0879333562,
        "time" : "20140706T101853-0700"
      }, {
        "lat" : 37.4098647546,
        "lon" : -122.0876167898,
        "time" : "20140706T101916-0700"
      }, {
        "lat" : 37.4097901704,
        "lon" : -122.0871359639,
        "time" : "20140706T101939-0700"
      }, {
        "lat" : 37.40967783,
        "lon" : -122.0861619216,
        "time" : "20140706T102001-0700"
      }, {
        "lat" : 37.4094992252,
        "lon" : -122.085594762,
        "time" : "20140706T102024-0700"
      }, {
        "lat" : 37.4089804573,
        "lon" : -122.0849844717,
        "time" : "20140706T102050-0700"
      }, {
        "lat" : 37.4087191217,
        "lon" : -122.0851468088,
        "time" : "20140706T102112-0700"
      }, {
        "lat" : 37.4081619081,
        "lon" : -122.0852353852,
        "time" : "20140706T102140-0700"
      }, {
        "lat" : 37.4078138043,
        "lon" : -122.085361281,
        "time" : "20140706T102156-0700"
      }, {
        "lat" : 37.4074003813,
        "lon" : -122.0854637919,
        "time" : "20140706T102217-0700"
      }, {
        "lat" : 37.4071117977,
        "lon" : -122.0855770975,
        "time" : "20140706T102233-0700"
      }, {
        "lat" : 37.4066572704,
        "lon" : -122.0856934233,
        "time" : "20140706T102256-0700"
      }, {
        "lat" : 37.4061314958,
        "lon" : -122.0858787454,
        "time" : "20140706T102318-0700"
      }, {
        "lat" : 37.4056700557,
        "lon" : -122.0860606061,
        "time" : "20140706T102352-0700"
      }, {
        "lat" : 37.4052772747,
        "lon" : -122.0859777082,
        "time" : "20140706T102409-0700"
      }, {
        "lat" : 37.4044273748,
        "lon" : -122.0860774716,
        "time" : "20140706T102433-0700"
      }, {
        "lat" : 37.4040351216,
        "lon" : -122.0862938344,
        "time" : "20140706T102457-0700"
      }, {
        "lat" : 37.4042097689,
        "lon" : -122.0873320996,
        "time" : "20140706T102532-0700"
      }, {
        "lat" : 37.4043577995,
        "lon" : -122.0875814347,
        "time" : "20140706T102549-0700"
      }, {
        "lat" : 37.4044705542,
        "lon" : -122.087930012,
        "time" : "20140706T102605-0700"
      }, {
        "lat" : 37.4045338713,
        "lon" : -122.0880000142,
        "time" : "20140706T102621-0700"
      }, {
        "lat" : 37.4044240667,
        "lon" : -122.0877189003,
        "time" : "20140706T102640-0700"
      }, {
        "lat" : 37.4043335752,
        "lon" : -122.0874443655,
        "time" : "20140706T102702-0700"
      }, {
        "lat" : 37.4041822732,
        "lon" : -122.0871296373,
        "time" : "20140706T102725-0700"
      }, {
        "lat" : 37.4040545368,
        "lon" : -122.0867473509,
        "time" : "20140706T102748-0700"
      }, {
        "lat" : 37.403213609,
        "lon" : -122.0854344467,
        "time" : "20140706T102814-0700"
      } ]
    } ],
    "lastUpdate" : "20140706T193727Z"
  }, {
    "type" : "place",
    "startTime" : "20140706T102814-0700",
    "endTime" : "20140706T121840-0700",
    "place" : {
      "id" : 81375678,
      "name" : "Home",
      "type" : "home",
      "location" : {
        "lat" : 37.403213609,
        "lon" : -122.0854344467
      }
    },
    "activities" : [ {
      "activity" : "walking",
      "group" : "walking",
      "manual" : false,
      "startTime" : "20140706T121615-0700",
      "endTime" : "20140706T121645-0700",
      "duration" : 30.0,
      "distance" : 31.0,
      "steps" : 61,
      "trackPoints" : [ ]
    } ],
    "lastUpdate" : "20140707T015347Z"
  }, {
    "type" : "move",
    "startTime" : "20140706T121840-0700",
    "endTime" : "20140706T122410-0700",
    "activities" : [ {
      "activity" : "transport",
      "group" : "transport",
      "manual" : false,
      "startTime" : "20140706T121840-0700",
      "endTime" : "20140706T122410-0700",
      "duration" : 330.0,
      "distance" : 3264.0,
      "trackPoints" : [ {
        "lat" : 37.403213609,
        "lon" : -122.0854344467,
        "time" : "20140706T121840-0700"
      }, {
        "lat" : 37.4056043126,
        "lon" : -122.0825942404,
        "time" : "20140706T121950-0700"
      }, {
        "lat" : 37.4075830474,
        "lon" : -122.0812264045,
        "time" : "20140706T122015-0700"
      }, {
        "lat" : 37.4075529676,
        "lon" : -122.0811675898,
        "time" : "20140706T122030-0700"
      }, {
        "lat" : 37.4068312062,
        "lon" : -122.079632434,
        "time" : "20140706T122049-0700"
      }, {
        "lat" : 37.4062844397,
        "lon" : -122.0784239109,
        "time" : "20140706T122107-0700"
      }, {
        "lat" : 37.4058626869,
        "lon" : -122.0777889419,
        "time" : "20140706T122129-0700"
      }, {
        "lat" : 37.4039929901,
        "lon" : -122.075139421,
        "time" : "20140706T122156-0700"
      }, {
        "lat" : 37.3999856381,
        "lon" : -122.0723287719,
        "time" : "20140706T122232-0700"
      }, {
        "lat" : 37.3988183114,
        "lon" : -122.0674710824,
        "time" : "20140706T122303-0700"
      }, {
        "lat" : 37.3982864567,
        "lon" : -122.0640855699,
        "time" : "20140706T122320-0700"
      }, {
        "lat" : 37.3972604613,
        "lon" : -122.0611204599,
        "time" : "20140706T122354-0700"
      }, {
        "lat" : 37.3970746702,
        "lon" : -122.0614777723,
        "time" : "20140706T122410-0700"
      } ]
    } ],
    "lastUpdate" : "20140707T015347Z"
  }, {
    "type" : "place",
    "startTime" : "20140706T122410-0700",
    "endTime" : "20140706T123506-0700",
    "place" : {
      "id" : 83706596,
      "type" : "unknown",
      "location" : {
        "lat" : 37.3970746702,
        "lon" : -122.0614777723
      }
    },
    "activities" : [ {
      "activity" : "walking",
      "group" : "walking",
      "manual" : false,
      "startTime" : "20140706T122616-0700",
      "endTime" : "20140706T122733-0700",
      "duration" : 77.0,
      "distance" : 68.0,
      "steps" : 136,
      "trackPoints" : [ ]
    } ],
    "lastUpdate" : "20140707T015347Z"
  }, {
    "type" : "move",
    "startTime" : "20140706T123506-0700",
    "endTime" : "20140706T125122-0700",
    "activities" : [ {
      "activity" : "transport",
      "group" : "transport",
      "manual" : false,
      "startTime" : "20140706T123506-0700",
      "endTime" : "20140706T125122-0700",
      "duration" : 976.0,
      "distance" : 6550.0,
      "trackPoints" : [ {
        "lat" : 37.3970746702,
        "lon" : -122.0614777723,
        "time" : "20140706T123506-0700"
      }, {
        "lat" : 37.3988026884,
        "lon" : -122.0662743512,
        "time" : "20140706T123727-0700"
      }, {
        "lat" : 37.3992155842,
        "lon" : -122.0704768625,
        "time" : "20140706T123753-0700"
      }, {
        "lat" : 37.4003198135,
        "lon" : -122.0728440349,
        "time" : "20140706T123813-0700"
      }, {
        "lat" : 37.4005439598,
        "lon" : -122.0730900711,
        "time" : "20140706T123830-0700"
      }, {
        "lat" : 37.403035504,
        "lon" : -122.0748476298,
        "time" : "20140706T123853-0700"
      }, {
        "lat" : 37.4050509191,
        "lon" : -122.0763361375,
        "time" : "20140706T123911-0700"
      }, {
        "lat" : 37.4065093313,
        "lon" : -122.078277752,
        "time" : "20140706T123958-0700"
      }, {
        "lat" : 37.4072739263,
        "lon" : -122.0802904767,
        "time" : "20140706T124021-0700"
      }, {
        "lat" : 37.4076770595,
        "lon" : -122.0811813006,
        "time" : "20140706T124036-0700"
      }, {
        "lat" : 37.4061457303,
        "lon" : -122.0820906483,
        "time" : "20140706T124100-0700"
      }, {
        "lat" : 37.4027281075,
        "lon" : -122.0832276134,
        "time" : "20140706T124135-0700"
      }, {
        "lat" : 37.4029469297,
        "lon" : -122.0847287314,
        "time" : "20140706T124151-0700"
      }, {
        "lat" : 37.4030515128,
        "lon" : -122.0856738441,
        "time" : "20140706T124210-0700"
      }, {
        "lat" : 37.4030711826,
        "lon" : -122.0857602757,
        "time" : "20140706T124226-0700"
      }, {
        "lat" : 37.4032002156,
        "lon" : -122.0854891863,
        "time" : "20140706T124258-0700"
      }, {
        "lat" : 37.4032897389,
        "lon" : -122.0854758984,
        "time" : "20140706T124314-0700"
      }, {
        "lat" : 37.4032542351,
        "lon" : -122.0854184168,
        "time" : "20140706T124342-0700"
      }, {
        "lat" : 37.4032168742,
        "lon" : -122.0853844115,
        "time" : "20140706T124408-0700"
      }, {
        "lat" : 37.4031610496,
        "lon" : -122.0853449653,
        "time" : "20140706T124447-0700"
      }, {
        "lat" : 37.403129453,
        "lon" : -122.085314417,
        "time" : "20140706T124509-0700"
      }, {
        "lat" : 37.4031055076,
        "lon" : -122.0852836498,
        "time" : "20140706T124525-0700"
      }, {
        "lat" : 37.4031817288,
        "lon" : -122.084590586,
        "time" : "20140706T124559-0700"
      }, {
        "lat" : 37.4042242128,
        "lon" : -122.0828516008,
        "time" : "20140706T124633-0700"
      }, {
        "lat" : 37.4057254808,
        "lon" : -122.0824122773,
        "time" : "20140706T124649-0700"
      }, {
        "lat" : 37.4073125141,
        "lon" : -122.0815271735,
        "time" : "20140706T124707-0700"
      }, {
        "lat" : 37.406877669,
        "lon" : -122.0796560063,
        "time" : "20140706T124727-0700"
      }, {
        "lat" : 37.4063712962,
        "lon" : -122.0786823644,
        "time" : "20140706T124743-0700"
      }, {
        "lat" : 37.4060034512,
        "lon" : -122.0781272949,
        "time" : "20140706T124804-0700"
      }, {
        "lat" : 37.4005280471,
        "lon" : -122.0730532037,
        "time" : "20140706T124931-0700"
      }, {
        "lat" : 37.3999811132,
        "lon" : -122.0720747853,
        "time" : "20140706T125000-0700"
      }, {
        "lat" : 37.3987389696,
        "lon" : -122.0669166068,
        "time" : "20140706T125029-0700"
      }, {
        "lat" : 37.3983433228,
        "lon" : -122.0643919582,
        "time" : "20140706T125048-0700"
      }, {
        "lat" : 37.3976442424,
        "lon" : -122.0615881879,
        "time" : "20140706T125107-0700"
      }, {
        "lat" : 37.3970746702,
        "lon" : -122.0614777723,
        "time" : "20140706T125122-0700"
      } ]
    } ],
    "lastUpdate" : "20140707T015347Z"
  }, {
    "type" : "place",
    "startTime" : "20140706T125122-0700",
    "endTime" : "20140706T170355-0700",
    "place" : {
      "id" : 83706596,
      "type" : "unknown",
      "location" : {
        "lat" : 37.3970746702,
        "lon" : -122.0614777723
      }
    },
    "activities" : [ {
      "activity" : "walking",
      "group" : "walking",
      "manual" : false,
      "startTime" : "20140706T125236-0700",
      "endTime" : "20140706T125336-0700",
      "duration" : 60.0,
      "distance" : 66.0,
      "steps" : 132,
      "trackPoints" : [ ]
    } ],
    "lastUpdate" : "20140707T015349Z"
  }, {
    "type" : "move",
    "startTime" : "20140706T170355-0700",
    "endTime" : "20140706T171033-0700",
    "activities" : [ {
      "activity" : "transport",
      "group" : "transport",
      "manual" : false,
      "startTime" : "20140706T170355-0700",
      "endTime" : "20140706T171034-0700",
      "duration" : 399.0,
      "distance" : 3094.0,
      "trackPoints" : [ {
        "lat" : 37.3970746702,
        "lon" : -122.0614777723,
        "time" : "20140706T170355-0700"
      }, {
        "lat" : 37.3986356915,
        "lon" : -122.0673321423,
        "time" : "20140706T170514-0700"
      }, {
        "lat" : 37.3995349143,
        "lon" : -122.0714189886,
        "time" : "20140706T170538-0700"
      }, {
        "lat" : 37.4001974077,
        "lon" : -122.0727828191,
        "time" : "20140706T170554-0700"
      }, {
        "lat" : 37.4002594479,
        "lon" : -122.0728322528,
        "time" : "20140706T170611-0700"
      }, {
        "lat" : 37.4003174641,
        "lon" : -122.073132649,
        "time" : "20140706T170631-0700"
      }, {
        "lat" : 37.4032495846,
        "lon" : -122.0748807821,
        "time" : "20140706T170653-0700"
      }, {
        "lat" : 37.4049097524,
        "lon" : -122.0761878075,
        "time" : "20140706T170709-0700"
      }, {
        "lat" : 37.4059773036,
        "lon" : -122.077963059,
        "time" : "20140706T170724-0700"
      }, {
        "lat" : 37.4060789885,
        "lon" : -122.0783259441,
        "time" : "20140706T170754-0700"
      }, {
        "lat" : 37.4055775673,
        "lon" : -122.0820515623,
        "time" : "20140706T170918-0700"
      }, {
        "lat" : 37.4042054436,
        "lon" : -122.0828568466,
        "time" : "20140706T170936-0700"
      }, {
        "lat" : 37.4029963047,
        "lon" : -122.0832250872,
        "time" : "20140706T170952-0700"
      }, {
        "lat" : 37.4027923827,
        "lon" : -122.0843930653,
        "time" : "20140706T171012-0700"
      }, {
        "lat" : 37.403213609,
        "lon" : -122.0854344467,
        "time" : "20140706T171033-0700"
      } ]
    } ],
    "lastUpdate" : "20140707T015349Z"
  }, {
    "type" : "place",
    "startTime" : "20140706T171033-0700",
    "endTime" : "20140706T175955-0700",
    "place" : {
      "id" : 81375678,
      "name" : "Home",
      "type" : "home",
      "location" : {
        "lat" : 37.403213609,
        "lon" : -122.0854344467
      }
    },
    "activities" : [ {
      "activity" : "walking",
      "group" : "walking",
      "manual" : false,
      "startTime" : "20140706T171537-0700",
      "endTime" : "20140706T171607-0700",
      "duration" : 30.0,
      "distance" : 20.0,
      "steps" : 41,
      "trackPoints" : [ ]
    } ],
    "lastUpdate" : "20140707T093934Z"
  }, {
    "type" : "move",
    "startTime" : "20140706T175955-0700",
    "endTime" : "20140706T184954-0700",
    "activities" : [ {
      "activity" : "transport",
      "group" : "transport",
      "manual" : false,
      "startTime" : "20140706T175955-0700",
      "endTime" : "20140706T184954-0700",
      "duration" : 2999.0,
      "distance" : 90606.0,
      "trackPoints" : [ {
        "lat" : 37.403213609,
        "lon" : -122.0854344467,
        "time" : "20140706T175955-0700"
      }, {
        "lat" : 37.4041469341,
        "lon" : -122.0845238776,
        "time" : "20140706T175959-0700"
      }, {
        "lat" : 37.4041488602,
        "lon" : -122.0845219985,
        "time" : "20140706T180000-0700"
      }, {
        "lat" : 37.4109851524,
        "lon" : -122.077852387,
        "time" : "20140706T180035-0700"
      }, {
        "lat" : 37.4128346616,
        "lon" : -122.0770648905,
        "time" : "20140706T180055-0700"
      }, {
        "lat" : 37.4133088255,
        "lon" : -122.0806511125,
        "time" : "20140706T180119-0700"
      }, {
        "lat" : 37.4150926674,
        "lon" : -122.0841152355,
        "time" : "20140706T180141-0700"
      }, {
        "lat" : 37.4190624028,
        "lon" : -122.0895850421,
        "time" : "20140706T180203-0700"
      }, {
        "lat" : 37.4216589898,
        "lon" : -122.0931908131,
        "time" : "20140706T180219-0700"
      }, {
        "lat" : 37.4255789398,
        "lon" : -122.0985145211,
        "time" : "20140706T180244-0700"
      }, {
        "lat" : 37.4309999301,
        "lon" : -122.1037813209,
        "time" : "20140706T180311-0700"
      }, {
        "lat" : 37.4349101342,
        "lon" : -122.1084627729,
        "time" : "20140706T180335-0700"
      }, {
        "lat" : 37.4388287601,
        "lon" : -122.1125499106,
        "time" : "20140706T180354-0700"
      }, {
        "lat" : 37.4428537773,
        "lon" : -122.1164724639,
        "time" : "20140706T180413-0700"
      }, {
        "lat" : 37.4460694739,
        "lon" : -122.1198882566,
        "time" : "20140706T180429-0700"
      }, {
        "lat" : 37.4515222445,
        "lon" : -122.1257503797,
        "time" : "20140706T180456-0700"
      }, {
        "lat" : 37.4539819136,
        "lon" : -122.129706272,
        "time" : "20140706T180511-0700"
      }, {
        "lat" : 37.4565001858,
        "lon" : -122.1340439493,
        "time" : "20140706T180527-0700"
      }, {
        "lat" : 37.4618295418,
        "lon" : -122.1432285229,
        "time" : "20140706T180600-0700"
      }, {
        "lat" : 37.4653518098,
        "lon" : -122.1489216192,
        "time" : "20140706T180620-0700"
      }, {
        "lat" : 37.4704391663,
        "lon" : -122.1579370317,
        "time" : "20140706T180654-0700"
      }, {
        "lat" : 37.474712092,
        "lon" : -122.1654189786,
        "time" : "20140706T180720-0700"
      }, {
        "lat" : 37.4780220939,
        "lon" : -122.1709297041,
        "time" : "20140706T180740-0700"
      }, {
        "lat" : 37.4840753211,
        "lon" : -122.1831507327,
        "time" : "20140706T180819-0700"
      }, {
        "lat" : 37.4859414227,
        "lon" : -122.1924670152,
        "time" : "20140706T180842-0700"
      }, {
        "lat" : 37.4866862476,
        "lon" : -122.1983238803,
        "time" : "20140706T180858-0700"
      }, {
        "lat" : 37.4880270316,
        "lon" : -122.2088873443,
        "time" : "20140706T180927-0700"
      }, {
        "lat" : 37.4905654565,
        "lon" : -122.2174144149,
        "time" : "20140706T180955-0700"
      }, {
        "lat" : 37.4934483502,
        "lon" : -122.224429836,
        "time" : "20140706T181016-0700"
      }, {
        "lat" : 37.4965699388,
        "lon" : -122.2346425615,
        "time" : "20140706T181046-0700"
      }, {
        "lat" : 37.5026628113,
        "lon" : -122.2436194191,
        "time" : "20140706T181118-0700"
      }, {
        "lat" : 37.5058625151,
        "lon" : -122.2469704395,
        "time" : "20140706T181137-0700"
      }, {
        "lat" : 37.5155731451,
        "lon" : -122.2574722069,
        "time" : "20140706T181224-0700"
      }, {
        "lat" : 37.5192804246,
        "lon" : -122.2621588781,
        "time" : "20140706T181245-0700"
      }, {
        "lat" : 37.5223005092,
        "lon" : -122.2656241147,
        "time" : "20140706T181301-0700"
      }, {
        "lat" : 37.5267256245,
        "lon" : -122.2704585989,
        "time" : "20140706T181323-0700"
      }, {
        "lat" : 37.5287534629,
        "lon" : -122.2728208735,
        "time" : "20140706T181339-0700"
      }, {
        "lat" : 37.5342954754,
        "lon" : -122.2784624617,
        "time" : "20140706T181404-0700"
      }, {
        "lat" : 37.5381409131,
        "lon" : -122.2818446007,
        "time" : "20140706T181425-0700"
      }, {
        "lat" : 37.5436719312,
        "lon" : -122.288015508,
        "time" : "20140706T181456-0700"
      }, {
        "lat" : 37.5475442759,
        "lon" : -122.2906928247,
        "time" : "20140706T181514-0700"
      }, {
        "lat" : 37.5521036143,
        "lon" : -122.2930910039,
        "time" : "20140706T181538-0700"
      }, {
        "lat" : 37.5552208738,
        "lon" : -122.2878835899,
        "time" : "20140706T181600-0700"
      }, {
        "lat" : 37.5617496808,
        "lon" : -122.276260902,
        "time" : "20140706T181646-0700"
      }, {
        "lat" : 37.5647713043,
        "lon" : -122.2720347411,
        "time" : "20140706T181702-0700"
      }, {
        "lat" : 37.5714224395,
        "lon" : -122.2648363857,
        "time" : "20140706T181731-0700"
      }, {
        "lat" : 37.6019576359,
        "lon" : -122.2054493668,
        "time" : "20140706T182047-0700"
      }, {
        "lat" : 37.6039327832,
        "lon" : -122.1988748554,
        "time" : "20140706T182106-0700"
      }, {
        "lat" : 37.6054848226,
        "lon" : -122.1936585973,
        "time" : "20140706T182121-0700"
      }, {
        "lat" : 37.6265458643,
        "lon" : -122.1262752507,
        "time" : "20140706T182438-0700"
      }, {
        "lat" : 37.6282124719,
        "lon" : -122.1207923753,
        "time" : "20140706T182453-0700"
      }, {
        "lat" : 37.6306515072,
        "lon" : -122.1134890358,
        "time" : "20140706T182514-0700"
      }, {
        "lat" : 37.6328866008,
        "lon" : -122.1085013318,
        "time" : "20140706T182529-0700"
      }, {
        "lat" : 37.6418307217,
        "lon" : -122.0954354538,
        "time" : "20140706T182620-0700"
      }, {
        "lat" : 37.6464281907,
        "lon" : -122.0948380539,
        "time" : "20140706T182641-0700"
      }, {
        "lat" : 37.6555114584,
        "lon" : -122.1007697114,
        "time" : "20140706T182718-0700"
      }, {
        "lat" : 37.6621835948,
        "lon" : -122.1050900297,
        "time" : "20140706T182744-0700"
      }, {
        "lat" : 37.6664846632,
        "lon" : -122.1075591231,
        "time" : "20140706T182759-0700"
      }, {
        "lat" : 37.6723009386,
        "lon" : -122.1116929287,
        "time" : "20140706T182823-0700"
      }, {
        "lat" : 37.6780368649,
        "lon" : -122.1195768467,
        "time" : "20140706T182846-0700"
      }, {
        "lat" : 37.6811593144,
        "lon" : -122.1241082405,
        "time" : "20140706T182901-0700"
      }, {
        "lat" : 37.684423238,
        "lon" : -122.1288830338,
        "time" : "20140706T182917-0700"
      }, {
        "lat" : 37.6875830889,
        "lon" : -122.1335098545,
        "time" : "20140706T182933-0700"
      }, {
        "lat" : 37.693684489,
        "lon" : -122.1428781611,
        "time" : "20140706T183007-0700"
      }, {
        "lat" : 37.6970625759,
        "lon" : -122.1473231369,
        "time" : "20140706T183023-0700"
      }, {
        "lat" : 37.7007920373,
        "lon" : -122.1526208929,
        "time" : "20140706T183042-0700"
      }, {
        "lat" : 37.7064941616,
        "lon" : -122.1610998966,
        "time" : "20140706T183111-0700"
      }, {
        "lat" : 37.7108646371,
        "lon" : -122.1665462835,
        "time" : "20140706T183134-0700"
      }, {
        "lat" : 37.7304386777,
        "lon" : -122.1873498487,
        "time" : "20140706T183303-0700"
      }, {
        "lat" : 37.7354822625,
        "lon" : -122.1917237912,
        "time" : "20140706T183324-0700"
      }, {
        "lat" : 37.7393065761,
        "lon" : -122.1951297615,
        "time" : "20140706T183340-0700"
      }, {
        "lat" : 37.7431848201,
        "lon" : -122.1987325888,
        "time" : "20140706T183359-0700"
      }, {
        "lat" : 37.7481741361,
        "lon" : -122.2028931499,
        "time" : "20140706T183424-0700"
      }, {
        "lat" : 37.7572203582,
        "lon" : -122.2108831755,
        "time" : "20140706T183501-0700"
      }, {
        "lat" : 37.7622098271,
        "lon" : -122.2153019907,
        "time" : "20140706T183518-0700"
      }, {
        "lat" : 37.7703015104,
        "lon" : -122.222412728,
        "time" : "20140706T183552-0700"
      }, {
        "lat" : 37.7738194946,
        "lon" : -122.2299125033,
        "time" : "20140706T183616-0700"
      }, {
        "lat" : 37.7757834394,
        "lon" : -122.234952512,
        "time" : "20140706T183631-0700"
      }, {
        "lat" : 37.7829696529,
        "lon" : -122.2395984849,
        "time" : "20140706T183659-0700"
      }, {
        "lat" : 37.7858445145,
        "lon" : -122.2445930431,
        "time" : "20140706T183715-0700"
      }, {
        "lat" : 37.789207303,
        "lon" : -122.2539707772,
        "time" : "20140706T183742-0700"
      }, {
        "lat" : 37.7991945714,
        "lon" : -122.276493038,
        "time" : "20140706T183857-0700"
      }, {
        "lat" : 37.8051253357,
        "lon" : -122.3030249313,
        "time" : "20140706T184024-0700"
      }, {
        "lat" : 37.8152850757,
        "lon" : -122.299149135,
        "time" : "20140706T184105-0700"
      }, {
        "lat" : 37.8177919332,
        "lon" : -122.2957116395,
        "time" : "20140706T184120-0700"
      }, {
        "lat" : 37.8228061802,
        "lon" : -122.2917255653,
        "time" : "20140706T184140-0700"
      }, {
        "lat" : 37.8281529389,
        "lon" : -122.2921927042,
        "time" : "20140706T184201-0700"
      }, {
        "lat" : 37.8335767318,
        "lon" : -122.2942398011,
        "time" : "20140706T184223-0700"
      }, {
        "lat" : 37.8385102451,
        "lon" : -122.2965983977,
        "time" : "20140706T184245-0700"
      }, {
        "lat" : 37.8477895217,
        "lon" : -122.296997822,
        "time" : "20140706T184323-0700"
      }, {
        "lat" : 37.8563965314,
        "lon" : -122.2880089822,
        "time" : "20140706T184557-0700"
      }, {
        "lat" : 37.8579103009,
        "lon" : -122.2884811199,
        "time" : "20140706T184615-0700"
      }, {
        "lat" : 37.8596982105,
        "lon" : -122.289039184,
        "time" : "20140706T184633-0700"
      }, {
        "lat" : 37.8610170758,
        "lon" : -122.2892279825,
        "time" : "20140706T184656-0700"
      }, {
        "lat" : 37.8651493645,
        "lon" : -122.282029798,
        "time" : "20140706T184954-0700"
      } ]
    } ],
    "lastUpdate" : "20140707T093934Z"
  }, {
    "type" : "place",
    "startTime" : "20140706T184954-0700",
    "endTime" : "20140707T092921-0700",
    "place" : {
      "id" : 72187887,
      "name" : "Home",
      "type" : "home",
      "location" : {
        "lat" : 37.8651493645,
        "lon" : -122.282029798
      }
    },
    "activities" : [ {
      "activity" : "walking",
      "group" : "walking",
      "manual" : false,
      "startTime" : "20140706T185118-0700",
      "endTime" : "20140706T185218-0700",
      "duration" : 60.0,
      "distance" : 41.0,
      "steps" : 82,
      "trackPoints" : [ ]
    } ],
    "lastUpdate" : "20140707T175009Z"
  } ],
  "lastUpdate" : "20140707T175009Z"
} ]