[ {
  "date" : "20140626",
  "summary" : [ {
    "activity" : "transport",
    "group" : "transport",
    "duration" : 15170.0,
    "distance" : 284956.0
  }, {
    "activity" : "walking",
    "group" : "walking",
    "duration" : 667.0,
    "distance" : 730.0,
    "steps" : 1017
  } ],
  "segments" : [ {
    "type" : "place",
    "startTime" : "20140625T172509-0700",
    "endTime" : "20140626T082559-0700",
    "place" : {
      "id" : 72187887,
      "name" : "Home",
      "type" : "home",
      "location" : {
        "lat" : 37.8651493645,
        "lon" : -122.282029798
      }
    },
    "lastUpdate" : "20140626T231857Z"
  }, {
    "type" : "move",
    "startTime" : "20140626T082559-0700",
    "endTime" : "20140626T095100-0700",
    "activities" : [ {
      "activity" : "transport",
      "group" : "transport",
      "manual" : false,
      "startTime" : "20140626T082559-0700",
      "endTime" : "20140626T095100-0700",
      "duration" : 5101.0,
      "distance" : 104358.0,
      "trackPoints" : [ {
        "lat" : 37.8651493645,
        "lon" : -122.282029798,
        "time" : "20140626T082559-0700"
      }, {
        "lat" : 37.8628757257,
        "lon" : -122.2813046537,
        "time" : "20140626T082612-0700"
      }, {
        "lat" : 37.8623350974,
        "lon" : -122.2812322681,
        "time" : "20140626T082628-0700"
      }, {
        "lat" : 37.8592130317,
        "lon" : -122.2804045127,
        "time" : "20140626T082657-0700"
      }, {
        "lat" : 37.8567622457,
        "lon" : -122.2799143884,
        "time" : "20140626T082719-0700"
      }, {
        "lat" : 37.8548855268,
        "lon" : -122.2794742197,
        "time" : "20140626T082735-0700"
      }, {
        "lat" : 37.8541893881,
        "lon" : -122.2793121943,
        "time" : "20140626T082751-0700"
      }, {
        "lat" : 37.8536897416,
        "lon" : -122.2791613976,
        "time" : "20140626T082807-0700"
      }, {
        "lat" : 37.8506065357,
        "lon" : -122.2784756072,
        "time" : "20140626T082836-0700"
      }, {
        "lat" : 37.8486173135,
        "lon" : -122.2780122347,
        "time" : "20140626T082855-0700"
      }, {
        "lat" : 37.8470022513,
        "lon" : -122.2775108039,
        "time" : "20140626T082916-0700"
      }, {
        "lat" : 37.8449592798,
        "lon" : -122.2757324182,
        "time" : "20140626T082939-0700"
      }, {
        "lat" : 37.8426761252,
        "lon" : -122.2747593706,
        "time" : "20140626T083003-0700"
      }, {
        "lat" : 37.8415876964,
        "lon" : -122.2745038392,
        "time" : "20140626T083019-0700"
      }, {
        "lat" : 37.8400084966,
        "lon" : -122.2741310619,
        "time" : "20140626T083035-0700"
      }, {
        "lat" : 37.837587287,
        "lon" : -122.2736199523,
        "time" : "20140626T083105-0700"
      }, {
        "lat" : 37.8365997072,
        "lon" : -122.2732487512,
        "time" : "20140626T083121-0700"
      }, {
        "lat" : 37.837038964,
        "lon" : -122.2700428916,
        "time" : "20140626T083149-0700"
      }, {
        "lat" : 37.8368259855,
        "lon" : -122.2684176532,
        "time" : "20140626T083210-0700"
      }, {
        "lat" : 37.8355164333,
        "lon" : -122.2671846924,
        "time" : "20140626T083229-0700"
      }, {
        "lat" : 37.8339854038,
        "lon" : -122.2666953228,
        "time" : "20140626T083252-0700"
      }, {
        "lat" : 37.8303795217,
        "lon" : -122.2674045415,
        "time" : "20140626T083310-0700"
      }, {
        "lat" : 37.8273982818,
        "lon" : -122.2680793871,
        "time" : "20140626T083326-0700"
      }, {
        "lat" : 37.823097992,
        "lon" : -122.2644870916,
        "time" : "20140626T083355-0700"
      }, {
        "lat" : 37.8208729196,
        "lon" : -122.2570354024,
        "time" : "20140626T083421-0700"
      }, {
        "lat" : 37.818075542,
        "lon" : -122.2529192043,
        "time" : "20140626T083437-0700"
      }, {
        "lat" : 37.8111770794,
        "lon" : -122.2499286596,
        "time" : "20140626T083503-0700"
      }, {
        "lat" : 37.8092250477,
        "lon" : -122.2449518213,
        "time" : "20140626T083520-0700"
      }, {
        "lat" : 37.8075087669,
        "lon" : -122.239768237,
        "time" : "20140626T083536-0700"
      }, {
        "lat" : 37.8053126833,
        "lon" : -122.2351912536,
        "time" : "20140626T083552-0700"
      }, {
        "lat" : 37.8021027318,
        "lon" : -122.2307683906,
        "time" : "20140626T083610-0700"
      }, {
        "lat" : 37.8000294162,
        "lon" : -122.225072057,
        "time" : "20140626T083629-0700"
      }, {
        "lat" : 37.7989912105,
        "lon" : -122.2199390999,
        "time" : "20140626T083645-0700"
      }, {
        "lat" : 37.7976795306,
        "lon" : -122.2146832368,
        "time" : "20140626T083701-0700"
      }, {
        "lat" : 37.7959730624,
        "lon" : -122.2094103811,
        "time" : "20140626T083718-0700"
      }, {
        "lat" : 37.7926621192,
        "lon" : -122.2039405683,
        "time" : "20140626T083738-0700"
      }, {
        "lat" : 37.7872975358,
        "lon" : -122.1971204762,
        "time" : "20140626T083805-0700"
      }, {
        "lat" : 37.7850801726,
        "lon" : -122.1920907076,
        "time" : "20140626T083822-0700"
      }, {
        "lat" : 37.7841084621,
        "lon" : -122.1866155517,
        "time" : "20140626T083838-0700"
      }, {
        "lat" : 37.7839185693,
        "lon" : -122.181000937,
        "time" : "20140626T083854-0700"
      }, {
        "lat" : 37.7821291127,
        "lon" : -122.1755197167,
        "time" : "20140626T083911-0700"
      }, {
        "lat" : 37.7793273976,
        "lon" : -122.1705916304,
        "time" : "20140626T083927-0700"
      }, {
        "lat" : 37.7751160209,
        "lon" : -122.1616767319,
        "time" : "20140626T083957-0700"
      }, {
        "lat" : 37.7699047735,
        "lon" : -122.1547123269,
        "time" : "20140626T084024-0700"
      }, {
        "lat" : 37.7642776968,
        "lon" : -122.1509019977,
        "time" : "20140626T084047-0700"
      }, {
        "lat" : 37.7601574328,
        "lon" : -122.1482474771,
        "time" : "20140626T084104-0700"
      }, {
        "lat" : 37.7560701781,
        "lon" : -122.1491404031,
        "time" : "20140626T084121-0700"
      }, {
        "lat" : 37.7494171461,
        "lon" : -122.1511864327,
        "time" : "20140626T084149-0700"
      }, {
        "lat" : 37.7431982423,
        "lon" : -122.146513461,
        "time" : "20140626T084213-0700"
      }, {
        "lat" : 37.7386380408,
        "lon" : -122.1420518606,
        "time" : "20140626T084232-0700"
      }, {
        "lat" : 37.7297569493,
        "lon" : -122.138601604,
        "time" : "20140626T084303-0700"
      }, {
        "lat" : 37.7228833959,
        "lon" : -122.1363031558,
        "time" : "20140626T084327-0700"
      }, {
        "lat" : 37.7177992966,
        "lon" : -122.132953746,
        "time" : "20140626T084347-0700"
      }, {
        "lat" : 37.7120396536,
        "lon" : -122.1286874209,
        "time" : "20140626T084410-0700"
      }, {
        "lat" : 37.7095070521,
        "lon" : -122.1241240671,
        "time" : "20140626T084425-0700"
      }, {
        "lat" : 37.705862044,
        "lon" : -122.1181141473,
        "time" : "20140626T084446-0700"
      }, {
        "lat" : 37.7008199914,
        "lon" : -122.1096651652,
        "time" : "20140626T084516-0700"
      }, {
        "lat" : 37.697649207,
        "lon" : -122.1063801968,
        "time" : "20140626T084531-0700"
      }, {
        "lat" : 37.6941621805,
        "lon" : -122.1032053863,
        "time" : "20140626T084547-0700"
      }, {
        "lat" : 37.6900774187,
        "lon" : -122.0970418003,
        "time" : "20140626T084612-0700"
      }, {
        "lat" : 37.6904467929,
        "lon" : -122.0891273675,
        "time" : "20140626T084638-0700"
      }, {
        "lat" : 37.6905402834,
        "lon" : -122.0833776182,
        "time" : "20140626T084655-0700"
      }, {
        "lat" : 37.6905857628,
        "lon" : -122.0749029353,
        "time" : "20140626T084719-0700"
      }, {
        "lat" : 37.6909296327,
        "lon" : -122.0688747136,
        "time" : "20140626T084736-0700"
      }, {
        "lat" : 37.6926057302,
        "lon" : -122.0623000678,
        "time" : "20140626T084755-0700"
      }, {
        "lat" : 37.6936341129,
        "lon" : -122.0568742515,
        "time" : "20140626T084811-0700"
      }, {
        "lat" : 37.693291143,
        "lon" : -122.0513778016,
        "time" : "20140626T084827-0700"
      }, {
        "lat" : 37.6947554325,
        "lon" : -122.0460470605,
        "time" : "20140626T084844-0700"
      }, {
        "lat" : 37.698036231,
        "lon" : -122.0420712987,
        "time" : "20140626T084901-0700"
      }, {
        "lat" : 37.7012346902,
        "lon" : -122.0373718152,
        "time" : "20140626T084919-0700"
      }, {
        "lat" : 37.7019391624,
        "lon" : -122.0318185482,
        "time" : "20140626T084936-0700"
      }, {
        "lat" : 37.70083733,
        "lon" : -122.026683481,
        "time" : "20140626T084952-0700"
      }, {
        "lat" : 37.7012537929,
        "lon" : -122.0206083874,
        "time" : "20140626T085010-0700"
      }, {
        "lat" : 37.7028099883,
        "lon" : -122.0144291033,
        "time" : "20140626T085030-0700"
      }, {
        "lat" : 37.7031761931,
        "lon" : -122.0066474185,
        "time" : "20140626T085054-0700"
      }, {
        "lat" : 37.7031527379,
        "lon" : -121.9982343063,
        "time" : "20140626T085120-0700"
      }, {
        "lat" : 37.701781662,
        "lon" : -121.9929378917,
        "time" : "20140626T085137-0700"
      }, {
        "lat" : 37.6996845215,
        "lon" : -121.9870338536,
        "time" : "20140626T085156-0700"
      }, {
        "lat" : 37.6982542184,
        "lon" : -121.9780566296,
        "time" : "20140626T085221-0700"
      }, {
        "lat" : 37.6973314339,
        "lon" : -121.9720197508,
        "time" : "20140626T085237-0700"
      }, {
        "lat" : 37.6974115224,
        "lon" : -121.963282044,
        "time" : "20140626T085300-0700"
      }, {
        "lat" : 37.6982839301,
        "lon" : -121.9573100914,
        "time" : "20140626T085317-0700"
      }, {
        "lat" : 37.6981916933,
        "lon" : -121.9519411569,
        "time" : "20140626T085333-0700"
      }, {
        "lat" : 37.6981574651,
        "lon" : -121.9466057532,
        "time" : "20140626T085349-0700"
      }, {
        "lat" : 37.6981145125,
        "lon" : -121.9415505104,
        "time" : "20140626T085405-0700"
      }, {
        "lat" : 37.6981008457,
        "lon" : -121.9361230017,
        "time" : "20140626T085421-0700"
      }, {
        "lat" : 37.6999892078,
        "lon" : -121.9262967723,
        "time" : "20140626T085451-0700"
      }, {
        "lat" : 37.7009186788,
        "lon" : -121.9220720531,
        "time" : "20140626T085507-0700"
      }, {
        "lat" : 37.7014120991,
        "lon" : -121.9181038755,
        "time" : "20140626T085524-0700"
      }, {
        "lat" : 37.7011640337,
        "lon" : -121.9141511868,
        "time" : "20140626T085540-0700"
      }, {
        "lat" : 37.7003669743,
        "lon" : -121.9069828729,
        "time" : "20140626T085609-0700"
      }, {
        "lat" : 37.7002186827,
        "lon" : -121.9061379281,
        "time" : "20140626T085632-0700"
      }, {
        "lat" : 37.7001625366,
        "lon" : -121.9059480493,
        "time" : "20140626T085652-0700"
      }, {
        "lat" : 37.7000950713,
        "lon" : -121.9058248296,
        "time" : "20140626T085709-0700"
      }, {
        "lat" : 37.6994846847,
        "lon" : -121.905225346,
        "time" : "20140626T085736-0700"
      }, {
        "lat" : 37.6988408705,
        "lon" : -121.9047460665,
        "time" : "20140626T085752-0700"
      }, {
        "lat" : 37.696928477,
        "lon" : -121.9037528109,
        "time" : "20140626T085808-0700"
      }, {
        "lat" : 37.6944658288,
        "lon" : -121.9037945269,
        "time" : "20140626T085824-0700"
      }, {
        "lat" : 37.6919834134,
        "lon" : -121.9038891501,
        "time" : "20140626T085841-0700"
      }, {
        "lat" : 37.6916022436,
        "lon" : -121.9057698153,
        "time" : "20140626T085856-0700"
      }, {
        "lat" : 37.690996186,
        "lon" : -121.9088114446,
        "time" : "20140626T085923-0700"
      }, {
        "lat" : 37.6908667784,
        "lon" : -121.9090171828,
        "time" : "20140626T085939-0700"
      }, {
        "lat" : 37.6903865074,
        "lon" : -121.9127264547,
        "time" : "20140626T085959-0700"
      }, {
        "lat" : 37.6903862752,
        "lon" : -121.9127282481,
        "time" : "20140626T090000-0700"
      }, {
        "lat" : 37.6902374888,
        "lon" : -121.9138773682,
        "time" : "20140626T090006-0700"
      }, {
        "lat" : 37.6904069407,
        "lon" : -121.9162375173,
        "time" : "20140626T090027-0700"
      }, {
        "lat" : 37.6904320352,
        "lon" : -121.9168788611,
        "time" : "20140626T090043-0700"
      }, {
        "lat" : 37.6907557475,
        "lon" : -121.9198281185,
        "time" : "20140626T090101-0700"
      }, {
        "lat" : 37.6910261549,
        "lon" : -121.9191513108,
        "time" : "20140626T090117-0700"
      }, {
        "lat" : 37.6874125275,
        "lon" : -121.9175936677,
        "time" : "20140626T090133-0700"
      }, {
        "lat" : 37.6828984267,
        "lon" : -121.9157984683,
        "time" : "20140626T090150-0700"
      }, {
        "lat" : 37.6781057241,
        "lon" : -121.9139006927,
        "time" : "20140626T090208-0700"
      }, {
        "lat" : 37.6703758646,
        "lon" : -121.9108349518,
        "time" : "20140626T090239-0700"
      }, {
        "lat" : 37.6659665967,
        "lon" : -121.9091794697,
        "time" : "20140626T090257-0700"
      }, {
        "lat" : 37.6622789909,
        "lon" : -121.9070809866,
        "time" : "20140626T090313-0700"
      }, {
        "lat" : 37.658940162,
        "lon" : -121.9040216532,
        "time" : "20140626T090329-0700"
      }, {
        "lat" : 37.6558635673,
        "lon" : -121.900602527,
        "time" : "20140626T090345-0700"
      }, {
        "lat" : 37.6505639814,
        "lon" : -121.8952485061,
        "time" : "20140626T090409-0700"
      }, {
        "lat" : 37.6470970129,
        "lon" : -121.891584511,
        "time" : "20140626T090425-0700"
      }, {
        "lat" : 37.6439301602,
        "lon" : -121.8882615567,
        "time" : "20140626T090441-0700"
      }, {
        "lat" : 37.6405277277,
        "lon" : -121.8849827452,
        "time" : "20140626T090457-0700"
      }, {
        "lat" : 37.6364862487,
        "lon" : -121.8843848711,
        "time" : "20140626T090512-0700"
      }, {
        "lat" : 37.6311746496,
        "lon" : -121.8821575303,
        "time" : "20140626T090534-0700"
      }, {
        "lat" : 37.627358247,
        "lon" : -121.8804190441,
        "time" : "20140626T090550-0700"
      }, {
        "lat" : 37.6196478203,
        "lon" : -121.8790356831,
        "time" : "20140626T090619-0700"
      }, {
        "lat" : 37.614890769,
        "lon" : -121.8766462858,
        "time" : "20140626T090637-0700"
      }, {
        "lat" : 37.6095870892,
        "lon" : -121.8742235874,
        "time" : "20140626T090658-0700"
      }, {
        "lat" : 37.6056552159,
        "lon" : -121.8726489752,
        "time" : "20140626T090713-0700"
      }, {
        "lat" : 37.6009830908,
        "lon" : -121.8724456523,
        "time" : "20140626T090729-0700"
      }, {
        "lat" : 37.5965288518,
        "lon" : -121.8732931517,
        "time" : "20140626T090746-0700"
      }, {
        "lat" : 37.5931156571,
        "lon" : -121.8708241711,
        "time" : "20140626T090801-0700"
      }, {
        "lat" : 37.5890508218,
        "lon" : -121.8707691141,
        "time" : "20140626T090817-0700"
      }, {
        "lat" : 37.582610538,
        "lon" : -121.8741799384,
        "time" : "20140626T090844-0700"
      }, {
        "lat" : 37.5788106794,
        "lon" : -121.8769233816,
        "time" : "20140626T090901-0700"
      }, {
        "lat" : 37.57545368,
        "lon" : -121.8822041667,
        "time" : "20140626T090921-0700"
      }, {
        "lat" : 37.5732287324,
        "lon" : -121.8874779586,
        "time" : "20140626T090941-0700"
      }, {
        "lat" : 37.5707169243,
        "lon" : -121.8915546229,
        "time" : "20140626T090957-0700"
      }, {
        "lat" : 37.5684567501,
        "lon" : -121.895843528,
        "time" : "20140626T091014-0700"
      }, {
        "lat" : 37.5663719859,
        "lon" : -121.8997227247,
        "time" : "20140626T091030-0700"
      }, {
        "lat" : 37.5638928945,
        "lon" : -121.9034892837,
        "time" : "20140626T091046-0700"
      }, {
        "lat" : 37.5607982497,
        "lon" : -121.908439995,
        "time" : "20140626T091107-0700"
      }, {
        "lat" : 37.5590927536,
        "lon" : -121.9127768247,
        "time" : "20140626T091124-0700"
      }, {
        "lat" : 37.5549796849,
        "lon" : -121.9163554365,
        "time" : "20140626T091144-0700"
      }, {
        "lat" : 37.5507257765,
        "lon" : -121.9187807504,
        "time" : "20140626T091201-0700"
      }, {
        "lat" : 37.5465639205,
        "lon" : -121.9200119352,
        "time" : "20140626T091217-0700"
      }, {
        "lat" : 37.5428599016,
        "lon" : -121.9222524347,
        "time" : "20140626T091234-0700"
      }, {
        "lat" : 37.5387519102,
        "lon" : -121.927105958,
        "time" : "20140626T091254-0700"
      }, {
        "lat" : 37.5363875697,
        "lon" : -121.9315754973,
        "time" : "20140626T091310-0700"
      }, {
        "lat" : 37.5325480817,
        "lon" : -121.9390751093,
        "time" : "20140626T091337-0700"
      }, {
        "lat" : 37.5294898175,
        "lon" : -121.9441638238,
        "time" : "20140626T091356-0700"
      }, {
        "lat" : 37.5241439125,
        "lon" : -121.9467680743,
        "time" : "20140626T091419-0700"
      }, {
        "lat" : 37.5206939262,
        "lon" : -121.9440706233,
        "time" : "20140626T091435-0700"
      }, {
        "lat" : 37.5173727804,
        "lon" : -121.9414971259,
        "time" : "20140626T091451-0700"
      }, {
        "lat" : 37.5105426793,
        "lon" : -121.9375986942,
        "time" : "20140626T091520-0700"
      }, {
        "lat" : 37.5046884476,
        "lon" : -121.9337423503,
        "time" : "20140626T091544-0700"
      }, {
        "lat" : 37.5008588206,
        "lon" : -121.9295250985,
        "time" : "20140626T091602-0700"
      }, {
        "lat" : 37.4964704957,
        "lon" : -121.9245779964,
        "time" : "20140626T091623-0700"
      }, {
        "lat" : 37.4929847979,
        "lon" : -121.9206775734,
        "time" : "20140626T091639-0700"
      }, {
        "lat" : 37.4870488786,
        "lon" : -121.916231761,
        "time" : "20140626T091701-0700"
      }, {
        "lat" : 37.4797918694,
        "lon" : -121.912745609,
        "time" : "20140626T091726-0700"
      }, {
        "lat" : 37.474208145,
        "lon" : -121.9110042555,
        "time" : "20140626T091744-0700"
      }, {
        "lat" : 37.4690084567,
        "lon" : -121.9079381609,
        "time" : "20140626T091802-0700"
      }, {
        "lat" : 37.4647623673,
        "lon" : -121.9045317699,
        "time" : "20140626T091819-0700"
      }, {
        "lat" : 37.461110741,
        "lon" : -121.9015851917,
        "time" : "20140626T091835-0700"
      }, {
        "lat" : 37.4576777126,
        "lon" : -121.8984895912,
        "time" : "20140626T091851-0700"
      }, {
        "lat" : 37.4541638993,
        "lon" : -121.895274483,
        "time" : "20140626T091907-0700"
      }, {
        "lat" : 37.4471713725,
        "lon" : -121.8915354867,
        "time" : "20140626T091935-0700"
      }, {
        "lat" : 37.4397022789,
        "lon" : -121.8900448,
        "time" : "20140626T092006-0700"
      }, {
        "lat" : 37.4366952869,
        "lon" : -121.8898204378,
        "time" : "20140626T092022-0700"
      }, {
        "lat" : 37.4342657405,
        "lon" : -121.8911241253,
        "time" : "20140626T092038-0700"
      }, {
        "lat" : 37.4338619487,
        "lon" : -121.8929648606,
        "time" : "20140626T092054-0700"
      }, {
        "lat" : 37.4338459355,
        "lon" : -121.8929845861,
        "time" : "20140626T092112-0700"
      }, {
        "lat" : 37.4338010657,
        "lon" : -121.8930794985,
        "time" : "20140626T092128-0700"
      }, {
        "lat" : 37.4332132965,
        "lon" : -121.8955388617,
        "time" : "20140626T092146-0700"
      }, {
        "lat" : 37.4326684115,
        "lon" : -121.8981541112,
        "time" : "20140626T092204-0700"
      }, {
        "lat" : 37.4325793563,
        "lon" : -121.8983346146,
        "time" : "20140626T092220-0700"
      }, {
        "lat" : 37.4325366444,
        "lon" : -121.8984013007,
        "time" : "20140626T092236-0700"
      }, {
        "lat" : 37.4320996994,
        "lon" : -121.9018945848,
        "time" : "20140626T092301-0700"
      }, {
        "lat" : 37.431851978,
        "lon" : -121.9045765645,
        "time" : "20140626T092317-0700"
      }, {
        "lat" : 37.4312957548,
        "lon" : -121.9074731858,
        "time" : "20140626T092333-0700"
      }, {
        "lat" : 37.4279207832,
        "lon" : -121.9102988597,
        "time" : "20140626T092400-0700"
      }, {
        "lat" : 37.4264175328,
        "lon" : -121.9141392692,
        "time" : "20140626T092424-0700"
      }, {
        "lat" : 37.4259365762,
        "lon" : -121.9157333889,
        "time" : "20140626T092440-0700"
      }, {
        "lat" : 37.4253819228,
        "lon" : -121.9176858642,
        "time" : "20140626T092501-0700"
      }, {
        "lat" : 37.4253804586,
        "lon" : -121.9177016701,
        "time" : "20140626T092528-0700"
      }, {
        "lat" : 37.424850322,
        "lon" : -121.9196691815,
        "time" : "20140626T092545-0700"
      }, {
        "lat" : 37.4247794452,
        "lon" : -121.9202704633,
        "time" : "20140626T092601-0700"
      }, {
        "lat" : 37.4246691743,
        "lon" : -121.9206026283,
        "time" : "20140626T092618-0700"
      }, {
        "lat" : 37.4244689117,
        "lon" : -121.9210899092,
        "time" : "20140626T092642-0700"
      }, {
        "lat" : 37.4242655645,
        "lon" : -121.921540947,
        "time" : "20140626T092704-0700"
      }, {
        "lat" : 37.4241977196,
        "lon" : -121.9217577433,
        "time" : "20140626T092721-0700"
      }, {
        "lat" : 37.4241465927,
        "lon" : -121.9215985643,
        "time" : "20140626T092743-0700"
      }, {
        "lat" : 37.4236694502,
        "lon" : -121.9216968754,
        "time" : "20140626T092809-0700"
      }, {
        "lat" : 37.4230281073,
        "lon" : -121.9226070746,
        "time" : "20140626T092828-0700"
      }, {
        "lat" : 37.4224072748,
        "lon" : -121.9305617452,
        "time" : "20140626T093048-0700"
      }, {
        "lat" : 37.4223060193,
        "lon" : -121.9312452847,
        "time" : "20140626T093103-0700"
      }, {
        "lat" : 37.4220036971,
        "lon" : -121.9329519417,
        "time" : "20140626T093122-0700"
      }, {
        "lat" : 37.4214693346,
        "lon" : -121.9353227294,
        "time" : "20140626T093140-0700"
      }, {
        "lat" : 37.4196555527,
        "lon" : -121.9425916218,
        "time" : "20140626T093251-0700"
      }, {
        "lat" : 37.4192590024,
        "lon" : -121.9475959389,
        "time" : "20140626T093313-0700"
      }, {
        "lat" : 37.4192428258,
        "lon" : -121.9507058542,
        "time" : "20140626T093330-0700"
      }, {
        "lat" : 37.4193289157,
        "lon" : -121.9568548515,
        "time" : "20140626T093356-0700"
      }, {
        "lat" : 37.4183078299,
        "lon" : -121.9716503102,
        "time" : "20140626T093451-0700"
      }, {
        "lat" : 37.4163645102,
        "lon" : -121.9763680451,
        "time" : "20140626T093510-0700"
      }, {
        "lat" : 37.4139823701,
        "lon" : -121.9820425181,
        "time" : "20140626T093533-0700"
      }, {
        "lat" : 37.4107901744,
        "lon" : -121.9912951836,
        "time" : "20140626T093607-0700"
      }, {
        "lat" : 37.4088064962,
        "lon" : -122.0009199435,
        "time" : "20140626T093640-0700"
      }, {
        "lat" : 37.4069795721,
        "lon" : -122.0101411501,
        "time" : "20140626T093707-0700"
      }, {
        "lat" : 37.4051759579,
        "lon" : -122.017380001,
        "time" : "20140626T093734-0700"
      }, {
        "lat" : 37.404403276,
        "lon" : -122.0206405492,
        "time" : "20140626T093751-0700"
      }, {
        "lat" : 37.4042215722,
        "lon" : -122.0213510754,
        "time" : "20140626T093806-0700"
      }, {
        "lat" : 37.4038053907,
        "lon" : -122.0249298364,
        "time" : "20140626T093831-0700"
      }, {
        "lat" : 37.4027194448,
        "lon" : -122.0287950196,
        "time" : "20140626T093900-0700"
      }, {
        "lat" : 37.4023242783,
        "lon" : -122.0305285074,
        "time" : "20140626T093915-0700"
      }, {
        "lat" : 37.4017102785,
        "lon" : -122.0337962571,
        "time" : "20140626T093946-0700"
      }, {
        "lat" : 37.4048506065,
        "lon" : -122.0535094513,
        "time" : "20140626T094308-0700"
      }, {
        "lat" : 37.4052442877,
        "lon" : -122.0549704991,
        "time" : "20140626T094323-0700"
      }, {
        "lat" : 37.4056042218,
        "lon" : -122.0567282013,
        "time" : "20140626T094344-0700"
      }, {
        "lat" : 37.4058810556,
        "lon" : -122.0580053463,
        "time" : "20140626T094359-0700"
      }, {
        "lat" : 37.4064648073,
        "lon" : -122.0604629785,
        "time" : "20140626T094426-0700"
      }, {
        "lat" : 37.4067787622,
        "lon" : -122.0629477791,
        "time" : "20140626T094451-0700"
      }, {
        "lat" : 37.413446269,
        "lon" : -122.078150074,
        "time" : "20140626T094640-0700"
      }, {
        "lat" : 37.4134547906,
        "lon" : -122.0777044665,
        "time" : "20140626T094658-0700"
      }, {
        "lat" : 37.4134171271,
        "lon" : -122.0778802387,
        "time" : "20140626T094724-0700"
      }, {
        "lat" : 37.4118918068,
        "lon" : -122.0781394586,
        "time" : "20140626T094745-0700"
      }, {
        "lat" : 37.4105245973,
        "lon" : -122.0780958843,
        "time" : "20140626T094807-0700"
      }, {
        "lat" : 37.4098927898,
        "lon" : -122.0780099616,
        "time" : "20140626T094826-0700"
      }, {
        "lat" : 37.4082567623,
        "lon" : -122.077954379,
        "time" : "20140626T094841-0700"
      }, {
        "lat" : 37.4065069245,
        "lon" : -122.0783821432,
        "time" : "20140626T094901-0700"
      }, {
        "lat" : 37.4072765074,
        "lon" : -122.0805161041,
        "time" : "20140626T094922-0700"
      }, {
        "lat" : 37.4068232292,
        "lon" : -122.0816788456,
        "time" : "20140626T094942-0700"
      }, {
        "lat" : 37.4056443053,
        "lon" : -122.0822233311,
        "time" : "20140626T094958-0700"
      }, {
        "lat" : 37.4027348429,
        "lon" : -122.0833431987,
        "time" : "20140626T095039-0700"
      }, {
        "lat" : 37.4033396014,
        "lon" : -122.0854525385,
        "time" : "20140626T095100-0700"
      } ]
    } ],
    "lastUpdate" : "20140626T231857Z"
  }, {
    "type" : "place",
    "startTime" : "20140626T095140-0700",
    "endTime" : "20140626T144535-0700",
    "place" : {
      "id" : 80239940,
      "type" : "unknown",
      "location" : {
        "lat" : 37.40300648,
        "lon" : -122.0855962362
      }
    },
    "activities" : [ {
      "activity" : "walking",
      "group" : "walking",
      "manual" : false,
      "startTime" : "20140626T095204-0700",
      "endTime" : "20140626T095234-0700",
      "duration" : 30.0,
      "distance" : 31.0,
      "steps" : 61,
      "trackPoints" : [ ]
    } ],
    "lastUpdate" : "20140627T023447Z"
  }, {
    "type" : "move",
    "startTime" : "20140626T144535-0700",
    "endTime" : "20140626T161956-0700",
    "activities" : [ {
      "activity" : "transport",
      "group" : "transport",
      "manual" : false,
      "startTime" : "20140626T144535-0700",
      "endTime" : "20140626T161646-0700",
      "duration" : 5471.0,
      "distance" : 84484.0,
      "trackPoints" : [ {
        "lat" : 37.40300648,
        "lon" : -122.0855962362,
        "time" : "20140626T144535-0700"
      }, {
        "lat" : 37.4075763842,
        "lon" : -122.0811637907,
        "time" : "20140626T144618-0700"
      }, {
        "lat" : 37.406834721,
        "lon" : -122.0795435945,
        "time" : "20140626T144634-0700"
      }, {
        "lat" : 37.4065018183,
        "lon" : -122.0783223111,
        "time" : "20140626T144705-0700"
      }, {
        "lat" : 37.4065018183,
        "lon" : -122.0783223111,
        "time" : "20140626T144725-0700"
      }, {
        "lat" : 37.4065018183,
        "lon" : -122.0783223111,
        "time" : "20140626T144746-0700"
      }, {
        "lat" : 37.4065018183,
        "lon" : -122.0783223111,
        "time" : "20140626T144807-0700"
      }, {
        "lat" : 37.4072078271,
        "lon" : -122.0781643005,
        "time" : "20140626T144828-0700"
      }, {
        "lat" : 37.4079709095,
        "lon" : -122.0778302944,
        "time" : "20140626T144904-0700"
      }, {
        "lat" : 37.4082102896,
        "lon" : -122.0777373552,
        "time" : "20140626T144929-0700"
      }, {
        "lat" : 37.4083163033,
        "lon" : -122.0776988245,
        "time" : "20140626T144949-0700"
      }, {
        "lat" : 37.4083288444,
        "lon" : -122.0777172647,
        "time" : "20140626T145006-0700"
      }, {
        "lat" : 37.4084288714,
        "lon" : -122.0776489057,
        "time" : "20140626T145022-0700"
      }, {
        "lat" : 37.4087932592,
        "lon" : -122.0779957369,
        "time" : "20140626T145038-0700"
      }, {
        "lat" : 37.4123748849,
        "lon" : -122.0779340828,
        "time" : "20140626T145104-0700"
      }, {
        "lat" : 37.4120074769,
        "lon" : -122.0775864432,
        "time" : "20140626T145127-0700"
      }, {
        "lat" : 37.4134066786,
        "lon" : -122.0807308314,
        "time" : "20140626T145147-0700"
      }, {
        "lat" : 37.4149445881,
        "lon" : -122.0834677015,
        "time" : "20140626T145204-0700"
      }, {
        "lat" : 37.4168177223,
        "lon" : -122.0864343659,
        "time" : "20140626T145225-0700"
      }, {
        "lat" : 37.4182195697,
        "lon" : -122.0883652363,
        "time" : "20140626T145240-0700"
      }, {
        "lat" : 37.419952472,
        "lon" : -122.0906959666,
        "time" : "20140626T145259-0700"
      }, {
        "lat" : 37.4212652571,
        "lon" : -122.0925298773,
        "time" : "20140626T145315-0700"
      }, {
        "lat" : 37.4224934285,
        "lon" : -122.0942274714,
        "time" : "20140626T145330-0700"
      }, {
        "lat" : 37.4237599004,
        "lon" : -122.0959411339,
        "time" : "20140626T145346-0700"
      }, {
        "lat" : 37.4251478562,
        "lon" : -122.0977383679,
        "time" : "20140626T145404-0700"
      }, {
        "lat" : 37.4264698866,
        "lon" : -122.0992046147,
        "time" : "20140626T145424-0700"
      }, {
        "lat" : 37.4268711265,
        "lon" : -122.0995402119,
        "time" : "20140626T145442-0700"
      }, {
        "lat" : 37.4278083824,
        "lon" : -122.1005110192,
        "time" : "20140626T145458-0700"
      }, {
        "lat" : 37.4291167771,
        "lon" : -122.101951188,
        "time" : "20140626T145514-0700"
      }, {
        "lat" : 37.4305769055,
        "lon" : -122.1034349915,
        "time" : "20140626T145535-0700"
      }, {
        "lat" : 37.4312884133,
        "lon" : -122.1041293206,
        "time" : "20140626T145551-0700"
      }, {
        "lat" : 37.4320221496,
        "lon" : -122.1048773184,
        "time" : "20140626T145606-0700"
      }, {
        "lat" : 37.433061597,
        "lon" : -122.105954095,
        "time" : "20140626T145621-0700"
      }, {
        "lat" : 37.4342116253,
        "lon" : -122.1071444941,
        "time" : "20140626T145638-0700"
      }, {
        "lat" : 37.4354851803,
        "lon" : -122.1084067155,
        "time" : "20140626T145654-0700"
      }, {
        "lat" : 37.4377844969,
        "lon" : -122.1108252734,
        "time" : "20140626T145716-0700"
      }, {
        "lat" : 37.4395347126,
        "lon" : -122.1128040337,
        "time" : "20140626T145732-0700"
      }, {
        "lat" : 37.4423448468,
        "lon" : -122.1158770079,
        "time" : "20140626T145754-0700"
      }, {
        "lat" : 37.4458215498,
        "lon" : -122.1196303119,
        "time" : "20140626T145817-0700"
      }, {
        "lat" : 37.4487343033,
        "lon" : -122.1225980107,
        "time" : "20140626T145834-0700"
      }, {
        "lat" : 37.4522675675,
        "lon" : -122.1272809515,
        "time" : "20140626T145859-0700"
      }, {
        "lat" : 37.4603530911,
        "lon" : -122.1409300329,
        "time" : "20140626T145950-0700"
      }, {
        "lat" : 37.4617663757,
        "lon" : -122.143350824,
        "time" : "20140626T145959-0700"
      }, {
        "lat" : 37.4617679083,
        "lon" : -122.1433534491,
        "time" : "20140626T150000-0700"
      }, {
        "lat" : 37.4640312366,
        "lon" : -122.1472302654,
        "time" : "20140626T150014-0700"
      }, {
        "lat" : 37.4700718347,
        "lon" : -122.1573311038,
        "time" : "20140626T150049-0700"
      }, {
        "lat" : 37.4735686295,
        "lon" : -122.1632521667,
        "time" : "20140626T150109-0700"
      }, {
        "lat" : 37.4768071694,
        "lon" : -122.1688036257,
        "time" : "20140626T150129-0700"
      }, {
        "lat" : 37.4837573018,
        "lon" : -122.1814158307,
        "time" : "20140626T150210-0700"
      }, {
        "lat" : 37.4849876502,
        "lon" : -122.18592575,
        "time" : "20140626T150225-0700"
      }, {
        "lat" : 37.4862243078,
        "lon" : -122.1938814817,
        "time" : "20140626T150251-0700"
      }, {
        "lat" : 37.4868698397,
        "lon" : -122.1987830535,
        "time" : "20140626T150308-0700"
      }, {
        "lat" : 37.4884612404,
        "lon" : -122.2102038202,
        "time" : "20140626T150342-0700"
      }, {
        "lat" : 37.4902198005,
        "lon" : -122.2175045251,
        "time" : "20140626T150408-0700"
      }, {
        "lat" : 37.4928976566,
        "lon" : -122.2229269882,
        "time" : "20140626T150429-0700"
      }, {
        "lat" : 37.4948118277,
        "lon" : -122.2278210773,
        "time" : "20140626T150445-0700"
      }, {
        "lat" : 37.4966360281,
        "lon" : -122.2347126981,
        "time" : "20140626T150516-0700"
      }, {
        "lat" : 37.4995240142,
        "lon" : -122.2406510383,
        "time" : "20140626T150543-0700"
      }, {
        "lat" : 37.5028920447,
        "lon" : -122.2433713185,
        "time" : "20140626T150610-0700"
      }, {
        "lat" : 37.5042186356,
        "lon" : -122.2448532396,
        "time" : "20140626T150626-0700"
      }, {
        "lat" : 37.5054322564,
        "lon" : -122.2462223933,
        "time" : "20140626T150641-0700"
      }, {
        "lat" : 37.5076862363,
        "lon" : -122.2493480235,
        "time" : "20140626T150705-0700"
      }, {
        "lat" : 37.5115800317,
        "lon" : -122.25339018,
        "time" : "20140626T150740-0700"
      }, {
        "lat" : 37.512884746,
        "lon" : -122.2549395202,
        "time" : "20140626T150756-0700"
      }, {
        "lat" : 37.5182649267,
        "lon" : -122.2609774883,
        "time" : "20140626T150834-0700"
      }, {
        "lat" : 37.5198463966,
        "lon" : -122.262758692,
        "time" : "20140626T150850-0700"
      }, {
        "lat" : 37.5209045704,
        "lon" : -122.2639063611,
        "time" : "20140626T150908-0700"
      }, {
        "lat" : 37.5234335509,
        "lon" : -122.2669576619,
        "time" : "20140626T150930-0700"
      }, {
        "lat" : 37.5277362295,
        "lon" : -122.2716009164,
        "time" : "20140626T151028-0700"
      }, {
        "lat" : 37.5298285002,
        "lon" : -122.2739639211,
        "time" : "20140626T151045-0700"
      }, {
        "lat" : 37.5338695925,
        "lon" : -122.2778584793,
        "time" : "20140626T151113-0700"
      }, {
        "lat" : 37.5355000613,
        "lon" : -122.2793850262,
        "time" : "20140626T151132-0700"
      }, {
        "lat" : 37.5378700658,
        "lon" : -122.2816695136,
        "time" : "20140626T151203-0700"
      }, {
        "lat" : 37.541507384,
        "lon" : -122.284883772,
        "time" : "20140626T151251-0700"
      }, {
        "lat" : 37.5433916766,
        "lon" : -122.2865448266,
        "time" : "20140626T151311-0700"
      }, {
        "lat" : 37.5439441368,
        "lon" : -122.2869786305,
        "time" : "20140626T151328-0700"
      }, {
        "lat" : 37.5481834211,
        "lon" : -122.2910716942,
        "time" : "20140626T151433-0700"
      }, {
        "lat" : 37.5487674083,
        "lon" : -122.2915894462,
        "time" : "20140626T151449-0700"
      }, {
        "lat" : 37.549828305,
        "lon" : -122.2923879376,
        "time" : "20140626T151505-0700"
      }, {
        "lat" : 37.5506350074,
        "lon" : -122.2929735225,
        "time" : "20140626T151521-0700"
      }, {
        "lat" : 37.5514105265,
        "lon" : -122.293527509,
        "time" : "20140626T151537-0700"
      }, {
        "lat" : 37.5531586832,
        "lon" : -122.2930161806,
        "time" : "20140626T151601-0700"
      }, {
        "lat" : 37.553831246,
        "lon" : -122.2913722932,
        "time" : "20140626T151621-0700"
      }, {
        "lat" : 37.5543681641,
        "lon" : -122.2900434121,
        "time" : "20140626T151639-0700"
      }, {
        "lat" : 37.5556260687,
        "lon" : -122.2867492889,
        "time" : "20140626T151701-0700"
      }, {
        "lat" : 37.558099709,
        "lon" : -122.2820630624,
        "time" : "20140626T151723-0700"
      }, {
        "lat" : 37.5604466989,
        "lon" : -122.2783929235,
        "time" : "20140626T151739-0700"
      }, {
        "lat" : 37.5638113743,
        "lon" : -122.2731480358,
        "time" : "20140626T151804-0700"
      }, {
        "lat" : 37.5671551252,
        "lon" : -122.2694087971,
        "time" : "20140626T151823-0700"
      }, {
        "lat" : 37.5699279849,
        "lon" : -122.2664165558,
        "time" : "20140626T151838-0700"
      }, {
        "lat" : 37.573783013,
        "lon" : -122.2621695034,
        "time" : "20140626T151900-0700"
      }, {
        "lat" : 37.576682967,
        "lon" : -122.2590133154,
        "time" : "20140626T151917-0700"
      }, {
        "lat" : 37.5791756267,
        "lon" : -122.2562978565,
        "time" : "20140626T151932-0700"
      }, {
        "lat" : 37.581663553,
        "lon" : -122.253602146,
        "time" : "20140626T151949-0700"
      }, {
        "lat" : 37.5842956853,
        "lon" : -122.2506486058,
        "time" : "20140626T152004-0700"
      }, {
        "lat" : 37.5954213495,
        "lon" : -122.2276469092,
        "time" : "20140626T152133-0700"
      }, {
        "lat" : 37.5967973171,
        "lon" : -122.2230215834,
        "time" : "20140626T152149-0700"
      }, {
        "lat" : 37.5989042661,
        "lon" : -122.2158646473,
        "time" : "20140626T152213-0700"
      }, {
        "lat" : 37.6001715624,
        "lon" : -122.2114803507,
        "time" : "20140626T152228-0700"
      }, {
        "lat" : 37.6018754989,
        "lon" : -122.2057697013,
        "time" : "20140626T152250-0700"
      }, {
        "lat" : 37.6038024475,
        "lon" : -122.1992766255,
        "time" : "20140626T152312-0700"
      }, {
        "lat" : 37.6052334681,
        "lon" : -122.1944709947,
        "time" : "20140626T152328-0700"
      }, {
        "lat" : 37.6067730021,
        "lon" : -122.1892754695,
        "time" : "20140626T152347-0700"
      }, {
        "lat" : 37.6086671675,
        "lon" : -122.1829604995,
        "time" : "20140626T152408-0700"
      }, {
        "lat" : 37.6107482675,
        "lon" : -122.1758799695,
        "time" : "20140626T152433-0700"
      }, {
        "lat" : 37.612836228,
        "lon" : -122.1690107404,
        "time" : "20140626T152457-0700"
      }, {
        "lat" : 37.6142502649,
        "lon" : -122.164220874,
        "time" : "20140626T152514-0700"
      }, {
        "lat" : 37.6158313579,
        "lon" : -122.1588274723,
        "time" : "20140626T152533-0700"
      }, {
        "lat" : 37.617353184,
        "lon" : -122.1532648734,
        "time" : "20140626T152552-0700"
      }, {
        "lat" : 37.6191639928,
        "lon" : -122.1477836489,
        "time" : "20140626T152611-0700"
      }, {
        "lat" : 37.6209766258,
        "lon" : -122.1424448639,
        "time" : "20140626T152631-0700"
      }, {
        "lat" : 37.6230808412,
        "lon" : -122.1362214418,
        "time" : "20140626T152654-0700"
      }, {
        "lat" : 37.6248651222,
        "lon" : -122.1308502614,
        "time" : "20140626T152713-0700"
      }, {
        "lat" : 37.6277749804,
        "lon" : -122.1221650146,
        "time" : "20140626T152743-0700"
      }, {
        "lat" : 37.6292016081,
        "lon" : -122.1179044273,
        "time" : "20140626T152759-0700"
      }, {
        "lat" : 37.6309825607,
        "lon" : -122.1124776364,
        "time" : "20140626T152820-0700"
      }, {
        "lat" : 37.6322492055,
        "lon" : -122.1099110696,
        "time" : "20140626T152836-0700"
      }, {
        "lat" : 37.6326471974,
        "lon" : -122.1090709345,
        "time" : "20140626T152852-0700"
      }, {
        "lat" : 37.6328445,
        "lon" : -122.1086601119,
        "time" : "20140626T152908-0700"
      }, {
        "lat" : 37.6333334268,
        "lon" : -122.1073814108,
        "time" : "20140626T152935-0700"
      }, {
        "lat" : 37.6335511332,
        "lon" : -122.1067907227,
        "time" : "20140626T152950-0700"
      }, {
        "lat" : 37.6341963904,
        "lon" : -122.1050015939,
        "time" : "20140626T153006-0700"
      }, {
        "lat" : 37.6349727055,
        "lon" : -122.1028707556,
        "time" : "20140626T153025-0700"
      }, {
        "lat" : 37.6354320688,
        "lon" : -122.1017439128,
        "time" : "20140626T153042-0700"
      }, {
        "lat" : 37.6359467507,
        "lon" : -122.1003481238,
        "time" : "20140626T153100-0700"
      }, {
        "lat" : 37.636529391,
        "lon" : -122.0992894128,
        "time" : "20140626T153119-0700"
      }, {
        "lat" : 37.6372983688,
        "lon" : -122.0982335615,
        "time" : "20140626T153149-0700"
      }, {
        "lat" : 37.6375789704,
        "lon" : -122.097917216,
        "time" : "20140626T153205-0700"
      }, {
        "lat" : 37.6379021198,
        "lon" : -122.0975588009,
        "time" : "20140626T153220-0700"
      }, {
        "lat" : 37.638936181,
        "lon" : -122.096886855,
        "time" : "20140626T153247-0700"
      }, {
        "lat" : 37.6397865434,
        "lon" : -122.0965089204,
        "time" : "20140626T153309-0700"
      }, {
        "lat" : 37.6411133098,
        "lon" : -122.0957145263,
        "time" : "20140626T153331-0700"
      }, {
        "lat" : 37.6416785391,
        "lon" : -122.0953562446,
        "time" : "20140626T153348-0700"
      }, {
        "lat" : 37.6420433046,
        "lon" : -122.0950338832,
        "time" : "20140626T153404-0700"
      }, {
        "lat" : 37.6424185212,
        "lon" : -122.0945937078,
        "time" : "20140626T153420-0700"
      }, {
        "lat" : 37.6426968851,
        "lon" : -122.0941836804,
        "time" : "20140626T153440-0700"
      }, {
        "lat" : 37.6428780149,
        "lon" : -122.0939303054,
        "time" : "20140626T153456-0700"
      }, {
        "lat" : 37.6440229203,
        "lon" : -122.093144713,
        "time" : "20140626T153526-0700"
      }, {
        "lat" : 37.6445302273,
        "lon" : -122.0930628003,
        "time" : "20140626T153550-0700"
      }, {
        "lat" : 37.6448763733,
        "lon" : -122.0931155265,
        "time" : "20140626T153615-0700"
      }, {
        "lat" : 37.6453860517,
        "lon" : -122.0934428129,
        "time" : "20140626T153639-0700"
      }, {
        "lat" : 37.6457898575,
        "lon" : -122.0937499551,
        "time" : "20140626T153709-0700"
      }, {
        "lat" : 37.6465657779,
        "lon" : -122.0947083298,
        "time" : "20140626T153733-0700"
      }, {
        "lat" : 37.6478404874,
        "lon" : -122.095745401,
        "time" : "20140626T153753-0700"
      }, {
        "lat" : 37.6491148954,
        "lon" : -122.0967134929,
        "time" : "20140626T153808-0700"
      }, {
        "lat" : 37.6510193806,
        "lon" : -122.0980028778,
        "time" : "20140626T153826-0700"
      }, {
        "lat" : 37.6536273927,
        "lon" : -122.0995791156,
        "time" : "20140626T153851-0700"
      }, {
        "lat" : 37.6554127538,
        "lon" : -122.1006694734,
        "time" : "20140626T153909-0700"
      }, {
        "lat" : 37.6581042334,
        "lon" : -122.1023123711,
        "time" : "20140626T153935-0700"
      }, {
        "lat" : 37.6604269252,
        "lon" : -122.1037835429,
        "time" : "20140626T153958-0700"
      }, {
        "lat" : 37.6625253826,
        "lon" : -122.1051007791,
        "time" : "20140626T154014-0700"
      }, {
        "lat" : 37.6669482171,
        "lon" : -122.1078859315,
        "time" : "20140626T154041-0700"
      }, {
        "lat" : 37.6701508564,
        "lon" : -122.1098328999,
        "time" : "20140626T154100-0700"
      }, {
        "lat" : 37.6748834379,
        "lon" : -122.1148495862,
        "time" : "20140626T154130-0700"
      }, {
        "lat" : 37.6776428456,
        "lon" : -122.1187206771,
        "time" : "20140626T154148-0700"
      }, {
        "lat" : 37.6805414892,
        "lon" : -122.123033433,
        "time" : "20140626T154210-0700"
      }, {
        "lat" : 37.6829786802,
        "lon" : -122.1265383238,
        "time" : "20140626T154228-0700"
      }, {
        "lat" : 37.6859543348,
        "lon" : -122.1308849563,
        "time" : "20140626T154249-0700"
      }, {
        "lat" : 37.6891754004,
        "lon" : -122.1356318212,
        "time" : "20140626T154312-0700"
      }, {
        "lat" : 37.6935301372,
        "lon" : -122.1418982835,
        "time" : "20140626T154338-0700"
      }, {
        "lat" : 37.6983578132,
        "lon" : -122.1489167249,
        "time" : "20140626T154407-0700"
      }, {
        "lat" : 37.7013644675,
        "lon" : -122.1533045521,
        "time" : "20140626T154425-0700"
      }, {
        "lat" : 37.7040258236,
        "lon" : -122.157146497,
        "time" : "20140626T154441-0700"
      }, {
        "lat" : 37.7070643742,
        "lon" : -122.161562046,
        "time" : "20140626T154502-0700"
      }, {
        "lat" : 37.7088869024,
        "lon" : -122.1641751944,
        "time" : "20140626T154520-0700"
      }, {
        "lat" : 37.711442947,
        "lon" : -122.1678774441,
        "time" : "20140626T154542-0700"
      }, {
        "lat" : 37.7146136319,
        "lon" : -122.1720894662,
        "time" : "20140626T154602-0700"
      }, {
        "lat" : 37.7181661136,
        "lon" : -122.1757014743,
        "time" : "20140626T154620-0700"
      }, {
        "lat" : 37.722260749,
        "lon" : -122.1798209183,
        "time" : "20140626T154643-0700"
      }, {
        "lat" : 37.7254937206,
        "lon" : -122.1830168189,
        "time" : "20140626T154659-0700"
      }, {
        "lat" : 37.7292429528,
        "lon" : -122.186378219,
        "time" : "20140626T154719-0700"
      }, {
        "lat" : 37.7346463998,
        "lon" : -122.19103039,
        "time" : "20140626T154745-0700"
      }, {
        "lat" : 37.7392334909,
        "lon" : -122.1950394848,
        "time" : "20140626T154808-0700"
      }, {
        "lat" : 37.7427981165,
        "lon" : -122.1982673501,
        "time" : "20140626T154828-0700"
      }, {
        "lat" : 37.7467298175,
        "lon" : -122.2016788029,
        "time" : "20140626T154855-0700"
      }, {
        "lat" : 37.7487157338,
        "lon" : -122.2033938077,
        "time" : "20140626T154911-0700"
      }, {
        "lat" : 37.7513081874,
        "lon" : -122.2056389411,
        "time" : "20140626T154929-0700"
      }, {
        "lat" : 37.7540635251,
        "lon" : -122.2081216547,
        "time" : "20140626T154946-0700"
      }, {
        "lat" : 37.7575516735,
        "lon" : -122.2112657609,
        "time" : "20140626T155005-0700"
      }, {
        "lat" : 37.7610064567,
        "lon" : -122.214238706,
        "time" : "20140626T155021-0700"
      }, {
        "lat" : 37.7663941312,
        "lon" : -122.2187930955,
        "time" : "20140626T155046-0700"
      }, {
        "lat" : 37.7717369915,
        "lon" : -122.2236153476,
        "time" : "20140626T155111-0700"
      }, {
        "lat" : 37.7734011125,
        "lon" : -122.2281783674,
        "time" : "20140626T155126-0700"
      }, {
        "lat" : 37.7755696799,
        "lon" : -122.2343777806,
        "time" : "20140626T155149-0700"
      }, {
        "lat" : 37.7786626938,
        "lon" : -122.2376235687,
        "time" : "20140626T155204-0700"
      }, {
        "lat" : 37.7846776282,
        "lon" : -122.2420935717,
        "time" : "20140626T155234-0700"
      }, {
        "lat" : 37.7865583505,
        "lon" : -122.2456558112,
        "time" : "20140626T155250-0700"
      }, {
        "lat" : 37.7879933838,
        "lon" : -122.2491957566,
        "time" : "20140626T155305-0700"
      }, {
        "lat" : 37.7893436366,
        "lon" : -122.2547011507,
        "time" : "20140626T155329-0700"
      }, {
        "lat" : 37.7899960709,
        "lon" : -122.25847922,
        "time" : "20140626T155345-0700"
      }, {
        "lat" : 37.7913364392,
        "lon" : -122.2613437514,
        "time" : "20140626T155400-0700"
      }, {
        "lat" : 37.7948347942,
        "lon" : -122.2655391831,
        "time" : "20140626T155431-0700"
      }, {
        "lat" : 37.7956271661,
        "lon" : -122.267209833,
        "time" : "20140626T155448-0700"
      }, {
        "lat" : 37.7965449824,
        "lon" : -122.2696006843,
        "time" : "20140626T155508-0700"
      }, {
        "lat" : 37.7973089994,
        "lon" : -122.2715424323,
        "time" : "20140626T155529-0700"
      }, {
        "lat" : 37.7982695191,
        "lon" : -122.2740020369,
        "time" : "20140626T155548-0700"
      }, {
        "lat" : 37.7999998612,
        "lon" : -122.2781539216,
        "time" : "20140626T155605-0700"
      }, {
        "lat" : 37.8043131725,
        "lon" : -122.2792027396,
        "time" : "20140626T155627-0700"
      }, {
        "lat" : 37.809065052,
        "lon" : -122.276361209,
        "time" : "20140626T155649-0700"
      }, {
        "lat" : 37.8129719559,
        "lon" : -122.2727590014,
        "time" : "20140626T155711-0700"
      }, {
        "lat" : 37.8160521941,
        "lon" : -122.2704039404,
        "time" : "20140626T155726-0700"
      }, {
        "lat" : 37.8212362384,
        "lon" : -122.2689804191,
        "time" : "20140626T155748-0700"
      }, {
        "lat" : 37.8252021115,
        "lon" : -122.2676486216,
        "time" : "20140626T155807-0700"
      }, {
        "lat" : 37.8284879634,
        "lon" : -122.266557638,
        "time" : "20140626T155826-0700"
      }, {
        "lat" : 37.8314777369,
        "lon" : -122.2658895654,
        "time" : "20140626T155842-0700"
      }, {
        "lat" : 37.8356303646,
        "lon" : -122.2668148138,
        "time" : "20140626T155909-0700"
      }, {
        "lat" : 37.8378664766,
        "lon" : -122.2688806898,
        "time" : "20140626T155936-0700"
      }, {
        "lat" : 37.8386567936,
        "lon" : -122.2692959601,
        "time" : "20140626T155951-0700"
      }, {
        "lat" : 37.8391108121,
        "lon" : -122.2694184956,
        "time" : "20140626T155959-0700"
      }, {
        "lat" : 37.8391113238,
        "lon" : -122.2694186337,
        "time" : "20140626T160000-0700"
      }, {
        "lat" : 37.8399308996,
        "lon" : -122.2696398298,
        "time" : "20140626T160016-0700"
      }, {
        "lat" : 37.8419657333,
        "lon" : -122.2700694521,
        "time" : "20140626T160033-0700"
      }, {
        "lat" : 37.8438813672,
        "lon" : -122.2704903508,
        "time" : "20140626T160049-0700"
      }, {
        "lat" : 37.8470106333,
        "lon" : -122.2715054863,
        "time" : "20140626T160116-0700"
      }, {
        "lat" : 37.848210496,
        "lon" : -122.2715026755,
        "time" : "20140626T160139-0700"
      }, {
        "lat" : 37.8482147254,
        "lon" : -122.2714975704,
        "time" : "20140626T160155-0700"
      }, {
        "lat" : 37.8482473551,
        "lon" : -122.2714794022,
        "time" : "20140626T160212-0700"
      }, {
        "lat" : 37.8492507288,
        "lon" : -122.2712070004,
        "time" : "20140626T160240-0700"
      }, {
        "lat" : 37.849560835,
        "lon" : -122.2710611601,
        "time" : "20140626T160256-0700"
      }, {
        "lat" : 37.8509532094,
        "lon" : -122.2706540402,
        "time" : "20140626T160317-0700"
      }, {
        "lat" : 37.8510790053,
        "lon" : -122.2706510221,
        "time" : "20140626T160333-0700"
      }, {
        "lat" : 37.8527198758,
        "lon" : -122.2708424916,
        "time" : "20140626T160350-0700"
      }, {
        "lat" : 37.853969398,
        "lon" : -122.2709958874,
        "time" : "20140626T160409-0700"
      }, {
        "lat" : 37.8540204357,
        "lon" : -122.2709805518,
        "time" : "20140626T160426-0700"
      }, {
        "lat" : 37.8540766704,
        "lon" : -122.2709791836,
        "time" : "20140626T160442-0700"
      }, {
        "lat" : 37.8559760404,
        "lon" : -122.2712283929,
        "time" : "20140626T160508-0700"
      }, {
        "lat" : 37.8575926328,
        "lon" : -122.2714863189,
        "time" : "20140626T160529-0700"
      }, {
        "lat" : 37.8595515601,
        "lon" : -122.271684408,
        "time" : "20140626T160558-0700"
      }, {
        "lat" : 37.8602874824,
        "lon" : -122.2717510591,
        "time" : "20140626T160617-0700"
      }, {
        "lat" : 37.8615065696,
        "lon" : -122.2718744788,
        "time" : "20140626T160633-0700"
      }, {
        "lat" : 37.8630551106,
        "lon" : -122.2720249611,
        "time" : "20140626T160650-0700"
      }, {
        "lat" : 37.8632501464,
        "lon" : -122.2720063478,
        "time" : "20140626T160712-0700"
      }, {
        "lat" : 37.8640609371,
        "lon" : -122.2721862306,
        "time" : "20140626T160728-0700"
      }, {
        "lat" : 37.8654044184,
        "lon" : -122.2723511292,
        "time" : "20140626T160743-0700"
      }, {
        "lat" : 37.8669584971,
        "lon" : -122.2725446871,
        "time" : "20140626T160801-0700"
      }, {
        "lat" : 37.867398223,
        "lon" : -122.2725853223,
        "time" : "20140626T160817-0700"
      }, {
        "lat" : 37.8686024209,
        "lon" : -122.2727754211,
        "time" : "20140626T160835-0700"
      }, {
        "lat" : 37.8694847452,
        "lon" : -122.2727511773,
        "time" : "20140626T160853-0700"
      }, {
        "lat" : 37.8696412945,
        "lon" : -122.2726277137,
        "time" : "20140626T160910-0700"
      }, {
        "lat" : 37.8698512836,
        "lon" : -122.2715201535,
        "time" : "20140626T160928-0700"
      }, {
        "lat" : 37.8698792201,
        "lon" : -122.2708942437,
        "time" : "20140626T160944-0700"
      }, {
        "lat" : 37.8701308721,
        "lon" : -122.2707013889,
        "time" : "20140626T161002-0700"
      }, {
        "lat" : 37.8708705086,
        "lon" : -122.2706436622,
        "time" : "20140626T161025-0700"
      }, {
        "lat" : 37.8714094459,
        "lon" : -122.2707748307,
        "time" : "20140626T161051-0700"
      }, {
        "lat" : 37.8716221891,
        "lon" : -122.2707580297,
        "time" : "20140626T161114-0700"
      }, {
        "lat" : 37.8717777175,
        "lon" : -122.2705994765,
        "time" : "20140626T161257-0700"
      }, {
        "lat" : 37.8717843436,
        "lon" : -122.2705572713,
        "time" : "20140626T161318-0700"
      }, {
        "lat" : 37.8719453662,
        "lon" : -122.2694147692,
        "time" : "20140626T161334-0700"
      }, {
        "lat" : 37.871595973,
        "lon" : -122.268306724,
        "time" : "20140626T161403-0700"
      }, {
        "lat" : 37.871623099,
        "lon" : -122.2682692208,
        "time" : "20140626T161420-0700"
      }, {
        "lat" : 37.8716333183,
        "lon" : -122.2682626613,
        "time" : "20140626T161438-0700"
      }, {
        "lat" : 37.8716260757,
        "lon" : -122.2682617717,
        "time" : "20140626T161456-0700"
      }, {
        "lat" : 37.8715736453,
        "lon" : -122.2682594587,
        "time" : "20140626T161522-0700"
      }, {
        "lat" : 37.8715387064,
        "lon" : -122.2682575841,
        "time" : "20140626T161538-0700"
      }, {
        "lat" : 37.8714990952,
        "lon" : -122.2682615368,
        "time" : "20140626T161559-0700"
      }, {
        "lat" : 37.8712918295,
        "lon" : -122.2682297976,
        "time" : "20140626T161615-0700"
      }, {
        "lat" : 37.8708785038,
        "lon" : -122.2683262164,
        "time" : "20140626T161646-0700"
      } ]
    }, {
      "activity" : "walking",
      "group" : "walking",
      "manual" : false,
      "startTime" : "20140626T161646-0700",
      "endTime" : "20140626T161957-0700",
      "duration" : 191.0,
      "distance" : 117.0,
      "steps" : 183,
      "trackPoints" : [ {
        "lat" : 37.8708785038,
        "lon" : -122.2683262164,
        "time" : "20140626T161646-0700"
      }, {
        "lat" : 37.8709496506,
        "lon" : -122.268498114,
        "time" : "20140626T161704-0700"
      }, {
        "lat" : 37.871027595,
        "lon" : -122.2686170109,
        "time" : "20140626T161730-0700"
      }, {
        "lat" : 37.871040414,
        "lon" : -122.2687704104,
        "time" : "20140626T161805-0700"
      }, {
        "lat" : 37.8711390185,
        "lon" : -122.268833679,
        "time" : "20140626T161827-0700"
      }, {
        "lat" : 37.8712610924,
        "lon" : -122.2689164488,
        "time" : "20140626T161844-0700"
      }, {
        "lat" : 37.8712960974,
        "lon" : -122.2685174344,
        "time" : "20140626T161956-0700"
      } ]
    } ],
    "lastUpdate" : "20140627T023447Z"
  }, {
    "type" : "place",
    "startTime" : "20140626T161957-0700",
    "endTime" : "20140626T172442-0700",
    "place" : {
      "id" : 80239947,
      "type" : "unknown",
      "location" : {
        "lat" : 37.8712960974,
        "lon" : -122.2685174344
      }
    },
    "lastUpdate" : "20140627T023450Z"
  }, {
    "type" : "move",
    "startTime" : "20140626T172442-0700",
    "endTime" : "20140626T173326-0700",
    "activities" : [ {
      "activity" : "transport",
      "group" : "transport",
      "manual" : false,
      "startTime" : "20140626T172442-0700",
      "endTime" : "20140626T173326-0700",
      "duration" : 524.0,
      "distance" : 2449.0,
      "trackPoints" : [ {
        "lat" : 37.8712960974,
        "lon" : -122.2685174344,
        "time" : "20140626T172442-0700"
      }, {
        "lat" : 37.8677438636,
        "lon" : -122.2678753461,
        "time" : "20140626T172615-0700"
      }, {
        "lat" : 37.8677133617,
        "lon" : -122.2678200284,
        "time" : "20140626T172630-0700"
      }, {
        "lat" : 37.8675993166,
        "lon" : -122.2679074525,
        "time" : "20140626T172648-0700"
      }, {
        "lat" : 37.8663336479,
        "lon" : -122.2677937241,
        "time" : "20140626T172703-0700"
      }, {
        "lat" : 37.8657422928,
        "lon" : -122.2684042781,
        "time" : "20140626T172720-0700"
      }, {
        "lat" : 37.8653977582,
        "lon" : -122.2706702365,
        "time" : "20140626T172754-0700"
      }, {
        "lat" : 37.8652505645,
        "lon" : -122.2721426086,
        "time" : "20140626T172818-0700"
      }, {
        "lat" : 37.8653918325,
        "lon" : -122.2723241857,
        "time" : "20140626T172840-0700"
      }, {
        "lat" : 37.8666005235,
        "lon" : -122.2727034142,
        "time" : "20140626T172907-0700"
      }, {
        "lat" : 37.8669221635,
        "lon" : -122.2728173431,
        "time" : "20140626T172925-0700"
      }, {
        "lat" : 37.8666811156,
        "lon" : -122.2746489557,
        "time" : "20140626T173020-0700"
      }, {
        "lat" : 37.8665232868,
        "lon" : -122.2760282435,
        "time" : "20140626T173036-0700"
      }, {
        "lat" : 37.8663284037,
        "lon" : -122.2780850842,
        "time" : "20140626T173102-0700"
      }, {
        "lat" : 37.8661348434,
        "lon" : -122.2795094491,
        "time" : "20140626T173120-0700"
      }, {
        "lat" : 37.8659586603,
        "lon" : -122.2808952219,
        "time" : "20140626T173137-0700"
      }, {
        "lat" : 37.865517148,
        "lon" : -122.2814805917,
        "time" : "20140626T173159-0700"
      }, {
        "lat" : 37.8643164097,
        "lon" : -122.2814962185,
        "time" : "20140626T173221-0700"
      }, {
        "lat" : 37.8649488994,
        "lon" : -122.2824507019,
        "time" : "20140626T173250-0700"
      }, {
        "lat" : 37.8651493645,
        "lon" : -122.282029798,
        "time" : "20140626T173326-0700"
      } ]
    } ],
    "lastUpdate" : "20140627T023450Z"
  }, {
    "type" : "place",
    "startTime" : "20140626T173326-0700",
    "endTime" : "20140626T192558-0700",
    "place" : {
      "id" : 72187887,
      "name" : "Home",
      "type" : "home",
      "location" : {
        "lat" : 37.8651493645,
        "lon" : -122.282029798
      }
    },
    "lastUpdate" : "20140627T162307Z"
  }, {
    "type" : "move",
    "startTime" : "20140626T192558-0700",
    "endTime" : "20140626T193337-0700",
    "activities" : [ {
      "activity" : "transport",
      "group" : "transport",
      "manual" : false,
      "startTime" : "20140626T192558-0700",
      "endTime" : "20140626T193337-0700",
      "duration" : 459.0,
      "distance" : 3223.0,
      "trackPoints" : [ {
        "lat" : 37.8651493645,
        "lon" : -122.282029798,
        "time" : "20140626T192558-0700"
      }, {
        "lat" : 37.86744568,
        "lon" : -122.2815509577,
        "time" : "20140626T192640-0700"
      }, {
        "lat" : 37.8693842842,
        "lon" : -122.2817730188,
        "time" : "20140626T192702-0700"
      }, {
        "lat" : 37.8703616242,
        "lon" : -122.2817611756,
        "time" : "20140626T192730-0700"
      }, {
        "lat" : 37.8706183086,
        "lon" : -122.2804136694,
        "time" : "20140626T192745-0700"
      }, {
        "lat" : 37.8711951674,
        "lon" : -122.2763594145,
        "time" : "20140626T192819-0700"
      }, {
        "lat" : 37.8714185701,
        "lon" : -122.2743432459,
        "time" : "20140626T192840-0700"
      }, {
        "lat" : 37.8713919748,
        "lon" : -122.2733208668,
        "time" : "20140626T192906-0700"
      }, {
        "lat" : 37.8716848908,
        "lon" : -122.2715858132,
        "time" : "20140626T192944-0700"
      }, {
        "lat" : 37.8718877532,
        "lon" : -122.2704353816,
        "time" : "20140626T193005-0700"
      }, {
        "lat" : 37.8720217566,
        "lon" : -122.2693320337,
        "time" : "20140626T193030-0700"
      }, {
        "lat" : 37.8720646928,
        "lon" : -122.2687340329,
        "time" : "20140626T193053-0700"
      }, {
        "lat" : 37.8722639791,
        "lon" : -122.2672839586,
        "time" : "20140626T193110-0700"
      }, {
        "lat" : 37.8719492229,
        "lon" : -122.2651765349,
        "time" : "20140626T193135-0700"
      }, {
        "lat" : 37.8718346649,
        "lon" : -122.2646093684,
        "time" : "20140626T193152-0700"
      }, {
        "lat" : 37.8723924885,
        "lon" : -122.2628579281,
        "time" : "20140626T193213-0700"
      }, {
        "lat" : 37.871893036,
        "lon" : -122.2612072749,
        "time" : "20140626T193231-0700"
      }, {
        "lat" : 37.8731989925,
        "lon" : -122.2594876986,
        "time" : "20140626T193257-0700"
      }, {
        "lat" : 37.8730186768,
        "lon" : -122.2589533953,
        "time" : "20140626T193314-0700"
      }, {
        "lat" : 37.8713575202,
        "lon" : -122.2584125748,
        "time" : "20140626T193337-0700"
      } ]
    } ],
    "lastUpdate" : "20140627T162307Z"
  }, {
    "type" : "place",
    "startTime" : "20140626T193337-0700",
    "endTime" : "20140626T194828-0700",
    "place" : {
      "id" : 72412230,
      "name" : "School of Information",
      "type" : "foursquare",
      "foursquareId" : "4f184661e4b0b34551aaa7cb",
      "foursquareCategoryIds" : [ "4bf58dd8d48988d19f941735" ],
      "location" : {
        "lat" : 37.87135752021174,
        "lon" : -122.2584125748343
      }
    },
    "activities" : [ {
      "activity" : "walking",
      "group" : "walking",
      "manual" : false,
      "startTime" : "20140626T193423-0700",
      "endTime" : "20140626T193526-0700",
      "duration" : 63.0,
      "distance" : 48.0,
      "steps" : 97,
      "trackPoints" : [ ]
    } ],
    "lastUpdate" : "20140627T162307Z"
  }, {
    "type" : "move",
    "startTime" : "20140626T194828-0700",
    "endTime" : "20140626T195419-0700",
    "activities" : [ {
      "activity" : "walking",
      "group" : "walking",
      "manual" : false,
      "startTime" : "20140626T194828-0700",
      "endTime" : "20140626T195420-0700",
      "duration" : 352.0,
      "distance" : 502.0,
      "steps" : 613,
      "trackPoints" : [ {
        "lat" : 37.8713575202,
        "lon" : -122.2584125748,
        "time" : "20140626T194828-0700"
      }, {
        "lat" : 37.870759195,
        "lon" : -122.2594415456,
        "time" : "20140626T194924-0700"
      }, {
        "lat" : 37.8705506416,
        "lon" : -122.2596148757,
        "time" : "20140626T194940-0700"
      }, {
        "lat" : 37.8703182955,
        "lon" : -122.2595904572,
        "time" : "20140626T194957-0700"
      }, {
        "lat" : 37.8700843726,
        "lon" : -122.2596799803,
        "time" : "20140626T195016-0700"
      }, {
        "lat" : 37.8694923702,
        "lon" : -122.2618688081,
        "time" : "20140626T195250-0700"
      }, {
        "lat" : 37.8694527759,
        "lon" : -122.2621032211,
        "time" : "20140626T195316-0700"
      }, {
        "lat" : 37.869404139,
        "lon" : -122.2622437976,
        "time" : "20140626T195335-0700"
      }, {
        "lat" : 37.8693464825,
        "lon" : -122.2623265518,
        "time" : "20140626T195400-0700"
      }, {
        "lat" : 37.8693516962,
        "lon" : -122.2624896863,
        "time" : "20140626T195419-0700"
      } ]
    } ],
    "lastUpdate" : "20140627T162307Z"
  }, {
    "type" : "place",
    "startTime" : "20140626T195419-0700",
    "endTime" : "20140626T213213-0700",
    "place" : {
      "id" : 77571787,
      "type" : "unknown",
      "location" : {
        "lat" : 37.8693466448,
        "lon" : -122.2620834554
      }
    },
    "activities" : [ {
      "activity" : "walking",
      "group" : "walking",
      "manual" : false,
      "startTime" : "20140626T213212-0700",
      "endTime" : "20140626T213213-0700",
      "duration" : 1.0,
      "distance" : 1.0,
      "steps" : 2,
      "trackPoints" : [ ]
    } ],
    "lastUpdate" : "20140627T162310Z"
  }, {
    "type" : "move",
    "startTime" : "20140626T213213-0700",
    "endTime" : "20140626T223228-0700",
    "activities" : [ {
      "activity" : "transport",
      "group" : "transport",
      "manual" : false,
      "startTime" : "20140626T213213-0700",
      "endTime" : "20140626T223228-0700",
      "duration" : 3615.0,
      "distance" : 90442.0,
      "trackPoints" : [ {
        "lat" : 37.8693466448,
        "lon" : -122.2620834554,
        "time" : "20140626T213213-0700"
      }, {
        "lat" : 37.8716427315,
        "lon" : -122.2577675663,
        "time" : "20140626T213233-0700"
      }, {
        "lat" : 37.8716183026,
        "lon" : -122.2575128808,
        "time" : "20140626T213251-0700"
      }, {
        "lat" : 37.8716379456,
        "lon" : -122.2575580815,
        "time" : "20140626T213306-0700"
      }, {
        "lat" : 37.8731326102,
        "lon" : -122.2565299202,
        "time" : "20140626T213408-0700"
      }, {
        "lat" : 37.8732225804,
        "lon" : -122.2543540206,
        "time" : "20140626T213448-0700"
      }, {
        "lat" : 37.8720287455,
        "lon" : -122.2532708464,
        "time" : "20140626T213517-0700"
      }, {
        "lat" : 37.8696532799,
        "lon" : -122.2523146595,
        "time" : "20140626T213543-0700"
      }, {
        "lat" : 37.8685848801,
        "lon" : -122.2523465044,
        "time" : "20140626T213604-0700"
      }, {
        "lat" : 37.8683997333,
        "lon" : -122.2521680062,
        "time" : "20140626T213626-0700"
      }, {
        "lat" : 37.8679429789,
        "lon" : -122.2528083358,
        "time" : "20140626T213642-0700"
      }, {
        "lat" : 37.8668154979,
        "lon" : -122.2542878004,
        "time" : "20140626T213709-0700"
      }, {
        "lat" : 37.86596732,
        "lon" : -122.2538949576,
        "time" : "20140626T213737-0700"
      }, {
        "lat" : 37.865196827,
        "lon" : -122.2538009979,
        "time" : "20140626T213757-0700"
      }, {
        "lat" : 37.8632216523,
        "lon" : -122.2535635611,
        "time" : "20140626T213814-0700"
      }, {
        "lat" : 37.8621063813,
        "lon" : -122.2535496847,
        "time" : "20140626T213830-0700"
      }, {
        "lat" : 37.8606252286,
        "lon" : -122.2534141703,
        "time" : "20140626T213847-0700"
      }, {
        "lat" : 37.858561145,
        "lon" : -122.2531730818,
        "time" : "20140626T213914-0700"
      }, {
        "lat" : 37.8576809241,
        "lon" : -122.2531061904,
        "time" : "20140626T213930-0700"
      }, {
        "lat" : 37.8564406419,
        "lon" : -122.2528097435,
        "time" : "20140626T213946-0700"
      }, {
        "lat" : 37.8537065365,
        "lon" : -122.2526050585,
        "time" : "20140626T214012-0700"
      }, {
        "lat" : 37.8524060221,
        "lon" : -122.2525860453,
        "time" : "20140626T214031-0700"
      }, {
        "lat" : 37.8523965106,
        "lon" : -122.2525826842,
        "time" : "20140626T214048-0700"
      }, {
        "lat" : 37.8523788763,
        "lon" : -122.2525774969,
        "time" : "20140626T214109-0700"
      }, {
        "lat" : 37.8521078786,
        "lon" : -122.252594428,
        "time" : "20140626T214124-0700"
      }, {
        "lat" : 37.8515104897,
        "lon" : -122.2525490712,
        "time" : "20140626T214144-0700"
      }, {
        "lat" : 37.8515104897,
        "lon" : -122.2525490712,
        "time" : "20140626T214203-0700"
      }, {
        "lat" : 37.8513725269,
        "lon" : -122.2525439232,
        "time" : "20140626T214221-0700"
      }, {
        "lat" : 37.85136079,
        "lon" : -122.2525248548,
        "time" : "20140626T214237-0700"
      }, {
        "lat" : 37.8510644029,
        "lon" : -122.2524845864,
        "time" : "20140626T214254-0700"
      }, {
        "lat" : 37.8510644029,
        "lon" : -122.2524845864,
        "time" : "20140626T214312-0700"
      }, {
        "lat" : 37.8510644029,
        "lon" : -122.2524845864,
        "time" : "20140626T214333-0700"
      }, {
        "lat" : 37.8510152673,
        "lon" : -122.2524768321,
        "time" : "20140626T214350-0700"
      }, {
        "lat" : 37.8505147841,
        "lon" : -122.2524065746,
        "time" : "20140626T214406-0700"
      }, {
        "lat" : 37.8502903464,
        "lon" : -122.2523885902,
        "time" : "20140626T214421-0700"
      }, {
        "lat" : 37.8501528055,
        "lon" : -122.2524094301,
        "time" : "20140626T214449-0700"
      }, {
        "lat" : 37.8498857748,
        "lon" : -122.2524152619,
        "time" : "20140626T214515-0700"
      }, {
        "lat" : 37.8498005389,
        "lon" : -122.252425335,
        "time" : "20140626T214550-0700"
      }, {
        "lat" : 37.8470896077,
        "lon" : -122.2541992561,
        "time" : "20140626T214634-0700"
      }, {
        "lat" : 37.8444497034,
        "lon" : -122.2563095379,
        "time" : "20140626T214705-0700"
      }, {
        "lat" : 37.8429490727,
        "lon" : -122.2576143458,
        "time" : "20140626T214724-0700"
      }, {
        "lat" : 37.8420129216,
        "lon" : -122.2599051608,
        "time" : "20140626T214740-0700"
      }, {
        "lat" : 37.8387856486,
        "lon" : -122.2651793071,
        "time" : "20140626T214804-0700"
      }, {
        "lat" : 37.8256146133,
        "lon" : -122.2690375963,
        "time" : "20140626T214859-0700"
      }, {
        "lat" : 37.817130692,
        "lon" : -122.2706989902,
        "time" : "20140626T214929-0700"
      }, {
        "lat" : 37.8112253771,
        "lon" : -122.2749117832,
        "time" : "20140626T214953-0700"
      }, {
        "lat" : 37.8059371127,
        "lon" : -122.2787755984,
        "time" : "20140626T215018-0700"
      }, {
        "lat" : 37.7991395606,
        "lon" : -122.2763111872,
        "time" : "20140626T215052-0700"
      }, {
        "lat" : 37.7947421962,
        "lon" : -122.2658585492,
        "time" : "20140626T215128-0700"
      }, {
        "lat" : 37.7899527965,
        "lon" : -122.2590438805,
        "time" : "20140626T215159-0700"
      }, {
        "lat" : 37.7881457829,
        "lon" : -122.2503206377,
        "time" : "20140626T215232-0700"
      }, {
        "lat" : 37.783684517,
        "lon" : -122.2407791279,
        "time" : "20140626T215303-0700"
      }, {
        "lat" : 37.7765841229,
        "lon" : -122.2358052806,
        "time" : "20140626T215339-0700"
      }, {
        "lat" : 37.7742995648,
        "lon" : -122.2315265303,
        "time" : "20140626T215357-0700"
      }, {
        "lat" : 37.7709123835,
        "lon" : -122.2228835351,
        "time" : "20140626T215428-0700"
      }, {
        "lat" : 37.7656559292,
        "lon" : -122.218178989,
        "time" : "20140626T215457-0700"
      }, {
        "lat" : 37.7571980582,
        "lon" : -122.2109472943,
        "time" : "20140626T215530-0700"
      }, {
        "lat" : 37.7530861826,
        "lon" : -122.2073385338,
        "time" : "20140626T215549-0700"
      }, {
        "lat" : 37.7493960826,
        "lon" : -122.2041088324,
        "time" : "20140626T215606-0700"
      }, {
        "lat" : 37.7462150122,
        "lon" : -122.201366519,
        "time" : "20140626T215623-0700"
      }, {
        "lat" : 37.7406053252,
        "lon" : -122.1975602585,
        "time" : "20140626T215654-0700"
      }, {
        "lat" : 37.7241756183,
        "lon" : -122.1819580668,
        "time" : "20140626T215813-0700"
      }, {
        "lat" : 37.7153548293,
        "lon" : -122.1728305936,
        "time" : "20140626T215858-0700"
      }, {
        "lat" : 37.7106971597,
        "lon" : -122.1670328243,
        "time" : "20140626T215918-0700"
      }, {
        "lat" : 37.7076377521,
        "lon" : -122.1625554722,
        "time" : "20140626T215936-0700"
      }, {
        "lat" : 37.7046607952,
        "lon" : -122.158243551,
        "time" : "20140626T215951-0700"
      }, {
        "lat" : 37.7031685867,
        "lon" : -122.1560807095,
        "time" : "20140626T215959-0700"
      }, {
        "lat" : 37.7031667536,
        "lon" : -122.1560780526,
        "time" : "20140626T220000-0700"
      }, {
        "lat" : 37.7013613074,
        "lon" : -122.1534611971,
        "time" : "20140626T220009-0700"
      }, {
        "lat" : 37.6988958838,
        "lon" : -122.1498371409,
        "time" : "20140626T220025-0700"
      }, {
        "lat" : 37.6882649956,
        "lon" : -122.1350149294,
        "time" : "20140626T220123-0700"
      }, {
        "lat" : 37.6824876542,
        "lon" : -122.1262825554,
        "time" : "20140626T220154-0700"
      }, {
        "lat" : 37.6800060144,
        "lon" : -122.1226370341,
        "time" : "20140626T220210-0700"
      }, {
        "lat" : 37.6734722041,
        "lon" : -122.1132224925,
        "time" : "20140626T220243-0700"
      }, {
        "lat" : 37.660808997,
        "lon" : -122.1042552372,
        "time" : "20140626T220332-0700"
      }, {
        "lat" : 37.6550863641,
        "lon" : -122.1007098671,
        "time" : "20140626T220354-0700"
      }, {
        "lat" : 37.6498802508,
        "lon" : -122.0974668266,
        "time" : "20140626T220414-0700"
      }, {
        "lat" : 37.6329482021,
        "lon" : -122.0853136019,
        "time" : "20140626T220529-0700"
      }, {
        "lat" : 37.6278792137,
        "lon" : -122.0817804499,
        "time" : "20140626T220545-0700"
      }, {
        "lat" : 37.6169380045,
        "lon" : -122.0739944192,
        "time" : "20140626T220625-0700"
      }, {
        "lat" : 37.611232941,
        "lon" : -122.0698112332,
        "time" : "20140626T220651-0700"
      }, {
        "lat" : 37.6047416332,
        "lon" : -122.0653943118,
        "time" : "20140626T220715-0700"
      }, {
        "lat" : 37.5987721368,
        "lon" : -122.0610246463,
        "time" : "20140626T220736-0700"
      }, {
        "lat" : 37.5939473519,
        "lon" : -122.0575838888,
        "time" : "20140626T220755-0700"
      }, {
        "lat" : 37.5877631953,
        "lon" : -122.053217973,
        "time" : "20140626T220819-0700"
      }, {
        "lat" : 37.5491450085,
        "lon" : -122.0246579017,
        "time" : "20140626T221054-0700"
      }, {
        "lat" : 37.5406459362,
        "lon" : -122.0185496122,
        "time" : "20140626T221126-0700"
      }, {
        "lat" : 37.5360038852,
        "lon" : -122.0138093309,
        "time" : "20140626T221147-0700"
      }, {
        "lat" : 37.5333320815,
        "lon" : -122.0089253599,
        "time" : "20140626T221203-0700"
      }, {
        "lat" : 37.5308381456,
        "lon" : -122.004289131,
        "time" : "20140626T221218-0700"
      }, {
        "lat" : 37.5236278938,
        "lon" : -121.9899562168,
        "time" : "20140626T221304-0700"
      }, {
        "lat" : 37.516468775,
        "lon" : -121.9787900364,
        "time" : "20140626T221344-0700"
      }, {
        "lat" : 37.4941178104,
        "lon" : -121.9504336033,
        "time" : "20140626T221531-0700"
      }, {
        "lat" : 37.490845295,
        "lon" : -121.9462022893,
        "time" : "20140626T221547-0700"
      }, {
        "lat" : 37.4878094769,
        "lon" : -121.9422361255,
        "time" : "20140626T221602-0700"
      }, {
        "lat" : 37.4843236316,
        "lon" : -121.9377021121,
        "time" : "20140626T221619-0700"
      }, {
        "lat" : 37.4672607227,
        "lon" : -121.9283777712,
        "time" : "20140626T221726-0700"
      }, {
        "lat" : 37.4302546003,
        "lon" : -121.9186247753,
        "time" : "20140626T221930-0700"
      }, {
        "lat" : 37.426385955,
        "lon" : -121.9177216158,
        "time" : "20140626T221946-0700"
      }, {
        "lat" : 37.4237373937,
        "lon" : -121.9223392832,
        "time" : "20140626T222003-0700"
      }, {
        "lat" : 37.4226050987,
        "lon" : -121.9281404641,
        "time" : "20140626T222022-0700"
      }, {
        "lat" : 37.421176032,
        "lon" : -121.9360614071,
        "time" : "20140626T222048-0700"
      }, {
        "lat" : 37.4196345009,
        "lon" : -121.9423070728,
        "time" : "20140626T222109-0700"
      }, {
        "lat" : 37.4189301573,
        "lon" : -121.9545915968,
        "time" : "20140626T222144-0700"
      }, {
        "lat" : 37.4142728069,
        "lon" : -121.980635514,
        "time" : "20140626T222301-0700"
      }, {
        "lat" : 37.4124717669,
        "lon" : -121.9852317016,
        "time" : "20140626T222318-0700"
      }, {
        "lat" : 37.4104428479,
        "lon" : -121.9935793447,
        "time" : "20140626T222341-0700"
      }, {
        "lat" : 37.4085990835,
        "lon" : -122.0019147333,
        "time" : "20140626T222406-0700"
      }, {
        "lat" : 37.4074623562,
        "lon" : -122.007438606,
        "time" : "20140626T222421-0700"
      }, {
        "lat" : 37.4066829562,
        "lon" : -122.0182786452,
        "time" : "20140626T222450-0700"
      }, {
        "lat" : 37.401768125,
        "lon" : -122.0360996068,
        "time" : "20140626T222559-0700"
      }, {
        "lat" : 37.4015783799,
        "lon" : -122.0390409202,
        "time" : "20140626T222614-0700"
      }, {
        "lat" : 37.4053397489,
        "lon" : -122.056101731,
        "time" : "20140626T222714-0700"
      }, {
        "lat" : 37.4065427961,
        "lon" : -122.0616095169,
        "time" : "20140626T222731-0700"
      }, {
        "lat" : 37.4122811675,
        "lon" : -122.0772608001,
        "time" : "20140626T222839-0700"
      }, {
        "lat" : 37.4137671721,
        "lon" : -122.0779081376,
        "time" : "20140626T222857-0700"
      }, {
        "lat" : 37.4108827356,
        "lon" : -122.0779336713,
        "time" : "20140626T222922-0700"
      }, {
        "lat" : 37.4106174578,
        "lon" : -122.0781251315,
        "time" : "20140626T222939-0700"
      }, {
        "lat" : 37.4088082813,
        "lon" : -122.078152868,
        "time" : "20140626T222955-0700"
      }, {
        "lat" : 37.4059933421,
        "lon" : -122.0782610217,
        "time" : "20140626T223019-0700"
      }, {
        "lat" : 37.403401745,
        "lon" : -122.0786051226,
        "time" : "20140626T223041-0700"
      }, {
        "lat" : 37.401703539,
        "lon" : -122.0789502315,
        "time" : "20140626T223102-0700"
      }, {
        "lat" : 37.4027240083,
        "lon" : -122.0829724571,
        "time" : "20140626T223137-0700"
      }, {
        "lat" : 37.4030578669,
        "lon" : -122.0852001177,
        "time" : "20140626T223208-0700"
      }, {
        "lat" : 37.4033396014,
        "lon" : -122.0854525385,
        "time" : "20140626T223228-0700"
      } ]
    } ],
    "lastUpdate" : "20140627T162310Z"
  }, {
    "type" : "place",
    "startTime" : "20140626T223228-0700",
    "endTime" : "20140627T102642-0700",
    "place" : {
      "id" : 75869123,
      "type" : "unknown",
      "location" : {
        "lat" : 37.4033396014,
        "lon" : -122.0854525385
      }
    },
    "activities" : [ {
      "activity" : "walking",
      "group" : "walking",
      "manual" : false,
      "startTime" : "20140626T223347-0700",
      "endTime" : "20140626T223417-0700",
      "duration" : 30.0,
      "distance" : 31.0,
      "steps" : 61,
      "trackPoints" : [ ]
    } ],
    "lastUpdate" : "20140627T205317Z"
  } ],
  "lastUpdate" : "20140627T205317Z"
} ]