[ {
  "date" : "20140622",
  "summary" : [ {
    "activity" : "walking",
    "group" : "walking",
    "duration" : 799.0,
    "distance" : 891.0,
    "steps" : 1148
  }, {
    "activity" : "transport",
    "group" : "transport",
    "duration" : 2984.0,
    "distance" : 50342.0
  }, {
    "activity" : "running",
    "group" : "running",
    "duration" : 1407.0,
    "distance" : 4233.0,
    "steps" : 3348
  } ],
  "segments" : [ {
    "type" : "move",
    "startTime" : "20140621T233310-0700",
    "endTime" : "20140622T004135-0700",
    "activities" : [ {
      "activity" : "transport",
      "group" : "transport",
      "manual" : false,
      "startTime" : "20140622T000000-0700",
      "endTime" : "20140622T003635-0700",
      "duration" : 2195.0,
      "distance" : 46609.0,
      "trackPoints" : [ {
        "lat" : 37.6297437441,
        "lon" : -122.4311918639,
        "time" : "20140622T000000-0700"
      }, {
        "lat" : 37.629773913,
        "lon" : -122.4338602051,
        "time" : "20140622T000011-0700"
      }, {
        "lat" : 37.632606333,
        "lon" : -122.4373438761,
        "time" : "20140622T000027-0700"
      }, {
        "lat" : 37.6372363922,
        "lon" : -122.439982249,
        "time" : "20140622T000045-0700"
      }, {
        "lat" : 37.6633909695,
        "lon" : -122.4643677683,
        "time" : "20140622T000252-0700"
      }, {
        "lat" : 37.6798616878,
        "lon" : -122.4708155928,
        "time" : "20140622T000411-0700"
      }, {
        "lat" : 37.6833408903,
        "lon" : -122.4712126692,
        "time" : "20140622T000427-0700"
      }, {
        "lat" : 37.6836907584,
        "lon" : -122.47091093,
        "time" : "20140622T000444-0700"
      }, {
        "lat" : 37.6847324157,
        "lon" : -122.4654994979,
        "time" : "20140622T000632-0700"
      }, {
        "lat" : 37.6850640364,
        "lon" : -122.465815993,
        "time" : "20140622T000650-0700"
      }, {
        "lat" : 37.6850462787,
        "lon" : -122.4657760663,
        "time" : "20140622T000722-0700"
      }, {
        "lat" : 37.6844854053,
        "lon" : -122.4649411477,
        "time" : "20140622T000741-0700"
      }, {
        "lat" : 37.684062298,
        "lon" : -122.4639205046,
        "time" : "20140622T000801-0700"
      }, {
        "lat" : 37.6825629466,
        "lon" : -122.4636962984,
        "time" : "20140622T000817-0700"
      }, {
        "lat" : 37.6825115585,
        "lon" : -122.4659151606,
        "time" : "20140622T000833-0700"
      }, {
        "lat" : 37.6838894212,
        "lon" : -122.4677044083,
        "time" : "20140622T000850-0700"
      }, {
        "lat" : 37.6839557107,
        "lon" : -122.4688787258,
        "time" : "20140622T000911-0700"
      }, {
        "lat" : 37.6839580932,
        "lon" : -122.470551429,
        "time" : "20140622T000931-0700"
      }, {
        "lat" : 37.6861860552,
        "lon" : -122.4707308604,
        "time" : "20140622T000953-0700"
      }, {
        "lat" : 37.6884966311,
        "lon" : -122.4700592397,
        "time" : "20140622T001015-0700"
      }, {
        "lat" : 37.6913057764,
        "lon" : -122.4701392922,
        "time" : "20140622T001031-0700"
      }, {
        "lat" : 37.6965996667,
        "lon" : -122.4708041259,
        "time" : "20140622T001054-0700"
      }, {
        "lat" : 37.7011475185,
        "lon" : -122.4712533287,
        "time" : "20140622T001111-0700"
      }, {
        "lat" : 37.7084805757,
        "lon" : -122.4682388691,
        "time" : "20140622T001141-0700"
      }, {
        "lat" : 37.7102845027,
        "lon" : -122.4618023208,
        "time" : "20140622T001201-0700"
      }, {
        "lat" : 37.7113193067,
        "lon" : -122.4546187605,
        "time" : "20140622T001223-0700"
      }, {
        "lat" : 37.7187808406,
        "lon" : -122.4483405468,
        "time" : "20140622T001254-0700"
      }, {
        "lat" : 37.725488486,
        "lon" : -122.4464628181,
        "time" : "20140622T001317-0700"
      }, {
        "lat" : 37.7300303784,
        "lon" : -122.4395189536,
        "time" : "20140622T001341-0700"
      }, {
        "lat" : 37.7316833773,
        "lon" : -122.4337814779,
        "time" : "20140622T001357-0700"
      }, {
        "lat" : 37.7315533284,
        "lon" : -122.4265906435,
        "time" : "20140622T001416-0700"
      }, {
        "lat" : 37.7318934671,
        "lon" : -122.4192776014,
        "time" : "20140622T001435-0700"
      }, {
        "lat" : 37.7338403089,
        "lon" : -122.4107230746,
        "time" : "20140622T001459-0700"
      }, {
        "lat" : 37.7371903404,
        "lon" : -122.4074958264,
        "time" : "20140622T001516-0700"
      }, {
        "lat" : 37.7411191648,
        "lon" : -122.4075659363,
        "time" : "20140622T001532-0700"
      }, {
        "lat" : 37.7444249052,
        "lon" : -122.4052699293,
        "time" : "20140622T001548-0700"
      }, {
        "lat" : 37.7487313528,
        "lon" : -122.4039015284,
        "time" : "20140622T001606-0700"
      }, {
        "lat" : 37.7566960058,
        "lon" : -122.4033251296,
        "time" : "20140622T001636-0700"
      }, {
        "lat" : 37.762879071,
        "lon" : -122.4056378979,
        "time" : "20140622T001706-0700"
      }, {
        "lat" : 37.7674640938,
        "lon" : -122.405324224,
        "time" : "20140622T001724-0700"
      }, {
        "lat" : 37.7718196056,
        "lon" : -122.4061063931,
        "time" : "20140622T001740-0700"
      }, {
        "lat" : 37.776075546,
        "lon" : -122.4050936746,
        "time" : "20140622T001756-0700"
      }, {
        "lat" : 37.7793950052,
        "lon" : -122.4006900798,
        "time" : "20140622T001818-0700"
      }, {
        "lat" : 37.7826829803,
        "lon" : -122.3959271858,
        "time" : "20140622T001837-0700"
      }, {
        "lat" : 37.7874828454,
        "lon" : -122.3890445525,
        "time" : "20140622T001904-0700"
      }, {
        "lat" : 37.7996408766,
        "lon" : -122.3765801577,
        "time" : "20140622T002000-0700"
      }, {
        "lat" : 37.8044181524,
        "lon" : -122.3712191194,
        "time" : "20140622T002028-0700"
      }, {
        "lat" : 37.8069821263,
        "lon" : -122.368598072,
        "time" : "20140622T002043-0700"
      }, {
        "lat" : 37.8231898498,
        "lon" : -122.3177647862,
        "time" : "20140622T002352-0700"
      }, {
        "lat" : 37.8241044763,
        "lon" : -122.312341993,
        "time" : "20140622T002412-0700"
      }, {
        "lat" : 37.8253647666,
        "lon" : -122.3040085164,
        "time" : "20140622T002441-0700"
      }, {
        "lat" : 37.8362938218,
        "lon" : -122.2947399056,
        "time" : "20140622T002543-0700"
      }, {
        "lat" : 37.8423418127,
        "lon" : -122.2974147444,
        "time" : "20140622T002605-0700"
      }, {
        "lat" : 37.8671935678,
        "lon" : -122.3025128281,
        "time" : "20140622T002730-0700"
      }, {
        "lat" : 37.8678831449,
        "lon" : -122.2982350942,
        "time" : "20140622T002750-0700"
      }, {
        "lat" : 37.8684126622,
        "lon" : -122.295191821,
        "time" : "20140622T002807-0700"
      }, {
        "lat" : 37.8688733485,
        "lon" : -122.2930362711,
        "time" : "20140622T002823-0700"
      }, {
        "lat" : 37.8690176395,
        "lon" : -122.2923109994,
        "time" : "20140622T002839-0700"
      }, {
        "lat" : 37.869431649,
        "lon" : -122.2896248361,
        "time" : "20140622T002914-0700"
      }, {
        "lat" : 37.8697696097,
        "lon" : -122.2869280162,
        "time" : "20140622T002930-0700"
      }, {
        "lat" : 37.870264865,
        "lon" : -122.2838472257,
        "time" : "20140622T002945-0700"
      }, {
        "lat" : 37.8705018479,
        "lon" : -122.2812512159,
        "time" : "20140622T003002-0700"
      }, {
        "lat" : 37.8708476649,
        "lon" : -122.2784804737,
        "time" : "20140622T003018-0700"
      }, {
        "lat" : 37.8712074894,
        "lon" : -122.2749830573,
        "time" : "20140622T003037-0700"
      }, {
        "lat" : 37.8715695392,
        "lon" : -122.2722459188,
        "time" : "20140622T003053-0700"
      }, {
        "lat" : 37.8717987539,
        "lon" : -122.2709666292,
        "time" : "20140622T003109-0700"
      }, {
        "lat" : 37.8720850565,
        "lon" : -122.2686941704,
        "time" : "20140622T003138-0700"
      }, {
        "lat" : 37.8722969094,
        "lon" : -122.2683890293,
        "time" : "20140622T003154-0700"
      }, {
        "lat" : 37.8737844327,
        "lon" : -122.268512819,
        "time" : "20140622T003217-0700"
      }, {
        "lat" : 37.8756184261,
        "lon" : -122.2686259414,
        "time" : "20140622T003247-0700"
      }, {
        "lat" : 37.8766087692,
        "lon" : -122.2684573751,
        "time" : "20140622T003304-0700"
      }, {
        "lat" : 37.8768554949,
        "lon" : -122.2669125822,
        "time" : "20140622T003322-0700"
      }, {
        "lat" : 37.8769397694,
        "lon" : -122.2655976944,
        "time" : "20140622T003350-0700"
      }, {
        "lat" : 37.8762864902,
        "lon" : -122.2654352449,
        "time" : "20140622T003414-0700"
      }, {
        "lat" : 37.8758573343,
        "lon" : -122.2654694679,
        "time" : "20140622T003434-0700"
      }, {
        "lat" : 37.8763521246,
        "lon" : -122.2653560986,
        "time" : "20140622T003451-0700"
      }, {
        "lat" : 37.8772801448,
        "lon" : -122.2655755028,
        "time" : "20140622T003512-0700"
      }, {
        "lat" : 37.8776577736,
        "lon" : -122.2655620771,
        "time" : "20140622T003527-0700"
      }, {
        "lat" : 37.878001553,
        "lon" : -122.2655997468,
        "time" : "20140622T003550-0700"
      }, {
        "lat" : 37.8779551288,
        "lon" : -122.2656008604,
        "time" : "20140622T003613-0700"
      }, {
        "lat" : 37.8778393494,
        "lon" : -122.2656155744,
        "time" : "20140622T003634-0700"
      } ]
    }, {
      "activity" : "walking",
      "group" : "walking",
      "manual" : false,
      "startTime" : "20140622T003634-0700",
      "endTime" : "20140622T004135-0700",
      "duration" : 301.0,
      "distance" : 345.0,
      "steps" : 520,
      "trackPoints" : [ {
        "lat" : 37.8778393494,
        "lon" : -122.2656155744,
        "time" : "20140622T003634-0700"
      }, {
        "lat" : 37.8777353957,
        "lon" : -122.2656151924,
        "time" : "20140622T003657-0700"
      }, {
        "lat" : 37.8775477499,
        "lon" : -122.2656114495,
        "time" : "20140622T003718-0700"
      }, {
        "lat" : 37.8771799746,
        "lon" : -122.2657128713,
        "time" : "20140622T003757-0700"
      }, {
        "lat" : 37.8770792845,
        "lon" : -122.265757177,
        "time" : "20140622T003816-0700"
      }, {
        "lat" : 37.8769769788,
        "lon" : -122.265783776,
        "time" : "20140622T003835-0700"
      }, {
        "lat" : 37.8768044989,
        "lon" : -122.2656824836,
        "time" : "20140622T003858-0700"
      }, {
        "lat" : 37.8766883105,
        "lon" : -122.2656318472,
        "time" : "20140622T003917-0700"
      }, {
        "lat" : 37.8764963545,
        "lon" : -122.2655225346,
        "time" : "20140622T003934-0700"
      }, {
        "lat" : 37.876220887,
        "lon" : -122.265478411,
        "time" : "20140622T003957-0700"
      }, {
        "lat" : 37.8758423569,
        "lon" : -122.2655169607,
        "time" : "20140622T004033-0700"
      }, {
        "lat" : 37.875602102,
        "lon" : -122.2655753311,
        "time" : "20140622T004057-0700"
      }, {
        "lat" : 37.875354938,
        "lon" : -122.2655509114,
        "time" : "20140622T004119-0700"
      }, {
        "lat" : 37.8751118147,
        "lon" : -122.2650858427,
        "time" : "20140622T004135-0700"
      } ]
    } ],
    "lastUpdate" : "20140622T113804Z"
  }, {
    "type" : "place",
    "startTime" : "20140622T004135-0700",
    "endTime" : "20140622T043644-0700",
    "place" : {
      "id" : 78750498,
      "type" : "unknown",
      "location" : {
        "lat" : 37.8751118147,
        "lon" : -122.2650858427
      }
    },
    "activities" : [ {
      "activity" : "walking",
      "group" : "walking",
      "manual" : false,
      "startTime" : "20140622T004435-0700",
      "endTime" : "20140622T004705-0700",
      "duration" : 150.0,
      "distance" : 138.0,
      "steps" : 184,
      "trackPoints" : [ ]
    } ],
    "lastUpdate" : "20140623T024219Z"
  }, {
    "type" : "move",
    "startTime" : "20140622T043644-0700",
    "endTime" : "20140622T044953-0700",
    "activities" : [ {
      "activity" : "transport",
      "group" : "transport",
      "manual" : false,
      "startTime" : "20140622T043644-0700",
      "endTime" : "20140622T044953-0700",
      "duration" : 789.0,
      "distance" : 3733.0,
      "trackPoints" : [ {
        "lat" : 37.8751118147,
        "lon" : -122.2650858427,
        "time" : "20140622T043644-0700"
      }, {
        "lat" : 37.8779758549,
        "lon" : -122.2657114881,
        "time" : "20140622T043801-0700"
      }, {
        "lat" : 37.8779826903,
        "lon" : -122.2656830079,
        "time" : "20140622T043817-0700"
      }, {
        "lat" : 37.8779531411,
        "lon" : -122.2656276428,
        "time" : "20140622T043834-0700"
      }, {
        "lat" : 37.8779540797,
        "lon" : -122.2655716519,
        "time" : "20140622T043852-0700"
      }, {
        "lat" : 37.8779978938,
        "lon" : -122.26556351,
        "time" : "20140622T043909-0700"
      }, {
        "lat" : 37.8780676501,
        "lon" : -122.2655575973,
        "time" : "20140622T043929-0700"
      }, {
        "lat" : 37.8784939261,
        "lon" : -122.2656506517,
        "time" : "20140622T043951-0700"
      }, {
        "lat" : 37.8788930411,
        "lon" : -122.2654763649,
        "time" : "20140622T044017-0700"
      }, {
        "lat" : 37.8789377561,
        "lon" : -122.2650211461,
        "time" : "20140622T044036-0700"
      }, {
        "lat" : 37.8788825481,
        "lon" : -122.2649505633,
        "time" : "20140622T044055-0700"
      }, {
        "lat" : 37.8788676337,
        "lon" : -122.2649139823,
        "time" : "20140622T044118-0700"
      }, {
        "lat" : 37.8788676337,
        "lon" : -122.2649139823,
        "time" : "20140622T044134-0700"
      }, {
        "lat" : 37.8788676337,
        "lon" : -122.2649139823,
        "time" : "20140622T044151-0700"
      }, {
        "lat" : 37.8789063709,
        "lon" : -122.2648958746,
        "time" : "20140622T044210-0700"
      }, {
        "lat" : 37.8789096011,
        "lon" : -122.2648939968,
        "time" : "20140622T044227-0700"
      }, {
        "lat" : 37.8789135233,
        "lon" : -122.2648984696,
        "time" : "20140622T044244-0700"
      }, {
        "lat" : 37.878842896,
        "lon" : -122.2652402473,
        "time" : "20140622T044259-0700"
      }, {
        "lat" : 37.8787484422,
        "lon" : -122.266647556,
        "time" : "20140622T044324-0700"
      }, {
        "lat" : 37.8786135279,
        "lon" : -122.2677432282,
        "time" : "20140622T044349-0700"
      }, {
        "lat" : 37.8783797746,
        "lon" : -122.2692350251,
        "time" : "20140622T044411-0700"
      }, {
        "lat" : 37.878188177,
        "lon" : -122.2709846608,
        "time" : "20140622T044435-0700"
      }, {
        "lat" : 37.8780626521,
        "lon" : -122.2717172857,
        "time" : "20140622T044452-0700"
      }, {
        "lat" : 37.8776698517,
        "lon" : -122.2735938507,
        "time" : "20140622T044529-0700"
      }, {
        "lat" : 37.8772346905,
        "lon" : -122.2782291663,
        "time" : "20140622T044636-0700"
      }, {
        "lat" : 37.8769680186,
        "lon" : -122.2805017527,
        "time" : "20140622T044701-0700"
      }, {
        "lat" : 37.8756566273,
        "lon" : -122.2826046125,
        "time" : "20140622T044735-0700"
      }, {
        "lat" : 37.8693246672,
        "lon" : -122.2818542022,
        "time" : "20140622T044905-0700"
      }, {
        "lat" : 37.8673927151,
        "lon" : -122.2816872037,
        "time" : "20140622T044925-0700"
      }, {
        "lat" : 37.8651493645,
        "lon" : -122.282029798,
        "time" : "20140622T044953-0700"
      } ]
    } ],
    "lastUpdate" : "20140623T024219Z"
  }, {
    "type" : "place",
    "startTime" : "20140622T044953-0700",
    "endTime" : "20140622T195129-0700",
    "place" : {
      "id" : 72187887,
      "name" : "Home",
      "type" : "home",
      "location" : {
        "lat" : 37.8651493645,
        "lon" : -122.282029798
      }
    },
    "activities" : [ {
      "activity" : "walking",
      "group" : "walking",
      "manual" : false,
      "startTime" : "20140622T045414-0700",
      "endTime" : "20140622T045544-0700",
      "duration" : 90.0,
      "distance" : 66.0,
      "steps" : 133,
      "trackPoints" : [ ]
    } ],
    "lastUpdate" : "20140623T190017Z"
  }, {
    "type" : "move",
    "startTime" : "20140622T195129-0700",
    "endTime" : "20140622T201456-0700",
    "activities" : [ {
      "activity" : "running",
      "group" : "running",
      "manual" : false,
      "startTime" : "20140622T195129-0700",
      "endTime" : "20140622T201456-0700",
      "duration" : 1407.0,
      "distance" : 4233.0,
      "steps" : 3348,
      "trackPoints" : [ {
        "lat" : 37.8651493645,
        "lon" : -122.282029798,
        "time" : "20140622T195129-0700"
      }, {
        "lat" : 37.8651675552,
        "lon" : -122.2821125578,
        "time" : "20140622T195145-0700"
      }, {
        "lat" : 37.8651381551,
        "lon" : -122.282450061,
        "time" : "20140622T195201-0700"
      }, {
        "lat" : 37.8655033536,
        "lon" : -122.2826414746,
        "time" : "20140622T195217-0700"
      }, {
        "lat" : 37.8653238299,
        "lon" : -122.2852434318,
        "time" : "20140622T195338-0700"
      }, {
        "lat" : 37.8651319003,
        "lon" : -122.286259558,
        "time" : "20140622T195405-0700"
      }, {
        "lat" : 37.8650861827,
        "lon" : -122.2869477216,
        "time" : "20140622T195424-0700"
      }, {
        "lat" : 37.8649721283,
        "lon" : -122.2876018641,
        "time" : "20140622T195443-0700"
      }, {
        "lat" : 37.864890492,
        "lon" : -122.2882249021,
        "time" : "20140622T195500-0700"
      }, {
        "lat" : 37.864778798,
        "lon" : -122.2888630207,
        "time" : "20140622T195518-0700"
      }, {
        "lat" : 37.8647018107,
        "lon" : -122.2898297585,
        "time" : "20140622T195546-0700"
      }, {
        "lat" : 37.8646235655,
        "lon" : -122.2904645135,
        "time" : "20140622T195604-0700"
      }, {
        "lat" : 37.8644746685,
        "lon" : -122.2910935171,
        "time" : "20140622T195621-0700"
      }, {
        "lat" : 37.8644018231,
        "lon" : -122.2915820701,
        "time" : "20140622T195636-0700"
      }, {
        "lat" : 37.864272142,
        "lon" : -122.2921360233,
        "time" : "20140622T195652-0700"
      }, {
        "lat" : 37.8641537469,
        "lon" : -122.2928377959,
        "time" : "20140622T195711-0700"
      }, {
        "lat" : 37.8640210203,
        "lon" : -122.2934785495,
        "time" : "20140622T195729-0700"
      }, {
        "lat" : 37.8639325602,
        "lon" : -122.2939949833,
        "time" : "20140622T195744-0700"
      }, {
        "lat" : 37.8638256863,
        "lon" : -122.2947633412,
        "time" : "20140622T195807-0700"
      }, {
        "lat" : 37.8635505773,
        "lon" : -122.2956532875,
        "time" : "20140622T195830-0700"
      }, {
        "lat" : 37.863375942,
        "lon" : -122.2965800088,
        "time" : "20140622T195858-0700"
      }, {
        "lat" : 37.8632887306,
        "lon" : -122.2971562243,
        "time" : "20140622T195915-0700"
      }, {
        "lat" : 37.8631206608,
        "lon" : -122.2979838675,
        "time" : "20140622T195936-0700"
      }, {
        "lat" : 37.8630939365,
        "lon" : -122.2984690833,
        "time" : "20140622T195953-0700"
      }, {
        "lat" : 37.8630494842,
        "lon" : -122.298695947,
        "time" : "20140622T195959-0700"
      }, {
        "lat" : 37.8630494194,
        "lon" : -122.2986962778,
        "time" : "20140622T200000-0700"
      }, {
        "lat" : 37.8629124406,
        "lon" : -122.2993953535,
        "time" : "20140622T200021-0700"
      }, {
        "lat" : 37.8628515233,
        "lon" : -122.2999471878,
        "time" : "20140622T200038-0700"
      }, {
        "lat" : 37.8627348551,
        "lon" : -122.3005450513,
        "time" : "20140622T200057-0700"
      }, {
        "lat" : 37.8634088768,
        "lon" : -122.3009819785,
        "time" : "20140622T200124-0700"
      }, {
        "lat" : 37.864008601,
        "lon" : -122.3012222277,
        "time" : "20140622T200147-0700"
      }, {
        "lat" : 37.8643346287,
        "lon" : -122.3014452025,
        "time" : "20140622T200202-0700"
      }, {
        "lat" : 37.865041666,
        "lon" : -122.3018708682,
        "time" : "20140622T200228-0700"
      }, {
        "lat" : 37.8654615817,
        "lon" : -122.3020721791,
        "time" : "20140622T200246-0700"
      }, {
        "lat" : 37.8659240442,
        "lon" : -122.3025010469,
        "time" : "20140622T200307-0700"
      }, {
        "lat" : 37.8656736347,
        "lon" : -122.3029979391,
        "time" : "20140622T200328-0700"
      }, {
        "lat" : 37.8651740475,
        "lon" : -122.3027859116,
        "time" : "20140622T200346-0700"
      }, {
        "lat" : 37.8646522321,
        "lon" : -122.3026521968,
        "time" : "20140622T200408-0700"
      }, {
        "lat" : 37.8644282416,
        "lon" : -122.3033075687,
        "time" : "20140622T200430-0700"
      }, {
        "lat" : 37.8643932649,
        "lon" : -122.3039764705,
        "time" : "20140622T200452-0700"
      }, {
        "lat" : 37.8649884416,
        "lon" : -122.3045114728,
        "time" : "20140622T200519-0700"
      }, {
        "lat" : 37.8650806816,
        "lon" : -122.3050444151,
        "time" : "20140622T200535-0700"
      }, {
        "lat" : 37.8655900455,
        "lon" : -122.3055713006,
        "time" : "20140622T200558-0700"
      }, {
        "lat" : 37.8659545509,
        "lon" : -122.3060453816,
        "time" : "20140622T200616-0700"
      }, {
        "lat" : 37.8659716684,
        "lon" : -122.3065815976,
        "time" : "20140622T200632-0700"
      }, {
        "lat" : 37.8658544801,
        "lon" : -122.3071584035,
        "time" : "20140622T200651-0700"
      }, {
        "lat" : 37.8655986226,
        "lon" : -122.3081643681,
        "time" : "20140622T200721-0700"
      }, {
        "lat" : 37.8655427771,
        "lon" : -122.3086559692,
        "time" : "20140622T200738-0700"
      }, {
        "lat" : 37.865429269,
        "lon" : -122.3093737958,
        "time" : "20140622T200758-0700"
      }, {
        "lat" : 37.8651873647,
        "lon" : -122.310246636,
        "time" : "20140622T200826-0700"
      }, {
        "lat" : 37.8649644587,
        "lon" : -122.3110005725,
        "time" : "20140622T200849-0700"
      }, {
        "lat" : 37.8647242861,
        "lon" : -122.3114559183,
        "time" : "20140622T200906-0700"
      }, {
        "lat" : 37.8642449843,
        "lon" : -122.3115740876,
        "time" : "20140622T200924-0700"
      }, {
        "lat" : 37.8637466303,
        "lon" : -122.3113752882,
        "time" : "20140622T200943-0700"
      }, {
        "lat" : 37.8634632348,
        "lon" : -122.3117806068,
        "time" : "20140622T201004-0700"
      }, {
        "lat" : 37.8633502835,
        "lon" : -122.3126714503,
        "time" : "20140622T201032-0700"
      }, {
        "lat" : 37.8630516072,
        "lon" : -122.3133671261,
        "time" : "20140622T201054-0700"
      }, {
        "lat" : 37.8630034821,
        "lon" : -122.3138451102,
        "time" : "20140622T201109-0700"
      }, {
        "lat" : 37.8628973477,
        "lon" : -122.3143974634,
        "time" : "20140622T201127-0700"
      }, {
        "lat" : 37.8627442484,
        "lon" : -122.3149898297,
        "time" : "20140622T201148-0700"
      }, {
        "lat" : 37.8625956664,
        "lon" : -122.3155722854,
        "time" : "20140622T201204-0700"
      }, {
        "lat" : 37.8621384029,
        "lon" : -122.3159081537,
        "time" : "20140622T201227-0700"
      }, {
        "lat" : 37.8616002531,
        "lon" : -122.3161375461,
        "time" : "20140622T201249-0700"
      }, {
        "lat" : 37.8612246847,
        "lon" : -122.3158645612,
        "time" : "20140622T201308-0700"
      }, {
        "lat" : 37.8606783801,
        "lon" : -122.315680083,
        "time" : "20140622T201327-0700"
      }, {
        "lat" : 37.8602184805,
        "lon" : -122.3155764661,
        "time" : "20140622T201347-0700"
      }, {
        "lat" : 37.8597139102,
        "lon" : -122.3157236839,
        "time" : "20140622T201407-0700"
      }, {
        "lat" : 37.8596217312,
        "lon" : -122.3164183724,
        "time" : "20140622T201430-0700"
      }, {
        "lat" : 37.8606990375,
        "lon" : -122.3167579105,
        "time" : "20140622T201456-0700"
      } ]
    } ],
    "lastUpdate" : "20140623T190017Z"
  }, {
    "type" : "place",
    "startTime" : "20140622T201456-0700",
    "endTime" : "20140622T201725-0700",
    "place" : {
      "id" : 78997599,
      "type" : "unknown",
      "location" : {
        "lat" : 37.8606990375,
        "lon" : -122.3167579105
      }
    },
    "activities" : [ {
      "activity" : "walking",
      "group" : "walking",
      "manual" : false,
      "startTime" : "20140622T201456-0700",
      "endTime" : "20140622T201526-0700",
      "duration" : 30.0,
      "distance" : 20.0,
      "steps" : 40,
      "trackPoints" : [ ]
    } ],
    "lastUpdate" : "20140623T190017Z"
  }, {
    "type" : "move",
    "startTime" : "20140622T201725-0700",
    "endTime" : "20140622T202113-0700",
    "activities" : [ {
      "activity" : "walking",
      "group" : "walking",
      "manual" : false,
      "startTime" : "20140622T201725-0700",
      "endTime" : "20140622T202113-0700",
      "duration" : 228.0,
      "distance" : 322.0,
      "steps" : 271,
      "trackPoints" : [ {
        "lat" : 37.8606990375,
        "lon" : -122.3167579105,
        "time" : "20140622T201725-0700"
      }, {
        "lat" : 37.8614773278,
        "lon" : -122.3169888936,
        "time" : "20140622T201753-0700"
      }, {
        "lat" : 37.861900324,
        "lon" : -122.3170687701,
        "time" : "20140622T201810-0700"
      }, {
        "lat" : 37.8623259884,
        "lon" : -122.3171705454,
        "time" : "20140622T201827-0700"
      }, {
        "lat" : 37.8626020778,
        "lon" : -122.3172906715,
        "time" : "20140622T201844-0700"
      }, {
        "lat" : 37.8627437939,
        "lon" : -122.3174434767,
        "time" : "20140622T201900-0700"
      }, {
        "lat" : 37.8627827071,
        "lon" : -122.3174820039,
        "time" : "20140622T201919-0700"
      }, {
        "lat" : 37.8627892279,
        "lon" : -122.3174576789,
        "time" : "20140622T201937-0700"
      }, {
        "lat" : 37.862820518,
        "lon" : -122.3174840158,
        "time" : "20140622T202008-0700"
      }, {
        "lat" : 37.8628900813,
        "lon" : -122.3176516762,
        "time" : "20140622T202024-0700"
      }, {
        "lat" : 37.862820925,
        "lon" : -122.3178633771,
        "time" : "20140622T202040-0700"
      }, {
        "lat" : 37.8627505307,
        "lon" : -122.3180610558,
        "time" : "20140622T202057-0700"
      }, {
        "lat" : 37.8626854764,
        "lon" : -122.3182276765,
        "time" : "20140622T202113-0700"
      } ]
    } ],
    "lastUpdate" : "20140623T190018Z"
  }, {
    "type" : "place",
    "startTime" : "20140622T210554-0700",
    "endTime" : "20140622T211434-0700",
    "place" : {
      "id" : 72187887,
      "name" : "Home",
      "type" : "home",
      "location" : {
        "lat" : 37.8651493645,
        "lon" : -122.282029798
      }
    },
    "lastUpdate" : "20140623T190018Z"
  } ],
  "lastUpdate" : "20140623T190018Z"
} ]