[ {
  "date" : "20140707",
  "summary" : [ {
    "activity" : "cycling",
    "group" : "cycling",
    "duration" : 1470.0,
    "distance" : 7708.0
  }, {
    "activity" : "walking",
    "group" : "walking",
    "duration" : 4041.0,
    "distance" : 4426.0,
    "steps" : 6815
  } ],
  "segments" : [ {
    "type" : "place",
    "startTime" : "20140706T184954-0700",
    "endTime" : "20140707T092921-0700",
    "place" : {
      "id" : 72187887,
      "name" : "Home",
      "type" : "home",
      "location" : {
        "lat" : 37.8651493645,
        "lon" : -122.282029798
      }
    },
    "lastUpdate" : "20140707T175009Z"
  }, {
    "type" : "move",
    "startTime" : "20140707T092921-0700",
    "endTime" : "20140707T094834-0700",
    "activities" : [ {
      "activity" : "cycling",
      "group" : "cycling",
      "manual" : false,
      "startTime" : "20140707T092921-0700",
      "endTime" : "20140707T093924-0700",
      "duration" : 603.0,
      "distance" : 2455.0,
      "trackPoints" : [ {
        "lat" : 37.8651493645,
        "lon" : -122.282029798,
        "time" : "20140707T092921-0700"
      }, {
        "lat" : 37.8661460137,
        "lon" : -122.2789263255,
        "time" : "20140707T093040-0700"
      }, {
        "lat" : 37.8662340838,
        "lon" : -122.2782456614,
        "time" : "20140707T093055-0700"
      }, {
        "lat" : 37.8663297536,
        "lon" : -122.2773644018,
        "time" : "20140707T093113-0700"
      }, {
        "lat" : 37.8664396419,
        "lon" : -122.2765362692,
        "time" : "20140707T093130-0700"
      }, {
        "lat" : 37.8665258231,
        "lon" : -122.2758699792,
        "time" : "20140707T093151-0700"
      }, {
        "lat" : 37.8666728014,
        "lon" : -122.2748855497,
        "time" : "20140707T093214-0700"
      }, {
        "lat" : 37.8670426819,
        "lon" : -122.2739119794,
        "time" : "20140707T093241-0700"
      }, {
        "lat" : 37.8679679953,
        "lon" : -122.2738620888,
        "time" : "20140707T093303-0700"
      }, {
        "lat" : 37.868538529,
        "lon" : -122.2736209246,
        "time" : "20140707T093324-0700"
      }, {
        "lat" : 37.8686608806,
        "lon" : -122.2728384295,
        "time" : "20140707T093358-0700"
      }, {
        "lat" : 37.868933559,
        "lon" : -122.272743918,
        "time" : "20140707T093417-0700"
      }, {
        "lat" : 37.8692485205,
        "lon" : -122.2725090078,
        "time" : "20140707T093452-0700"
      }, {
        "lat" : 37.8697186887,
        "lon" : -122.2713694803,
        "time" : "20140707T093530-0700"
      }, {
        "lat" : 37.8698924818,
        "lon" : -122.2705034997,
        "time" : "20140707T093549-0700"
      }, {
        "lat" : 37.8700857674,
        "lon" : -122.2692034834,
        "time" : "20140707T093610-0700"
      }, {
        "lat" : 37.8700056679,
        "lon" : -122.2683606458,
        "time" : "20140707T093625-0700"
      }, {
        "lat" : 37.8703353682,
        "lon" : -122.2670594164,
        "time" : "20140707T093643-0700"
      }, {
        "lat" : 37.8709782949,
        "lon" : -122.2651043047,
        "time" : "20140707T093721-0700"
      }, {
        "lat" : 37.8715164005,
        "lon" : -122.2649494128,
        "time" : "20140707T093737-0700"
      }, {
        "lat" : 37.8714067859,
        "lon" : -122.2652290103,
        "time" : "20140707T093807-0700"
      }, {
        "lat" : 37.8720223474,
        "lon" : -122.2627289329,
        "time" : "20140707T093843-0700"
      }, {
        "lat" : 37.8720777291,
        "lon" : -122.2614425857,
        "time" : "20140707T093905-0700"
      }, {
        "lat" : 37.8719945592,
        "lon" : -122.260973458,
        "time" : "20140707T093923-0700"
      } ]
    }, {
      "activity" : "walking",
      "group" : "walking",
      "manual" : false,
      "startTime" : "20140707T093923-0700",
      "endTime" : "20140707T094834-0700",
      "duration" : 551.0,
      "distance" : 556.0,
      "steps" : 944,
      "trackPoints" : [ {
        "lat" : 37.8719945592,
        "lon" : -122.260973458,
        "time" : "20140707T093923-0700"
      }, {
        "lat" : 37.8723270331,
        "lon" : -122.2603186983,
        "time" : "20140707T094010-0700"
      }, {
        "lat" : 37.8725768903,
        "lon" : -122.2599892958,
        "time" : "20140707T094026-0700"
      }, {
        "lat" : 37.872801053,
        "lon" : -122.2596680046,
        "time" : "20140707T094048-0700"
      }, {
        "lat" : 37.8728399316,
        "lon" : -122.2595712147,
        "time" : "20140707T094111-0700"
      }, {
        "lat" : 37.8727982992,
        "lon" : -122.259400834,
        "time" : "20140707T094129-0700"
      }, {
        "lat" : 37.8728828862,
        "lon" : -122.2591442375,
        "time" : "20140707T094144-0700"
      }, {
        "lat" : 37.8729297774,
        "lon" : -122.2588490467,
        "time" : "20140707T094209-0700"
      }, {
        "lat" : 37.8729378363,
        "lon" : -122.2586705193,
        "time" : "20140707T094226-0700"
      }, {
        "lat" : 37.873098862,
        "lon" : -122.2583710313,
        "time" : "20140707T094300-0700"
      }, {
        "lat" : 37.8732424022,
        "lon" : -122.2583118884,
        "time" : "20140707T094319-0700"
      }, {
        "lat" : 37.8735339315,
        "lon" : -122.2582630405,
        "time" : "20140707T094358-0700"
      }, {
        "lat" : 37.8735442408,
        "lon" : -122.2581817317,
        "time" : "20140707T094414-0700"
      }, {
        "lat" : 37.8736475255,
        "lon" : -122.258278699,
        "time" : "20140707T094430-0700"
      }, {
        "lat" : 37.8738208141,
        "lon" : -122.2584325211,
        "time" : "20140707T094455-0700"
      }, {
        "lat" : 37.8748401155,
        "lon" : -122.2587307997,
        "time" : "20140707T094632-0700"
      }, {
        "lat" : 37.8748219515,
        "lon" : -122.2587690037,
        "time" : "20140707T094647-0700"
      }, {
        "lat" : 37.8748078323,
        "lon" : -122.2587392973,
        "time" : "20140707T094715-0700"
      }, {
        "lat" : 37.874794191,
        "lon" : -122.2586956073,
        "time" : "20140707T094755-0700"
      }, {
        "lat" : 37.8747884196,
        "lon" : -122.2586749526,
        "time" : "20140707T094815-0700"
      }, {
        "lat" : 37.8748152837,
        "lon" : -122.2583994269,
        "time" : "20140707T094834-0700"
      } ]
    } ],
    "lastUpdate" : "20140707T175009Z"
  }, {
    "type" : "place",
    "startTime" : "20140707T094834-0700",
    "endTime" : "20140707T133353-0700",
    "place" : {
      "id" : 73323513,
      "name" : "Sutardja Dai Hall - CITRIS Building",
      "type" : "foursquare",
      "foursquareId" : "4a68c693f964a520fcca1fe3",
      "foursquareCategoryIds" : [ "4bf58dd8d48988d19f941735" ],
      "location" : {
        "lat" : 37.87481528371463,
        "lon" : -122.2583994269371
      }
    },
    "activities" : [ {
      "activity" : "walking",
      "group" : "walking",
      "manual" : false,
      "startTime" : "20140707T095024-0700",
      "endTime" : "20140707T095124-0700",
      "duration" : 60.0,
      "distance" : 36.0,
      "steps" : 71,
      "trackPoints" : [ ]
    } ],
    "lastUpdate" : "20140708T024931Z"
  }, {
    "type" : "move",
    "startTime" : "20140707T133353-0700",
    "endTime" : "20140707T134522-0700",
    "activities" : [ {
      "activity" : "walking",
      "group" : "walking",
      "manual" : false,
      "startTime" : "20140707T133353-0700",
      "endTime" : "20140707T134523-0700",
      "duration" : 690.0,
      "distance" : 844.0,
      "steps" : 1313,
      "trackPoints" : [ {
        "lat" : 37.8748152837,
        "lon" : -122.2583994269,
        "time" : "20140707T133353-0700"
      }, {
        "lat" : 37.8727954769,
        "lon" : -122.2584402882,
        "time" : "20140707T133708-0700"
      }, {
        "lat" : 37.8726954089,
        "lon" : -122.2585922496,
        "time" : "20140707T133725-0700"
      }, {
        "lat" : 37.8725103364,
        "lon" : -122.2585197994,
        "time" : "20140707T133742-0700"
      }, {
        "lat" : 37.8722352757,
        "lon" : -122.2584184948,
        "time" : "20140707T133808-0700"
      }, {
        "lat" : 37.8719848591,
        "lon" : -122.2583002063,
        "time" : "20140707T133829-0700"
      }, {
        "lat" : 37.8716932141,
        "lon" : -122.2581600106,
        "time" : "20140707T133852-0700"
      }, {
        "lat" : 37.8711497093,
        "lon" : -122.2578343302,
        "time" : "20140707T133957-0700"
      }, {
        "lat" : 37.8708869454,
        "lon" : -122.257623145,
        "time" : "20140707T134031-0700"
      }, {
        "lat" : 37.870699991,
        "lon" : -122.2576324421,
        "time" : "20140707T134047-0700"
      }, {
        "lat" : 37.8703939638,
        "lon" : -122.2576857832,
        "time" : "20140707T134113-0700"
      }, {
        "lat" : 37.8701193794,
        "lon" : -122.2576179092,
        "time" : "20140707T134136-0700"
      }, {
        "lat" : 37.8698505797,
        "lon" : -122.2575589741,
        "time" : "20140707T134158-0700"
      }, {
        "lat" : 37.8696027612,
        "lon" : -122.2575832746,
        "time" : "20140707T134222-0700"
      }, {
        "lat" : 37.8694708125,
        "lon" : -122.2575403196,
        "time" : "20140707T134237-0700"
      }, {
        "lat" : 37.8693254877,
        "lon" : -122.2574188707,
        "time" : "20140707T134259-0700"
      }, {
        "lat" : 37.8691401663,
        "lon" : -122.2574055483,
        "time" : "20140707T134314-0700"
      }, {
        "lat" : 37.868972942,
        "lon" : -122.2576734046,
        "time" : "20140707T134337-0700"
      }, {
        "lat" : 37.8689080887,
        "lon" : -122.2579072393,
        "time" : "20140707T134400-0700"
      }, {
        "lat" : 37.8688708039,
        "lon" : -122.2581924568,
        "time" : "20140707T134423-0700"
      }, {
        "lat" : 37.8688516753,
        "lon" : -122.2585210614,
        "time" : "20140707T134448-0700"
      }, {
        "lat" : 37.8688129896,
        "lon" : -122.2586840259,
        "time" : "20140707T134506-0700"
      }, {
        "lat" : 37.8688801607,
        "lon" : -122.2585626064,
        "time" : "20140707T134522-0700"
      } ]
    } ],
    "lastUpdate" : "20140708T024931Z"
  }, {
    "type" : "place",
    "startTime" : "20140707T134522-0700",
    "endTime" : "20140707T142027-0700",
    "place" : {
      "id" : 84114745,
      "type" : "unknown",
      "location" : {
        "lat" : 37.8688801607,
        "lon" : -122.2585626064
      }
    },
    "activities" : [ {
      "activity" : "walking",
      "group" : "walking",
      "manual" : false,
      "startTime" : "20140707T135307-0700",
      "endTime" : "20140707T135527-0700",
      "duration" : 140.0,
      "distance" : 201.0,
      "steps" : 268,
      "trackPoints" : [ ]
    } ],
    "lastUpdate" : "20140708T024934Z"
  }, {
    "type" : "move",
    "startTime" : "20140707T142027-0700",
    "endTime" : "20140707T143201-0700",
    "activities" : [ {
      "activity" : "walking",
      "group" : "walking",
      "manual" : false,
      "startTime" : "20140707T142027-0700",
      "endTime" : "20140707T143200-0700",
      "duration" : 693.0,
      "distance" : 764.0,
      "steps" : 1158,
      "trackPoints" : [ {
        "lat" : 37.8688801607,
        "lon" : -122.2585626064,
        "time" : "20140707T142027-0700"
      }, {
        "lat" : 37.8711813184,
        "lon" : -122.2583128416,
        "time" : "20140707T142439-0700"
      }, {
        "lat" : 37.8714452426,
        "lon" : -122.2584025615,
        "time" : "20140707T142501-0700"
      }, {
        "lat" : 37.8717018534,
        "lon" : -122.2584529497,
        "time" : "20140707T142520-0700"
      }, {
        "lat" : 37.8719026457,
        "lon" : -122.2584431507,
        "time" : "20140707T142536-0700"
      }, {
        "lat" : 37.8722028168,
        "lon" : -122.2584495091,
        "time" : "20140707T142556-0700"
      }, {
        "lat" : 37.8726298751,
        "lon" : -122.2584627549,
        "time" : "20140707T142617-0700"
      }, {
        "lat" : 37.8729060205,
        "lon" : -122.2585970156,
        "time" : "20140707T142632-0700"
      }, {
        "lat" : 37.8731307597,
        "lon" : -122.2587755858,
        "time" : "20140707T142651-0700"
      }, {
        "lat" : 37.8732733198,
        "lon" : -122.2588992949,
        "time" : "20140707T142710-0700"
      }, {
        "lat" : 37.8734616932,
        "lon" : -122.2587989941,
        "time" : "20140707T142732-0700"
      }, {
        "lat" : 37.873818669,
        "lon" : -122.2585635855,
        "time" : "20140707T142806-0700"
      }, {
        "lat" : 37.8740913832,
        "lon" : -122.258625091,
        "time" : "20140707T142828-0700"
      }, {
        "lat" : 37.8745000824,
        "lon" : -122.2588045245,
        "time" : "20140707T142923-0700"
      }, {
        "lat" : 37.8745710938,
        "lon" : -122.2588354535,
        "time" : "20140707T142942-0700"
      }, {
        "lat" : 37.8746379692,
        "lon" : -122.2588596064,
        "time" : "20140707T143029-0700"
      }, {
        "lat" : 37.8746465773,
        "lon" : -122.2588462942,
        "time" : "20140707T143044-0700"
      }, {
        "lat" : 37.8746824352,
        "lon" : -122.2587127153,
        "time" : "20140707T143136-0700"
      }, {
        "lat" : 37.8748152837,
        "lon" : -122.2583994269,
        "time" : "20140707T143201-0700"
      } ]
    } ],
    "lastUpdate" : "20140708T024934Z"
  }, {
    "type" : "place",
    "startTime" : "20140707T143201-0700",
    "endTime" : "20140707T194821-0700",
    "place" : {
      "id" : 73323513,
      "name" : "Sutardja Dai Hall - CITRIS Building",
      "type" : "foursquare",
      "foursquareId" : "4a68c693f964a520fcca1fe3",
      "foursquareCategoryIds" : [ "4bf58dd8d48988d19f941735" ],
      "location" : {
        "lat" : 37.87481528371463,
        "lon" : -122.2583994269371
      }
    },
    "activities" : [ {
      "activity" : "walking",
      "group" : "walking",
      "manual" : false,
      "startTime" : "20140707T143322-0700",
      "endTime" : "20140707T143422-0700",
      "duration" : 60.0,
      "distance" : 56.0,
      "steps" : 112,
      "trackPoints" : [ ]
    } ],
    "lastUpdate" : "20140708T054129Z"
  }, {
    "type" : "move",
    "startTime" : "20140707T194821-0700",
    "endTime" : "20140707T195151-0700",
    "activities" : [ {
      "activity" : "cycling",
      "group" : "cycling",
      "manual" : false,
      "startTime" : "20140707T194821-0700",
      "endTime" : "20140707T195151-0700",
      "duration" : 210.0,
      "distance" : 996.0,
      "trackPoints" : [ {
        "lat" : 37.8748152837,
        "lon" : -122.2583994269,
        "time" : "20140707T194821-0700"
      }, {
        "lat" : 37.8720129467,
        "lon" : -122.2584655715,
        "time" : "20140707T194933-0700"
      }, {
        "lat" : 37.8715552452,
        "lon" : -122.2583013895,
        "time" : "20140707T194948-0700"
      }, {
        "lat" : 37.871077445,
        "lon" : -122.2582754797,
        "time" : "20140707T195006-0700"
      }, {
        "lat" : 37.8707461223,
        "lon" : -122.2595098036,
        "time" : "20140707T195021-0700"
      }, {
        "lat" : 37.8700741448,
        "lon" : -122.2604462319,
        "time" : "20140707T195046-0700"
      }, {
        "lat" : 37.8696257923,
        "lon" : -122.2611719288,
        "time" : "20140707T195106-0700"
      }, {
        "lat" : 37.8686848997,
        "lon" : -122.2619023233,
        "time" : "20140707T195134-0700"
      }, {
        "lat" : 37.8686826907,
        "lon" : -122.2626180279,
        "time" : "20140707T195151-0700"
      } ]
    } ],
    "lastUpdate" : "20140708T054129Z"
  }, {
    "type" : "place",
    "startTime" : "20140707T195151-0700",
    "endTime" : "20140707T205245-0700",
    "place" : {
      "id" : 72458029,
      "name" : "Recreational Sports Facility (RSF)",
      "type" : "foursquare",
      "foursquareId" : "4a68deb9f964a52028cb1fe3",
      "foursquareCategoryIds" : [ "4bf58dd8d48988d1b2941735" ],
      "location" : {
        "lat" : 37.8686826907337,
        "lon" : -122.262618027927
      }
    },
    "activities" : [ {
      "activity" : "walking",
      "group" : "walking",
      "manual" : false,
      "startTime" : "20140707T195151-0700",
      "endTime" : "20140707T195747-0700",
      "duration" : 356.0,
      "distance" : 399.0,
      "steps" : 531,
      "trackPoints" : [ ]
    } ],
    "lastUpdate" : "20140708T054131Z"
  }, {
    "type" : "move",
    "startTime" : "20140707T205245-0700",
    "endTime" : "20140707T205851-0700",
    "activities" : [ {
      "activity" : "walking",
      "group" : "walking",
      "manual" : false,
      "startTime" : "20140707T205245-0700",
      "endTime" : "20140707T205851-0700",
      "duration" : 366.0,
      "distance" : 378.0,
      "steps" : 697,
      "trackPoints" : [ {
        "lat" : 37.8686826907,
        "lon" : -122.2626180279,
        "time" : "20140707T205245-0700"
      }, {
        "lat" : 37.8685130091,
        "lon" : -122.2604152234,
        "time" : "20140707T205559-0700"
      }, {
        "lat" : 37.868462003,
        "lon" : -122.2602291388,
        "time" : "20140707T205619-0700"
      }, {
        "lat" : 37.8684240698,
        "lon" : -122.2600126065,
        "time" : "20140707T205635-0700"
      }, {
        "lat" : 37.8685399304,
        "lon" : -122.2597926586,
        "time" : "20140707T205652-0700"
      }, {
        "lat" : 37.8684969841,
        "lon" : -122.2594208357,
        "time" : "20140707T205718-0700"
      }, {
        "lat" : 37.8683699677,
        "lon" : -122.2591693641,
        "time" : "20140707T205745-0700"
      }, {
        "lat" : 37.8683221895,
        "lon" : -122.2591017665,
        "time" : "20140707T205808-0700"
      }, {
        "lat" : 37.8682524495,
        "lon" : -122.2591017882,
        "time" : "20140707T205831-0700"
      }, {
        "lat" : 37.8680715836,
        "lon" : -122.2591184923,
        "time" : "20140707T205851-0700"
      } ]
    } ],
    "lastUpdate" : "20140708T054131Z"
  }, {
    "type" : "place",
    "startTime" : "20140707T205851-0700",
    "endTime" : "20140707T214837-0700",
    "place" : {
      "id" : 84137853,
      "type" : "unknown",
      "location" : {
        "lat" : 37.8680715836,
        "lon" : -122.2591184923
      }
    },
    "lastUpdate" : "20140708T054139Z"
  }, {
    "type" : "move",
    "startTime" : "20140707T214837-0700",
    "endTime" : "20140707T215235-0700",
    "activities" : [ {
      "activity" : "cycling",
      "group" : "cycling",
      "manual" : false,
      "startTime" : "20140707T214837-0700",
      "endTime" : "20140707T215235-0700",
      "duration" : 238.0,
      "distance" : 1203.0,
      "trackPoints" : [ {
        "lat" : 37.8680715836,
        "lon" : -122.2591184923,
        "time" : "20140707T214837-0700"
      }, {
        "lat" : 37.8683499838,
        "lon" : -122.2630734252,
        "time" : "20140707T214950-0700"
      }, {
        "lat" : 37.8680654874,
        "lon" : -122.2644800183,
        "time" : "20140707T215006-0700"
      }, {
        "lat" : 37.867955389,
        "lon" : -122.2657249944,
        "time" : "20140707T215023-0700"
      }, {
        "lat" : 37.869082622,
        "lon" : -122.2659591116,
        "time" : "20140707T215045-0700"
      }, {
        "lat" : 37.8703884242,
        "lon" : -122.2660987862,
        "time" : "20140707T215109-0700"
      }, {
        "lat" : 37.8713564387,
        "lon" : -122.2664603899,
        "time" : "20140707T215134-0700"
      }, {
        "lat" : 37.8713010047,
        "lon" : -122.2675648759,
        "time" : "20140707T215207-0700"
      }, {
        "lat" : 37.8715286365,
        "lon" : -122.2682853653,
        "time" : "20140707T215235-0700"
      } ]
    } ],
    "lastUpdate" : "20140708T054139Z"
  }, {
    "type" : "place",
    "startTime" : "20140707T215235-0700",
    "endTime" : "20140707T223000-0700",
    "place" : {
      "id" : 77817074,
      "type" : "unknown",
      "location" : {
        "lat" : 37.8715286365,
        "lon" : -122.2682853653
      }
    },
    "lastUpdate" : "20140708T201206Z"
  }, {
    "type" : "move",
    "startTime" : "20140707T223000-0700",
    "endTime" : "20140707T224845-0700",
    "activities" : [ {
      "activity" : "walking",
      "group" : "walking",
      "manual" : false,
      "startTime" : "20140707T223000-0700",
      "endTime" : "20140707T224845-0700",
      "duration" : 1125.0,
      "distance" : 1192.0,
      "steps" : 1721,
      "trackPoints" : [ {
        "lat" : 37.8715286365,
        "lon" : -122.2682853653,
        "time" : "20140707T223000-0700"
      }, {
        "lat" : 37.8747061031,
        "lon" : -122.2687439536,
        "time" : "20140707T223556-0700"
      }, {
        "lat" : 37.874881242,
        "lon" : -122.2686023513,
        "time" : "20140707T223618-0700"
      }, {
        "lat" : 37.874994315,
        "lon" : -122.2686090076,
        "time" : "20140707T223635-0700"
      }, {
        "lat" : 37.8752321494,
        "lon" : -122.268723917,
        "time" : "20140707T223658-0700"
      }, {
        "lat" : 37.8754097698,
        "lon" : -122.2687879117,
        "time" : "20140707T223713-0700"
      }, {
        "lat" : 37.8757241405,
        "lon" : -122.2688668798,
        "time" : "20140707T223736-0700"
      }, {
        "lat" : 37.8760875385,
        "lon" : -122.2689142748,
        "time" : "20140707T223759-0700"
      }, {
        "lat" : 37.8763360223,
        "lon" : -122.2689294922,
        "time" : "20140707T223828-0700"
      }, {
        "lat" : 37.8765290515,
        "lon" : -122.2689182963,
        "time" : "20140707T223853-0700"
      }, {
        "lat" : 37.8766375749,
        "lon" : -122.2688846607,
        "time" : "20140707T223909-0700"
      }, {
        "lat" : 37.8767621682,
        "lon" : -122.2688929781,
        "time" : "20140707T223925-0700"
      }, {
        "lat" : 37.8769783317,
        "lon" : -122.2688465285,
        "time" : "20140707T223941-0700"
      }, {
        "lat" : 37.8771746477,
        "lon" : -122.2687514615,
        "time" : "20140707T224000-0700"
      }, {
        "lat" : 37.8774176569,
        "lon" : -122.2687983722,
        "time" : "20140707T224019-0700"
      }, {
        "lat" : 37.8776248722,
        "lon" : -122.2688542579,
        "time" : "20140707T224038-0700"
      }, {
        "lat" : 37.8778926004,
        "lon" : -122.2689362915,
        "time" : "20140707T224101-0700"
      }, {
        "lat" : 37.8781760251,
        "lon" : -122.2690975997,
        "time" : "20140707T224140-0700"
      }, {
        "lat" : 37.8783225413,
        "lon" : -122.2689856324,
        "time" : "20140707T224156-0700"
      }, {
        "lat" : 37.8784836192,
        "lon" : -122.2684744385,
        "time" : "20140707T224249-0700"
      }, {
        "lat" : 37.8785596037,
        "lon" : -122.2680730563,
        "time" : "20140707T224322-0700"
      }, {
        "lat" : 37.87866102,
        "lon" : -122.2676517547,
        "time" : "20140707T224348-0700"
      }, {
        "lat" : 37.8786845793,
        "lon" : -122.2674013238,
        "time" : "20140707T224407-0700"
      }, {
        "lat" : 37.8787056965,
        "lon" : -122.2672595783,
        "time" : "20140707T224423-0700"
      }, {
        "lat" : 37.8787375163,
        "lon" : -122.267059093,
        "time" : "20140707T224446-0700"
      }, {
        "lat" : 37.8786835084,
        "lon" : -122.2668238923,
        "time" : "20140707T224519-0700"
      }, {
        "lat" : 37.8787399741,
        "lon" : -122.2667914815,
        "time" : "20140707T224536-0700"
      }, {
        "lat" : 37.8787425986,
        "lon" : -122.2666387706,
        "time" : "20140707T224553-0700"
      }, {
        "lat" : 37.8787521819,
        "lon" : -122.2665689895,
        "time" : "20140707T224609-0700"
      }, {
        "lat" : 37.8787667559,
        "lon" : -122.2665404016,
        "time" : "20140707T224625-0700"
      }, {
        "lat" : 37.8787842875,
        "lon" : -122.2665130074,
        "time" : "20140707T224647-0700"
      }, {
        "lat" : 37.8788096109,
        "lon" : -122.2663725743,
        "time" : "20140707T224711-0700"
      }, {
        "lat" : 37.8788344075,
        "lon" : -122.2661235323,
        "time" : "20140707T224735-0700"
      }, {
        "lat" : 37.8788475691,
        "lon" : -122.2658896971,
        "time" : "20140707T224759-0700"
      }, {
        "lat" : 37.8788957708,
        "lon" : -122.2656683702,
        "time" : "20140707T224822-0700"
      }, {
        "lat" : 37.8789464939,
        "lon" : -122.2652457569,
        "time" : "20140707T224845-0700"
      } ]
    } ],
    "lastUpdate" : "20140708T201206Z"
  }, {
    "type" : "place",
    "startTime" : "20140707T224845-0700",
    "endTime" : "20140707T225534-0700",
    "place" : {
      "id" : 84147929,
      "type" : "unknown",
      "location" : {
        "lat" : 37.8789464939,
        "lon" : -122.2652457569
      }
    },
    "lastUpdate" : "20140708T201206Z"
  }, {
    "type" : "move",
    "startTime" : "20140707T225534-0700",
    "endTime" : "20140707T230233-0700",
    "activities" : [ {
      "activity" : "cycling",
      "group" : "cycling",
      "manual" : false,
      "startTime" : "20140707T225534-0700",
      "endTime" : "20140707T230233-0700",
      "duration" : 419.0,
      "distance" : 3054.0,
      "trackPoints" : [ {
        "lat" : 37.8789464939,
        "lon" : -122.2652457569,
        "time" : "20140707T225534-0700"
      }, {
        "lat" : 37.8787666514,
        "lon" : -122.2672496947,
        "time" : "20140707T225559-0700"
      }, {
        "lat" : 37.8784244318,
        "lon" : -122.2702411554,
        "time" : "20140707T225634-0700"
      }, {
        "lat" : 37.8782338051,
        "lon" : -122.2715691693,
        "time" : "20140707T225649-0700"
      }, {
        "lat" : 37.8778167156,
        "lon" : -122.2738059071,
        "time" : "20140707T225727-0700"
      }, {
        "lat" : 37.8776818605,
        "lon" : -122.2751443304,
        "time" : "20140707T225744-0700"
      }, {
        "lat" : 37.8774778223,
        "lon" : -122.2766056742,
        "time" : "20140707T225759-0700"
      }, {
        "lat" : 37.8772641453,
        "lon" : -122.278292659,
        "time" : "20140707T225819-0700"
      }, {
        "lat" : 37.8770434241,
        "lon" : -122.2815260657,
        "time" : "20140707T225856-0700"
      }, {
        "lat" : 37.8759786604,
        "lon" : -122.282575318,
        "time" : "20140707T225923-0700"
      }, {
        "lat" : 37.8750372938,
        "lon" : -122.2826086351,
        "time" : "20140707T225943-0700"
      }, {
        "lat" : 37.8742342186,
        "lon" : -122.2826368764,
        "time" : "20140707T225959-0700"
      }, {
        "lat" : 37.874233737,
        "lon" : -122.2826368934,
        "time" : "20140707T230000-0700"
      }, {
        "lat" : 37.8740451591,
        "lon" : -122.282643525,
        "time" : "20140707T230003-0700"
      }, {
        "lat" : 37.8728465372,
        "lon" : -122.2822386185,
        "time" : "20140707T230022-0700"
      }, {
        "lat" : 37.870697123,
        "lon" : -122.2819481743,
        "time" : "20140707T230101-0700"
      }, {
        "lat" : 37.869616877,
        "lon" : -122.2819702944,
        "time" : "20140707T230118-0700"
      }, {
        "lat" : 37.868372638,
        "lon" : -122.2819039053,
        "time" : "20140707T230135-0700"
      }, {
        "lat" : 37.8673193826,
        "lon" : -122.2817564967,
        "time" : "20140707T230151-0700"
      }, {
        "lat" : 37.866213741,
        "lon" : -122.2816955961,
        "time" : "20140707T230207-0700"
      }, {
        "lat" : 37.8654369863,
        "lon" : -122.2824196456,
        "time" : "20140707T230233-0700"
      } ]
    } ],
    "lastUpdate" : "20140708T201206Z"
  }, {
    "type" : "place",
    "startTime" : "20140707T235116-0700",
    "endTime" : "20140708T131051-0700",
    "place" : {
      "id" : 72187887,
      "name" : "Home",
      "type" : "home",
      "location" : {
        "lat" : 37.8651493645,
        "lon" : -122.282029798
      }
    },
    "lastUpdate" : "20140708T215350Z"
  } ],
  "lastUpdate" : "20140708T215350Z"
} ]