[ {
  "date" : "20140703",
  "summary" : [ {
    "activity" : "walking",
    "group" : "walking",
    "duration" : 579.0,
    "distance" : 612.0,
    "steps" : 870
  }, {
    "activity" : "transport",
    "group" : "transport",
    "duration" : 3520.0,
    "distance" : 58809.0
  } ],
  "segments" : [ {
    "type" : "place",
    "startTime" : "20140702T232918-0700",
    "endTime" : "20140703T005919-0700",
    "place" : {
      "id" : 82558504,
      "type" : "unknown",
      "location" : {
        "lat" : 37.4175568399,
        "lon" : -121.8990236057
      }
    },
    "activities" : [ {
      "activity" : "walking",
      "group" : "walking",
      "manual" : false,
      "startTime" : "20140703T005839-0700",
      "endTime" : "20140703T005919-0700",
      "duration" : 40.0,
      "distance" : 34.0,
      "steps" : 67,
      "trackPoints" : [ ]
    } ],
    "lastUpdate" : "20140703T232952Z"
  }, {
    "type" : "move",
    "startTime" : "20140703T005919-0700",
    "endTime" : "20140703T014855-0700",
    "activities" : [ {
      "activity" : "walking",
      "group" : "walking",
      "manual" : false,
      "startTime" : "20140703T005919-0700",
      "endTime" : "20140703T010110-0700",
      "duration" : 111.0,
      "distance" : 203.0,
      "steps" : 216,
      "trackPoints" : [ {
        "lat" : 37.4175568399,
        "lon" : -121.8990236057,
        "time" : "20140703T005919-0700"
      }, {
        "lat" : 37.4175859286,
        "lon" : -121.8990987375,
        "time" : "20140703T005923-0700"
      }, {
        "lat" : 37.417743562,
        "lon" : -121.8992377103,
        "time" : "20140703T005950-0700"
      }, {
        "lat" : 37.4177202199,
        "lon" : -121.8993192125,
        "time" : "20140703T005959-0700"
      }, {
        "lat" : 37.4177201952,
        "lon" : -121.8993192984,
        "time" : "20140703T010000-0700"
      }, {
        "lat" : 37.4177034367,
        "lon" : -121.8993778133,
        "time" : "20140703T010006-0700"
      }, {
        "lat" : 37.4176503302,
        "lon" : -121.8995567004,
        "time" : "20140703T010021-0700"
      }, {
        "lat" : 37.4173655584,
        "lon" : -121.9003465937,
        "time" : "20140703T010044-0700"
      }, {
        "lat" : 37.4169625541,
        "lon" : -121.9008764918,
        "time" : "20140703T010109-0700"
      } ]
    }, {
      "activity" : "transport",
      "group" : "transport",
      "manual" : false,
      "startTime" : "20140703T010109-0700",
      "endTime" : "20140703T014855-0700",
      "duration" : 2866.0,
      "distance" : 53085.0,
      "trackPoints" : [ {
        "lat" : 37.4169625541,
        "lon" : -121.9008764918,
        "time" : "20140703T010109-0700"
      }, {
        "lat" : 37.4142832955,
        "lon" : -121.9019879464,
        "time" : "20140703T010315-0700"
      }, {
        "lat" : 37.4125564599,
        "lon" : -121.8992982995,
        "time" : "20140703T010339-0700"
      }, {
        "lat" : 37.4115089947,
        "lon" : -121.8970840218,
        "time" : "20140703T010355-0700"
      }, {
        "lat" : 37.4112578506,
        "lon" : -121.8963064641,
        "time" : "20140703T010410-0700"
      }, {
        "lat" : 37.4127626854,
        "lon" : -121.8856207308,
        "time" : "20140703T010525-0700"
      }, {
        "lat" : 37.3885657101,
        "lon" : -121.8676322729,
        "time" : "20140703T010734-0700"
      }, {
        "lat" : 37.3848614972,
        "lon" : -121.8635747869,
        "time" : "20140703T010752-0700"
      }, {
        "lat" : 37.3789832339,
        "lon" : -121.8573984571,
        "time" : "20140703T010820-0700"
      }, {
        "lat" : 37.3356378082,
        "lon" : -121.858819344,
        "time" : "20140703T011135-0700"
      }, {
        "lat" : 37.3322857067,
        "lon" : -121.8641545,
        "time" : "20140703T011154-0700"
      }, {
        "lat" : 37.3296536304,
        "lon" : -121.8686100727,
        "time" : "20140703T011211-0700"
      }, {
        "lat" : 37.3331258674,
        "lon" : -121.896112523,
        "time" : "20140703T011430-0700"
      }, {
        "lat" : 37.3352748457,
        "lon" : -121.8927285084,
        "time" : "20140703T011509-0700"
      }, {
        "lat" : 37.3362902833,
        "lon" : -121.8906184091,
        "time" : "20140703T011531-0700"
      }, {
        "lat" : 37.3371707533,
        "lon" : -121.8886917633,
        "time" : "20140703T011552-0700"
      }, {
        "lat" : 37.3371610702,
        "lon" : -121.8886185556,
        "time" : "20140703T011610-0700"
      }, {
        "lat" : 37.3370648064,
        "lon" : -121.8884428545,
        "time" : "20140703T011630-0700"
      }, {
        "lat" : 37.3359506246,
        "lon" : -121.886319628,
        "time" : "20140703T011704-0700"
      }, {
        "lat" : 37.3339930062,
        "lon" : -121.8849025038,
        "time" : "20140703T011727-0700"
      }, {
        "lat" : 37.3321320188,
        "lon" : -121.8834551828,
        "time" : "20140703T011747-0700"
      }, {
        "lat" : 37.3317230971,
        "lon" : -121.8828849276,
        "time" : "20140703T011806-0700"
      }, {
        "lat" : 37.3314943917,
        "lon" : -121.8814838924,
        "time" : "20140703T012002-0700"
      }, {
        "lat" : 37.3314534893,
        "lon" : -121.8813957542,
        "time" : "20140703T012028-0700"
      }, {
        "lat" : 37.3312747936,
        "lon" : -121.8811922105,
        "time" : "20140703T012049-0700"
      }, {
        "lat" : 37.3297233519,
        "lon" : -121.8800955056,
        "time" : "20140703T012110-0700"
      }, {
        "lat" : 37.3289311378,
        "lon" : -121.8799038621,
        "time" : "20140703T012127-0700"
      }, {
        "lat" : 37.3283988133,
        "lon" : -121.8807323102,
        "time" : "20140703T012146-0700"
      }, {
        "lat" : 37.3173468196,
        "lon" : -121.9328526109,
        "time" : "20140703T012453-0700"
      }, {
        "lat" : 37.3175528953,
        "lon" : -121.9389500467,
        "time" : "20140703T012512-0700"
      }, {
        "lat" : 37.317477434,
        "lon" : -121.9441987846,
        "time" : "20140703T012529-0700"
      }, {
        "lat" : 37.3318896908,
        "lon" : -122.0166464564,
        "time" : "20140703T012913-0700"
      }, {
        "lat" : 37.3353116837,
        "lon" : -122.0322952215,
        "time" : "20140703T013023-0700"
      }, {
        "lat" : 37.3375956847,
        "lon" : -122.0302157138,
        "time" : "20140703T013055-0700"
      }, {
        "lat" : 37.3369854259,
        "lon" : -122.0229078948,
        "time" : "20140703T013138-0700"
      }, {
        "lat" : 37.3333398052,
        "lon" : -122.0234677122,
        "time" : "20140703T013205-0700"
      }, {
        "lat" : 37.3319957529,
        "lon" : -122.0236688258,
        "time" : "20140703T013227-0700"
      }, {
        "lat" : 37.3324978548,
        "lon" : -122.0232088712,
        "time" : "20140703T013244-0700"
      }, {
        "lat" : 37.3330835346,
        "lon" : -122.0238056491,
        "time" : "20140703T013301-0700"
      }, {
        "lat" : 37.3338659844,
        "lon" : -122.024669008,
        "time" : "20140703T013341-0700"
      }, {
        "lat" : 37.3338347998,
        "lon" : -122.0246765954,
        "time" : "20140703T013404-0700"
      }, {
        "lat" : 37.3338307329,
        "lon" : -122.0246793965,
        "time" : "20140703T013431-0700"
      }, {
        "lat" : 37.3326737784,
        "lon" : -122.0237805623,
        "time" : "20140703T013506-0700"
      }, {
        "lat" : 37.3375664621,
        "lon" : -122.0255928482,
        "time" : "20140703T013621-0700"
      }, {
        "lat" : 37.3374319105,
        "lon" : -122.0278103239,
        "time" : "20140703T013636-0700"
      }, {
        "lat" : 37.3374959273,
        "lon" : -122.0321071248,
        "time" : "20140703T013719-0700"
      }, {
        "lat" : 37.3343634138,
        "lon" : -122.0415413529,
        "time" : "20140703T013832-0700"
      }, {
        "lat" : 37.3331879162,
        "lon" : -122.0535721538,
        "time" : "20140703T013913-0700"
      }, {
        "lat" : 37.3405538667,
        "lon" : -122.0596953498,
        "time" : "20140703T013950-0700"
      }, {
        "lat" : 37.3471997046,
        "lon" : -122.0597617106,
        "time" : "20140703T014015-0700"
      }, {
        "lat" : 37.3523506687,
        "lon" : -122.060506108,
        "time" : "20140703T014035-0700"
      }, {
        "lat" : 37.3613449159,
        "lon" : -122.0631466042,
        "time" : "20140703T014113-0700"
      }, {
        "lat" : 37.3658010509,
        "lon" : -122.0635956473,
        "time" : "20140703T014129-0700"
      }, {
        "lat" : 37.3710757742,
        "lon" : -122.0663042125,
        "time" : "20140703T014151-0700"
      }, {
        "lat" : 37.3753147775,
        "lon" : -122.0677545679,
        "time" : "20140703T014210-0700"
      }, {
        "lat" : 37.380409078,
        "lon" : -122.0678629508,
        "time" : "20140703T014227-0700"
      }, {
        "lat" : 37.4024094576,
        "lon" : -122.0697403023,
        "time" : "20140703T014356-0700"
      }, {
        "lat" : 37.4069131788,
        "lon" : -122.0694828947,
        "time" : "20140703T014416-0700"
      }, {
        "lat" : 37.4101168548,
        "lon" : -122.0713699766,
        "time" : "20140703T014435-0700"
      }, {
        "lat" : 37.4136805375,
        "lon" : -122.0777499195,
        "time" : "20140703T014518-0700"
      }, {
        "lat" : 37.4106354747,
        "lon" : -122.0786839369,
        "time" : "20140703T014549-0700"
      }, {
        "lat" : 37.4069098416,
        "lon" : -122.0792353525,
        "time" : "20140703T014639-0700"
      }, {
        "lat" : 37.4076124262,
        "lon" : -122.0805312085,
        "time" : "20140703T014700-0700"
      }, {
        "lat" : 37.405634745,
        "lon" : -122.0826438165,
        "time" : "20140703T014730-0700"
      }, {
        "lat" : 37.4042932068,
        "lon" : -122.0829321257,
        "time" : "20140703T014747-0700"
      }, {
        "lat" : 37.4027462323,
        "lon" : -122.0832235437,
        "time" : "20140703T014808-0700"
      }, {
        "lat" : 37.4029341675,
        "lon" : -122.0845937592,
        "time" : "20140703T014826-0700"
      }, {
        "lat" : 37.403213609,
        "lon" : -122.0854344467,
        "time" : "20140703T014855-0700"
      } ]
    } ],
    "lastUpdate" : "20140703T232952Z"
  }, {
    "type" : "place",
    "startTime" : "20140703T014855-0700",
    "endTime" : "20140703T152119-0700",
    "place" : {
      "id" : 81375678,
      "name" : "Home",
      "type" : "home",
      "location" : {
        "lat" : 37.403213609,
        "lon" : -122.0854344467
      }
    },
    "activities" : [ {
      "activity" : "walking",
      "group" : "walking",
      "manual" : false,
      "startTime" : "20140703T014918-0700",
      "endTime" : "20140703T014948-0700",
      "duration" : 30.0,
      "distance" : 15.0,
      "steps" : 30,
      "trackPoints" : [ ]
    } ],
    "lastUpdate" : "20140703T232952Z"
  }, {
    "type" : "move",
    "startTime" : "20140703T152119-0700",
    "endTime" : "20140703T152447-0700",
    "activities" : [ {
      "activity" : "transport",
      "group" : "transport",
      "manual" : false,
      "startTime" : "20140703T152119-0700",
      "endTime" : "20140703T152447-0700",
      "duration" : 208.0,
      "distance" : 2767.0,
      "trackPoints" : [ {
        "lat" : 37.403213609,
        "lon" : -122.0854344467,
        "time" : "20140703T152119-0700"
      }, {
        "lat" : 37.4099246924,
        "lon" : -122.0872879361,
        "time" : "20140703T152223-0700"
      }, {
        "lat" : 37.410985706,
        "lon" : -122.090613933,
        "time" : "20140703T152246-0700"
      }, {
        "lat" : 37.4115773295,
        "lon" : -122.0922313346,
        "time" : "20140703T152301-0700"
      }, {
        "lat" : 37.4116129955,
        "lon" : -122.0926772811,
        "time" : "20140703T152320-0700"
      }, {
        "lat" : 37.411860881,
        "lon" : -122.0957260964,
        "time" : "20140703T152341-0700"
      }, {
        "lat" : 37.412856119,
        "lon" : -122.0986179402,
        "time" : "20140703T152359-0700"
      }, {
        "lat" : 37.4150363614,
        "lon" : -122.1007949602,
        "time" : "20140703T152421-0700"
      }, {
        "lat" : 37.4171356668,
        "lon" : -122.1035523003,
        "time" : "20140703T152447-0700"
      } ]
    } ],
    "lastUpdate" : "20140703T232952Z"
  }, {
    "type" : "place",
    "startTime" : "20140703T152447-0700",
    "endTime" : "20140703T161412-0700",
    "place" : {
      "id" : 82611909,
      "type" : "unknown",
      "location" : {
        "lat" : 37.4171356668,
        "lon" : -122.1035523003
      }
    },
    "activities" : [ {
      "activity" : "walking",
      "group" : "walking",
      "manual" : false,
      "startTime" : "20140703T153230-0700",
      "endTime" : "20140703T153601-0700",
      "duration" : 211.0,
      "distance" : 245.0,
      "steps" : 326,
      "trackPoints" : [ ]
    } ],
    "lastUpdate" : "20140704T160540Z"
  }, {
    "type" : "move",
    "startTime" : "20140703T161412-0700",
    "endTime" : "20140703T162415-0700",
    "activities" : [ {
      "activity" : "transport",
      "group" : "transport",
      "manual" : false,
      "startTime" : "20140703T161412-0700",
      "endTime" : "20140703T162138-0700",
      "duration" : 446.0,
      "distance" : 2957.0,
      "trackPoints" : [ {
        "lat" : 37.4171356668,
        "lon" : -122.1035523003,
        "time" : "20140703T161412-0700"
      }, {
        "lat" : 37.4113852456,
        "lon" : -122.0931541061,
        "time" : "20140703T161726-0700"
      }, {
        "lat" : 37.4115657043,
        "lon" : -122.0929985668,
        "time" : "20140703T161758-0700"
      }, {
        "lat" : 37.4115347291,
        "lon" : -122.0929335203,
        "time" : "20140703T161816-0700"
      }, {
        "lat" : 37.4114749041,
        "lon" : -122.0928281158,
        "time" : "20140703T161833-0700"
      }, {
        "lat" : 37.4107412313,
        "lon" : -122.0904494173,
        "time" : "20140703T161905-0700"
      }, {
        "lat" : 37.4101446476,
        "lon" : -122.0886120325,
        "time" : "20140703T161920-0700"
      }, {
        "lat" : 37.4096008742,
        "lon" : -122.0866021888,
        "time" : "20140703T161943-0700"
      }, {
        "lat" : 37.4071299508,
        "lon" : -122.0856765204,
        "time" : "20140703T162022-0700"
      }, {
        "lat" : 37.4044235857,
        "lon" : -122.0864770051,
        "time" : "20140703T162048-0700"
      }, {
        "lat" : 37.4034869392,
        "lon" : -122.0851028347,
        "time" : "20140703T162110-0700"
      }, {
        "lat" : 37.4030016719,
        "lon" : -122.0855728184,
        "time" : "20140703T162138-0700"
      } ]
    }, {
      "activity" : "walking",
      "group" : "walking",
      "manual" : false,
      "startTime" : "20140703T162138-0700",
      "endTime" : "20140703T162415-0700",
      "duration" : 157.0,
      "distance" : 95.0,
      "steps" : 190,
      "trackPoints" : [ {
        "lat" : 37.4030016719,
        "lon" : -122.0855728184,
        "time" : "20140703T162138-0700"
      }, {
        "lat" : 37.4031047793,
        "lon" : -122.0855910354,
        "time" : "20140703T162202-0700"
      }, {
        "lat" : 37.4031243779,
        "lon" : -122.0855742669,
        "time" : "20140703T162220-0700"
      }, {
        "lat" : 37.4033065311,
        "lon" : -122.0854589296,
        "time" : "20140703T162243-0700"
      }, {
        "lat" : 37.4034350534,
        "lon" : -122.0854019101,
        "time" : "20140703T162304-0700"
      }, {
        "lat" : 37.4034449375,
        "lon" : -122.0854765272,
        "time" : "20140703T162327-0700"
      }, {
        "lat" : 37.4034183348,
        "lon" : -122.0855157448,
        "time" : "20140703T162351-0700"
      }, {
        "lat" : 37.403213609,
        "lon" : -122.0854344467,
        "time" : "20140703T162415-0700"
      } ]
    } ],
    "lastUpdate" : "20140704T160540Z"
  }, {
    "type" : "place",
    "startTime" : "20140703T162415-0700",
    "endTime" : "20140704T090414-0700",
    "place" : {
      "id" : 81375678,
      "name" : "Home",
      "type" : "home",
      "location" : {
        "lat" : 37.403213609,
        "lon" : -122.0854344467
      }
    },
    "activities" : [ {
      "activity" : "walking",
      "group" : "walking",
      "manual" : false,
      "startTime" : "20140703T162638-0700",
      "endTime" : "20140703T162708-0700",
      "duration" : 30.0,
      "distance" : 20.0,
      "steps" : 41,
      "trackPoints" : [ ]
    } ],
    "lastUpdate" : "20140704T195038Z"
  } ],
  "lastUpdate" : "20140704T195038Z"
} ]