[ {
  "date" : "20140615",
  "summary" : [ {
    "activity" : "walking",
    "group" : "walking",
    "duration" : 2098.0,
    "distance" : 2379.0,
    "steps" : 3200
  }, {
    "activity" : "transport",
    "group" : "transport",
    "duration" : 7673.0,
    "distance" : 130932.0
  } ],
  "segments" : [ {
    "type" : "place",
    "startTime" : "20140615T020218-0700",
    "endTime" : "20140615T021141-0700",
    "place" : {
      "id" : 75945996,
      "type" : "unknown",
      "location" : {
        "lat" : 36.9803702941,
        "lon" : -122.0603293345
      }
    },
    "lastUpdate" : "20140616T030739Z"
  }, {
    "type" : "move",
    "startTime" : "20140615T121701-0700",
    "endTime" : "20140615T123145-0700",
    "activities" : [ {
      "activity" : "transport",
      "group" : "transport",
      "manual" : false,
      "startTime" : "20140615T121701-0700",
      "endTime" : "20140615T122412-0700",
      "duration" : 431.0,
      "distance" : 2923.0,
      "trackPoints" : [ {
        "lat" : 36.977134916,
        "lon" : -122.0541858168,
        "time" : "20140615T121701-0700"
      }, {
        "lat" : 36.9770813408,
        "lon" : -122.0541747977,
        "time" : "20140615T121721-0700"
      }, {
        "lat" : 36.977133126,
        "lon" : -122.0541291189,
        "time" : "20140615T121743-0700"
      }, {
        "lat" : 36.9772022501,
        "lon" : -122.0530997983,
        "time" : "20140615T121801-0700"
      }, {
        "lat" : 36.9772289219,
        "lon" : -122.0505311439,
        "time" : "20140615T121820-0700"
      }, {
        "lat" : 36.9771171667,
        "lon" : -122.0375051944,
        "time" : "20140615T122000-0700"
      }, {
        "lat" : 36.9765862274,
        "lon" : -122.0350360443,
        "time" : "20140615T122026-0700"
      }, {
        "lat" : 36.9755398032,
        "lon" : -122.0346295823,
        "time" : "20140615T122050-0700"
      }, {
        "lat" : 36.9754549178,
        "lon" : -122.0340416912,
        "time" : "20140615T122106-0700"
      }, {
        "lat" : 36.9754582938,
        "lon" : -122.0339085521,
        "time" : "20140615T122124-0700"
      }, {
        "lat" : 36.9754462539,
        "lon" : -122.0339066022,
        "time" : "20140615T122148-0700"
      }, {
        "lat" : 36.9758481107,
        "lon" : -122.0330345976,
        "time" : "20140615T122204-0700"
      }, {
        "lat" : 36.9771173032,
        "lon" : -122.0314808879,
        "time" : "20140615T122247-0700"
      }, {
        "lat" : 36.9761950212,
        "lon" : -122.0278566092,
        "time" : "20140615T122322-0700"
      }, {
        "lat" : 36.976137161,
        "lon" : -122.0280057981,
        "time" : "20140615T122349-0700"
      }, {
        "lat" : 36.9761337783,
        "lon" : -122.0280091892,
        "time" : "20140615T122411-0700"
      } ]
    }, {
      "activity" : "walking",
      "group" : "walking",
      "manual" : false,
      "startTime" : "20140615T122411-0700",
      "endTime" : "20140615T123145-0700",
      "duration" : 454.0,
      "distance" : 418.0,
      "steps" : 656,
      "trackPoints" : [ {
        "lat" : 36.9761337783,
        "lon" : -122.0280091892,
        "time" : "20140615T122411-0700"
      }, {
        "lat" : 36.9761435769,
        "lon" : -122.0280223711,
        "time" : "20140615T122446-0700"
      }, {
        "lat" : 36.9761306183,
        "lon" : -122.0280335763,
        "time" : "20140615T122502-0700"
      }, {
        "lat" : 36.9760971215,
        "lon" : -122.0280967308,
        "time" : "20140615T122517-0700"
      }, {
        "lat" : 36.9762313071,
        "lon" : -122.0277935925,
        "time" : "20140615T122540-0700"
      }, {
        "lat" : 36.9760952157,
        "lon" : -122.0278660979,
        "time" : "20140615T122605-0700"
      }, {
        "lat" : 36.9759206399,
        "lon" : -122.0279965656,
        "time" : "20140615T122627-0700"
      }, {
        "lat" : 36.9758394481,
        "lon" : -122.0280194533,
        "time" : "20140615T122649-0700"
      }, {
        "lat" : 36.97567108,
        "lon" : -122.0280167168,
        "time" : "20140615T122719-0700"
      }, {
        "lat" : 36.9753436622,
        "lon" : -122.0279049439,
        "time" : "20140615T122753-0700"
      }, {
        "lat" : 36.9750587531,
        "lon" : -122.0277805107,
        "time" : "20140615T122817-0700"
      }, {
        "lat" : 36.9748458955,
        "lon" : -122.0276784002,
        "time" : "20140615T122838-0700"
      }, {
        "lat" : 36.9746698773,
        "lon" : -122.0275819324,
        "time" : "20140615T122858-0700"
      }, {
        "lat" : 36.9744837473,
        "lon" : -122.0274831556,
        "time" : "20140615T122915-0700"
      }, {
        "lat" : 36.9742648957,
        "lon" : -122.027395156,
        "time" : "20140615T122935-0700"
      }, {
        "lat" : 36.9741185559,
        "lon" : -122.0273247783,
        "time" : "20140615T122951-0700"
      }, {
        "lat" : 36.9736904483,
        "lon" : -122.0272625791,
        "time" : "20140615T123020-0700"
      }, {
        "lat" : 36.9733472149,
        "lon" : -122.0272273015,
        "time" : "20140615T123043-0700"
      }, {
        "lat" : 36.973155815,
        "lon" : -122.0272196051,
        "time" : "20140615T123118-0700"
      }, {
        "lat" : 36.9730839438,
        "lon" : -122.0272819505,
        "time" : "20140615T123145-0700"
      } ]
    } ],
    "lastUpdate" : "20140616T030739Z"
  }, {
    "type" : "place",
    "startTime" : "20140615T123145-0700",
    "endTime" : "20140615T125042-0700",
    "place" : {
      "id" : 76643430,
      "type" : "unknown",
      "location" : {
        "lat" : 36.9730839438,
        "lon" : -122.0272819505
      }
    },
    "lastUpdate" : "20140616T030741Z"
  }, {
    "type" : "move",
    "startTime" : "20140615T125042-0700",
    "endTime" : "20140615T125817-0700",
    "activities" : [ {
      "activity" : "walking",
      "group" : "walking",
      "manual" : false,
      "startTime" : "20140615T125042-0700",
      "endTime" : "20140615T125817-0700",
      "duration" : 455.0,
      "distance" : 484.0,
      "steps" : 769,
      "trackPoints" : [ {
        "lat" : 36.9730839438,
        "lon" : -122.0272819505,
        "time" : "20140615T125042-0700"
      }, {
        "lat" : 36.9758319293,
        "lon" : -122.0280949598,
        "time" : "20140615T125556-0700"
      }, {
        "lat" : 36.9758343036,
        "lon" : -122.0277523719,
        "time" : "20140615T125617-0700"
      }, {
        "lat" : 36.975928769,
        "lon" : -122.0274365734,
        "time" : "20140615T125643-0700"
      }, {
        "lat" : 36.9760612635,
        "lon" : -122.0271750927,
        "time" : "20140615T125715-0700"
      }, {
        "lat" : 36.9762235448,
        "lon" : -122.02702086,
        "time" : "20140615T125738-0700"
      }, {
        "lat" : 36.9762826412,
        "lon" : -122.0269870647,
        "time" : "20140615T125817-0700"
      } ]
    } ],
    "lastUpdate" : "20140616T030741Z"
  }, {
    "type" : "place",
    "startTime" : "20140615T125817-0700",
    "endTime" : "20140615T151554-0700",
    "place" : {
      "id" : 76643435,
      "type" : "unknown",
      "location" : {
        "lat" : 36.9765270957,
        "lon" : -122.0272181019
      }
    },
    "activities" : [ {
      "activity" : "walking",
      "group" : "walking",
      "manual" : false,
      "startTime" : "20140615T130040-0700",
      "endTime" : "20140615T130110-0700",
      "duration" : 30.0,
      "distance" : 20.0,
      "steps" : 41,
      "trackPoints" : [ ]
    } ],
    "lastUpdate" : "20140616T030743Z"
  }, {
    "type" : "move",
    "startTime" : "20140615T151554-0700",
    "endTime" : "20140615T154806-0700",
    "activities" : [ {
      "activity" : "transport",
      "group" : "transport",
      "manual" : false,
      "startTime" : "20140615T151554-0700",
      "endTime" : "20140615T153731-0700",
      "duration" : 1297.0,
      "distance" : 3808.0,
      "trackPoints" : [ {
        "lat" : 36.9765270957,
        "lon" : -122.0272181019,
        "time" : "20140615T151554-0700"
      }, {
        "lat" : 36.9774539179,
        "lon" : -122.029554179,
        "time" : "20140615T151715-0700"
      }, {
        "lat" : 36.9771638086,
        "lon" : -122.0311031577,
        "time" : "20140615T151742-0700"
      }, {
        "lat" : 36.97635749,
        "lon" : -122.0325687408,
        "time" : "20140615T151809-0700"
      }, {
        "lat" : 36.9763179101,
        "lon" : -122.0326125409,
        "time" : "20140615T151825-0700"
      }, {
        "lat" : 36.9734847375,
        "lon" : -122.0348797228,
        "time" : "20140615T151855-0700"
      }, {
        "lat" : 36.9729255466,
        "lon" : -122.0352343188,
        "time" : "20140615T151911-0700"
      }, {
        "lat" : 36.972886964,
        "lon" : -122.0352543678,
        "time" : "20140615T151931-0700"
      }, {
        "lat" : 36.9706914963,
        "lon" : -122.036669017,
        "time" : "20140615T151958-0700"
      }, {
        "lat" : 36.9704680755,
        "lon" : -122.036813153,
        "time" : "20140615T152014-0700"
      }, {
        "lat" : 36.9691886056,
        "lon" : -122.0376781389,
        "time" : "20140615T152035-0700"
      }, {
        "lat" : 36.9688102238,
        "lon" : -122.0379118181,
        "time" : "20140615T152053-0700"
      }, {
        "lat" : 36.9687818638,
        "lon" : -122.0379176152,
        "time" : "20140615T152109-0700"
      }, {
        "lat" : 36.968089151,
        "lon" : -122.0383537488,
        "time" : "20140615T152127-0700"
      }, {
        "lat" : 36.9676277965,
        "lon" : -122.0388270904,
        "time" : "20140615T152145-0700"
      }, {
        "lat" : 36.9676189064,
        "lon" : -122.0388361598,
        "time" : "20140615T152203-0700"
      }, {
        "lat" : 36.9676143898,
        "lon" : -122.0388459766,
        "time" : "20140615T152221-0700"
      }, {
        "lat" : 36.9676096644,
        "lon" : -122.0388559231,
        "time" : "20140615T152245-0700"
      }, {
        "lat" : 36.9670373887,
        "lon" : -122.0398078976,
        "time" : "20140615T152311-0700"
      }, {
        "lat" : 36.967018264,
        "lon" : -122.0398332084,
        "time" : "20140615T152328-0700"
      }, {
        "lat" : 36.9668054231,
        "lon" : -122.0397052968,
        "time" : "20140615T152345-0700"
      }, {
        "lat" : 36.966825036,
        "lon" : -122.0397396867,
        "time" : "20140615T152408-0700"
      }, {
        "lat" : 36.9668424725,
        "lon" : -122.0397659637,
        "time" : "20140615T152430-0700"
      }, {
        "lat" : 36.9668618296,
        "lon" : -122.0397918093,
        "time" : "20140615T152501-0700"
      }, {
        "lat" : 36.9668756003,
        "lon" : -122.0398059524,
        "time" : "20140615T152527-0700"
      }, {
        "lat" : 36.9668836349,
        "lon" : -122.039812224,
        "time" : "20140615T152553-0700"
      }, {
        "lat" : 36.9668906687,
        "lon" : -122.0398151532,
        "time" : "20140615T152616-0700"
      }, {
        "lat" : 36.9668967342,
        "lon" : -122.0398143774,
        "time" : "20140615T152639-0700"
      }, {
        "lat" : 36.9668967342,
        "lon" : -122.0398143774,
        "time" : "20140615T152657-0700"
      }, {
        "lat" : 36.966866274,
        "lon" : -122.0398154669,
        "time" : "20140615T152714-0700"
      }, {
        "lat" : 36.9668202171,
        "lon" : -122.0398082833,
        "time" : "20140615T152734-0700"
      }, {
        "lat" : 36.9668202171,
        "lon" : -122.0398082833,
        "time" : "20140615T152758-0700"
      }, {
        "lat" : 36.9668226628,
        "lon" : -122.0398142985,
        "time" : "20140615T152832-0700"
      }, {
        "lat" : 36.9668072852,
        "lon" : -122.0397851871,
        "time" : "20140615T152855-0700"
      }, {
        "lat" : 36.9667985247,
        "lon" : -122.0397716432,
        "time" : "20140615T152920-0700"
      }, {
        "lat" : 36.9666749133,
        "lon" : -122.0395833951,
        "time" : "20140615T152942-0700"
      }, {
        "lat" : 36.966678668,
        "lon" : -122.039589082,
        "time" : "20140615T152959-0700"
      }, {
        "lat" : 36.9667272858,
        "lon" : -122.0396301511,
        "time" : "20140615T153023-0700"
      }, {
        "lat" : 36.9663602258,
        "lon" : -122.0396955619,
        "time" : "20140615T153042-0700"
      }, {
        "lat" : 36.966321217,
        "lon" : -122.0398101495,
        "time" : "20140615T153100-0700"
      }, {
        "lat" : 36.966336081,
        "lon" : -122.0398453076,
        "time" : "20140615T153123-0700"
      }, {
        "lat" : 36.9663399231,
        "lon" : -122.0398514522,
        "time" : "20140615T153141-0700"
      }, {
        "lat" : 36.9663427564,
        "lon" : -122.0398558358,
        "time" : "20140615T153158-0700"
      }, {
        "lat" : 36.9666207177,
        "lon" : -122.0402126635,
        "time" : "20140615T153216-0700"
      }, {
        "lat" : 36.96789975,
        "lon" : -122.0384030612,
        "time" : "20140615T153236-0700"
      }, {
        "lat" : 36.9694398129,
        "lon" : -122.0373229304,
        "time" : "20140615T153255-0700"
      }, {
        "lat" : 36.9694504105,
        "lon" : -122.0373112431,
        "time" : "20140615T153313-0700"
      }, {
        "lat" : 36.9694520046,
        "lon" : -122.0373084725,
        "time" : "20140615T153329-0700"
      }, {
        "lat" : 36.970394958,
        "lon" : -122.0367208248,
        "time" : "20140615T153345-0700"
      }, {
        "lat" : 36.9723376334,
        "lon" : -122.0354300504,
        "time" : "20140615T153404-0700"
      }, {
        "lat" : 36.9718074602,
        "lon" : -122.0329874385,
        "time" : "20140615T153426-0700"
      }, {
        "lat" : 36.9723692697,
        "lon" : -122.0318354706,
        "time" : "20140615T153441-0700"
      }, {
        "lat" : 36.9726294325,
        "lon" : -122.0306743877,
        "time" : "20140615T153457-0700"
      }, {
        "lat" : 36.9729598609,
        "lon" : -122.0293148504,
        "time" : "20140615T153513-0700"
      }, {
        "lat" : 36.9731286443,
        "lon" : -122.028217155,
        "time" : "20140615T153531-0700"
      }, {
        "lat" : 36.9731774418,
        "lon" : -122.0279498149,
        "time" : "20140615T153546-0700"
      }, {
        "lat" : 36.9731000762,
        "lon" : -122.028432205,
        "time" : "20140615T153605-0700"
      }, {
        "lat" : 36.9726661704,
        "lon" : -122.0304266058,
        "time" : "20140615T153633-0700"
      }, {
        "lat" : 36.9726170824,
        "lon" : -122.0311045064,
        "time" : "20140615T153650-0700"
      }, {
        "lat" : 36.9726252299,
        "lon" : -122.0310949911,
        "time" : "20140615T153707-0700"
      }, {
        "lat" : 36.9726371192,
        "lon" : -122.0310761898,
        "time" : "20140615T153732-0700"
      } ]
    }, {
      "activity" : "walking",
      "group" : "walking",
      "manual" : false,
      "startTime" : "20140615T153732-0700",
      "endTime" : "20140615T154806-0700",
      "duration" : 634.0,
      "distance" : 759.0,
      "steps" : 768,
      "trackPoints" : [ {
        "lat" : 36.9726371192,
        "lon" : -122.0310761898,
        "time" : "20140615T153732-0700"
      }, {
        "lat" : 36.9727222164,
        "lon" : -122.0308393595,
        "time" : "20140615T153753-0700"
      }, {
        "lat" : 36.9727422872,
        "lon" : -122.0304626913,
        "time" : "20140615T153811-0700"
      }, {
        "lat" : 36.9727841613,
        "lon" : -122.0302749199,
        "time" : "20140615T153826-0700"
      }, {
        "lat" : 36.9728220341,
        "lon" : -122.0300176809,
        "time" : "20140615T153846-0700"
      }, {
        "lat" : 36.9728925282,
        "lon" : -122.0297731589,
        "time" : "20140615T153905-0700"
      }, {
        "lat" : 36.9730246629,
        "lon" : -122.0294211911,
        "time" : "20140615T153931-0700"
      }, {
        "lat" : 36.9730500993,
        "lon" : -122.0289042412,
        "time" : "20140615T154009-0700"
      }, {
        "lat" : 36.9731686456,
        "lon" : -122.0286320143,
        "time" : "20140615T154030-0700"
      }, {
        "lat" : 36.9732488512,
        "lon" : -122.0282330532,
        "time" : "20140615T154103-0700"
      }, {
        "lat" : 36.9732100372,
        "lon" : -122.0279586584,
        "time" : "20140615T154126-0700"
      }, {
        "lat" : 36.9732906306,
        "lon" : -122.0277519412,
        "time" : "20140615T154145-0700"
      }, {
        "lat" : 36.9734286641,
        "lon" : -122.0275304542,
        "time" : "20140615T154201-0700"
      }, {
        "lat" : 36.973417374,
        "lon" : -122.0273396911,
        "time" : "20140615T154218-0700"
      }, {
        "lat" : 36.9734609102,
        "lon" : -122.0271559511,
        "time" : "20140615T154235-0700"
      }, {
        "lat" : 36.9736678333,
        "lon" : -122.0272727232,
        "time" : "20140615T154255-0700"
      }, {
        "lat" : 36.9739750369,
        "lon" : -122.0274049025,
        "time" : "20140615T154321-0700"
      }, {
        "lat" : 36.9742629161,
        "lon" : -122.0274027448,
        "time" : "20140615T154347-0700"
      }, {
        "lat" : 36.974469068,
        "lon" : -122.0271658471,
        "time" : "20140615T154410-0700"
      }, {
        "lat" : 36.9746142454,
        "lon" : -122.0267303072,
        "time" : "20140615T154444-0700"
      }, {
        "lat" : 36.9746543083,
        "lon" : -122.0266352772,
        "time" : "20140615T154507-0700"
      }, {
        "lat" : 36.9747392549,
        "lon" : -122.0265452404,
        "time" : "20140615T154529-0700"
      }, {
        "lat" : 36.9748846516,
        "lon" : -122.0264776043,
        "time" : "20140615T154548-0700"
      }, {
        "lat" : 36.9750084841,
        "lon" : -122.026440611,
        "time" : "20140615T154605-0700"
      }, {
        "lat" : 36.9751762787,
        "lon" : -122.0265257532,
        "time" : "20140615T154621-0700"
      }, {
        "lat" : 36.975327552,
        "lon" : -122.0266193244,
        "time" : "20140615T154637-0700"
      }, {
        "lat" : 36.9755262938,
        "lon" : -122.0266904203,
        "time" : "20140615T154659-0700"
      }, {
        "lat" : 36.9757581074,
        "lon" : -122.02682748,
        "time" : "20140615T154724-0700"
      }, {
        "lat" : 36.9759621756,
        "lon" : -122.0269564909,
        "time" : "20140615T154747-0700"
      }, {
        "lat" : 36.9762826412,
        "lon" : -122.0269870647,
        "time" : "20140615T154806-0700"
      } ]
    } ],
    "lastUpdate" : "20140616T030743Z"
  }, {
    "type" : "place",
    "startTime" : "20140615T154806-0700",
    "endTime" : "20140615T212519-0700",
    "place" : {
      "id" : 76319846,
      "type" : "unknown",
      "location" : {
        "lat" : 36.9762826412,
        "lon" : -122.0269870647
      }
    },
    "lastUpdate" : "20140616T084444Z"
  }, {
    "type" : "move",
    "startTime" : "20140615T212519-0700",
    "endTime" : "20140615T231238-0700",
    "activities" : [ {
      "activity" : "walking",
      "group" : "walking",
      "manual" : false,
      "startTime" : "20140615T212519-0700",
      "endTime" : "20140615T213334-0700",
      "duration" : 495.0,
      "distance" : 668.0,
      "steps" : 905,
      "trackPoints" : [ {
        "lat" : 36.9762826412,
        "lon" : -122.0269870647,
        "time" : "20140615T212519-0700"
      }, {
        "lat" : 36.9743463154,
        "lon" : -122.0279373244,
        "time" : "20140615T212823-0700"
      }, {
        "lat" : 36.9744140464,
        "lon" : -122.0280496362,
        "time" : "20140615T212839-0700"
      }, {
        "lat" : 36.9743414311,
        "lon" : -122.0284209619,
        "time" : "20140615T212911-0700"
      }, {
        "lat" : 36.9743017816,
        "lon" : -122.0287288132,
        "time" : "20140615T212927-0700"
      }, {
        "lat" : 36.9742212767,
        "lon" : -122.0291860458,
        "time" : "20140615T212951-0700"
      }, {
        "lat" : 36.9741086531,
        "lon" : -122.0295927901,
        "time" : "20140615T213013-0700"
      }, {
        "lat" : 36.9740510467,
        "lon" : -122.0300240338,
        "time" : "20140615T213036-0700"
      }, {
        "lat" : 36.9739914688,
        "lon" : -122.0303457941,
        "time" : "20140615T213059-0700"
      }, {
        "lat" : 36.9739568805,
        "lon" : -122.0304947509,
        "time" : "20140615T213120-0700"
      }, {
        "lat" : 36.9737849879,
        "lon" : -122.0306932123,
        "time" : "20140615T213154-0700"
      }, {
        "lat" : 36.9734897381,
        "lon" : -122.0309078324,
        "time" : "20140615T213222-0700"
      }, {
        "lat" : 36.9732506516,
        "lon" : -122.0308947036,
        "time" : "20140615T213238-0700"
      }, {
        "lat" : 36.9730237501,
        "lon" : -122.0308628083,
        "time" : "20140615T213255-0700"
      }, {
        "lat" : 36.9727984735,
        "lon" : -122.0307577176,
        "time" : "20140615T213313-0700"
      }, {
        "lat" : 36.9727118625,
        "lon" : -122.030851377,
        "time" : "20140615T213334-0700"
      } ]
    }, {
      "activity" : "transport",
      "group" : "transport",
      "manual" : false,
      "startTime" : "20140615T213334-0700",
      "endTime" : "20140615T231239-0700",
      "duration" : 5945.0,
      "distance" : 124201.0,
      "trackPoints" : [ {
        "lat" : 36.9727118625,
        "lon" : -122.030851377,
        "time" : "20140615T213334-0700"
      }, {
        "lat" : 36.9725786415,
        "lon" : -122.0310997618,
        "time" : "20140615T213402-0700"
      }, {
        "lat" : 36.9725914153,
        "lon" : -122.031053685,
        "time" : "20140615T213425-0700"
      }, {
        "lat" : 36.9725852572,
        "lon" : -122.0310929238,
        "time" : "20140615T213445-0700"
      }, {
        "lat" : 36.9725809429,
        "lon" : -122.0311106753,
        "time" : "20140615T213517-0700"
      }, {
        "lat" : 36.9725779517,
        "lon" : -122.0311254594,
        "time" : "20140615T213602-0700"
      }, {
        "lat" : 36.972588998,
        "lon" : -122.0311234596,
        "time" : "20140615T213630-0700"
      }, {
        "lat" : 36.9726589648,
        "lon" : -122.0310640617,
        "time" : "20140615T213649-0700"
      }, {
        "lat" : 36.9726668567,
        "lon" : -122.0310975155,
        "time" : "20140615T213704-0700"
      }, {
        "lat" : 36.9724128308,
        "lon" : -122.0320213836,
        "time" : "20140615T213719-0700"
      }, {
        "lat" : 36.9722415068,
        "lon" : -122.0345317317,
        "time" : "20140615T213748-0700"
      }, {
        "lat" : 36.9724610463,
        "lon" : -122.0351832536,
        "time" : "20140615T213804-0700"
      }, {
        "lat" : 36.9727265305,
        "lon" : -122.0350007184,
        "time" : "20140615T213833-0700"
      }, {
        "lat" : 36.9727265731,
        "lon" : -122.035000723,
        "time" : "20140615T213850-0700"
      }, {
        "lat" : 36.9727265731,
        "lon" : -122.035000723,
        "time" : "20140615T213907-0700"
      }, {
        "lat" : 36.9727265731,
        "lon" : -122.035000723,
        "time" : "20140615T213925-0700"
      }, {
        "lat" : 36.9727265731,
        "lon" : -122.035000723,
        "time" : "20140615T213943-0700"
      }, {
        "lat" : 36.9727265731,
        "lon" : -122.035000723,
        "time" : "20140615T214001-0700"
      }, {
        "lat" : 36.9727265731,
        "lon" : -122.035000723,
        "time" : "20140615T214018-0700"
      }, {
        "lat" : 36.9727265731,
        "lon" : -122.035000723,
        "time" : "20140615T214033-0700"
      }, {
        "lat" : 36.9727265731,
        "lon" : -122.035000723,
        "time" : "20140615T214050-0700"
      }, {
        "lat" : 36.9727265731,
        "lon" : -122.035000723,
        "time" : "20140615T214108-0700"
      }, {
        "lat" : 36.9727265731,
        "lon" : -122.035000723,
        "time" : "20140615T214126-0700"
      }, {
        "lat" : 36.9727265731,
        "lon" : -122.035000723,
        "time" : "20140615T214144-0700"
      }, {
        "lat" : 36.9727265731,
        "lon" : -122.035000723,
        "time" : "20140615T214201-0700"
      }, {
        "lat" : 36.9727797117,
        "lon" : -122.0350397503,
        "time" : "20140615T214227-0700"
      }, {
        "lat" : 36.9728111301,
        "lon" : -122.035107342,
        "time" : "20140615T214242-0700"
      }, {
        "lat" : 36.9740690316,
        "lon" : -122.0344020788,
        "time" : "20140615T214257-0700"
      }, {
        "lat" : 36.9751034288,
        "lon" : -122.0336840815,
        "time" : "20140615T214312-0700"
      }, {
        "lat" : 36.9760343772,
        "lon" : -122.0327659081,
        "time" : "20140615T214327-0700"
      }, {
        "lat" : 36.9774686483,
        "lon" : -122.0318039326,
        "time" : "20140615T214348-0700"
      }, {
        "lat" : 36.9804510773,
        "lon" : -122.032235787,
        "time" : "20140615T214408-0700"
      }, {
        "lat" : 36.9839429967,
        "lon" : -122.0305261629,
        "time" : "20140615T214436-0700"
      }, {
        "lat" : 36.9840402144,
        "lon" : -122.0303625916,
        "time" : "20140615T214452-0700"
      }, {
        "lat" : 36.9842436425,
        "lon" : -122.0300029826,
        "time" : "20140615T214507-0700"
      }, {
        "lat" : 36.9854123081,
        "lon" : -122.0262749363,
        "time" : "20140615T214530-0700"
      }, {
        "lat" : 36.9866676176,
        "lon" : -122.0232053253,
        "time" : "20140615T214546-0700"
      }, {
        "lat" : 36.990752983,
        "lon" : -122.0210431555,
        "time" : "20140615T214610-0700"
      }, {
        "lat" : 36.9941064101,
        "lon" : -122.0189793747,
        "time" : "20140615T214630-0700"
      }, {
        "lat" : 36.9972913678,
        "lon" : -122.0207020789,
        "time" : "20140615T214647-0700"
      }, {
        "lat" : 37.0021747281,
        "lon" : -122.0207372933,
        "time" : "20140615T214709-0700"
      }, {
        "lat" : 37.0077148153,
        "lon" : -122.0211690798,
        "time" : "20140615T214733-0700"
      }, {
        "lat" : 37.0132606009,
        "lon" : -122.0238808079,
        "time" : "20140615T214759-0700"
      }, {
        "lat" : 37.0172073103,
        "lon" : -122.0269802301,
        "time" : "20140615T214821-0700"
      }, {
        "lat" : 37.0227331919,
        "lon" : -122.0267075775,
        "time" : "20140615T214851-0700"
      }, {
        "lat" : 37.0258092897,
        "lon" : -122.0263712274,
        "time" : "20140615T214907-0700"
      }, {
        "lat" : 37.0288252339,
        "lon" : -122.0233357209,
        "time" : "20140615T214924-0700"
      }, {
        "lat" : 37.0333751773,
        "lon" : -122.0222495961,
        "time" : "20140615T214946-0700"
      }, {
        "lat" : 37.0360581814,
        "lon" : -122.0205062962,
        "time" : "20140615T215001-0700"
      }, {
        "lat" : 37.039389925,
        "lon" : -122.0171980202,
        "time" : "20140615T215021-0700"
      }, {
        "lat" : 37.0428685305,
        "lon" : -122.0158275329,
        "time" : "20140615T215037-0700"
      }, {
        "lat" : 37.0462320651,
        "lon" : -122.0139806982,
        "time" : "20140615T215052-0700"
      }, {
        "lat" : 37.0497943932,
        "lon" : -122.0112143462,
        "time" : "20140615T215109-0700"
      }, {
        "lat" : 37.0542825073,
        "lon" : -122.0081073423,
        "time" : "20140615T215129-0700"
      }, {
        "lat" : 37.0579477663,
        "lon" : -122.006202643,
        "time" : "20140615T215145-0700"
      }, {
        "lat" : 37.0624647885,
        "lon" : -122.003784544,
        "time" : "20140615T215206-0700"
      }, {
        "lat" : 37.0656017117,
        "lon" : -121.9996907357,
        "time" : "20140615T215227-0700"
      }, {
        "lat" : 37.0675615881,
        "lon" : -121.9962089,
        "time" : "20140615T215243-0700"
      }, {
        "lat" : 37.0721092872,
        "lon" : -121.990690421,
        "time" : "20140615T215314-0700"
      }, {
        "lat" : 37.0745178187,
        "lon" : -121.9884386036,
        "time" : "20140615T215329-0700"
      }, {
        "lat" : 37.0765411595,
        "lon" : -121.9847219408,
        "time" : "20140615T215347-0700"
      }, {
        "lat" : 37.0788866528,
        "lon" : -121.979350568,
        "time" : "20140615T215412-0700"
      }, {
        "lat" : 37.083738442,
        "lon" : -121.9769938873,
        "time" : "20140615T215443-0700"
      }, {
        "lat" : 37.0859619069,
        "lon" : -121.9786724746,
        "time" : "20140615T215459-0700"
      }, {
        "lat" : 37.0888891367,
        "lon" : -121.9777696591,
        "time" : "20140615T215517-0700"
      }, {
        "lat" : 37.0914804861,
        "lon" : -121.9782399064,
        "time" : "20140615T215537-0700"
      }, {
        "lat" : 37.0940528431,
        "lon" : -121.9778332797,
        "time" : "20140615T215552-0700"
      }, {
        "lat" : 37.0966022033,
        "lon" : -121.9754101066,
        "time" : "20140615T215610-0700"
      }, {
        "lat" : 37.099185077,
        "lon" : -121.9759006233,
        "time" : "20140615T215626-0700"
      }, {
        "lat" : 37.1035765806,
        "lon" : -121.976367996,
        "time" : "20140615T215651-0700"
      }, {
        "lat" : 37.1059769046,
        "lon" : -121.9749433306,
        "time" : "20140615T215709-0700"
      }, {
        "lat" : 37.1076938732,
        "lon" : -121.976964092,
        "time" : "20140615T215724-0700"
      }, {
        "lat" : 37.1109243731,
        "lon" : -121.9762402051,
        "time" : "20140615T215743-0700"
      }, {
        "lat" : 37.1135951955,
        "lon" : -121.9746079377,
        "time" : "20140615T215759-0700"
      }, {
        "lat" : 37.1158192585,
        "lon" : -121.9754247511,
        "time" : "20140615T215816-0700"
      }, {
        "lat" : 37.1196625624,
        "lon" : -121.9757935237,
        "time" : "20140615T215843-0700"
      }, {
        "lat" : 37.1218624357,
        "lon" : -121.9739312425,
        "time" : "20140615T215901-0700"
      }, {
        "lat" : 37.1252652589,
        "lon" : -121.9732120012,
        "time" : "20140615T215922-0700"
      }, {
        "lat" : 37.1272132793,
        "lon" : -121.9750205577,
        "time" : "20140615T215938-0700"
      }, {
        "lat" : 37.130252967,
        "lon" : -121.9781252528,
        "time" : "20140615T215959-0700"
      }, {
        "lat" : 37.1302543836,
        "lon" : -121.9781266997,
        "time" : "20140615T220000-0700"
      }, {
        "lat" : 37.1304714168,
        "lon" : -121.9783483744,
        "time" : "20140615T220001-0700"
      }, {
        "lat" : 37.1333294582,
        "lon" : -121.9813810186,
        "time" : "20140615T220021-0700"
      }, {
        "lat" : 37.1362014979,
        "lon" : -121.9842183745,
        "time" : "20140615T220043-0700"
      }, {
        "lat" : 37.1410555117,
        "lon" : -121.9849983428,
        "time" : "20140615T220108-0700"
      }, {
        "lat" : 37.1458724547,
        "lon" : -121.9851774583,
        "time" : "20140615T220136-0700"
      }, {
        "lat" : 37.1474107853,
        "lon" : -121.9877197793,
        "time" : "20140615T220152-0700"
      }, {
        "lat" : 37.1501740308,
        "lon" : -121.9854356949,
        "time" : "20140615T220210-0700"
      }, {
        "lat" : 37.1539661123,
        "lon" : -121.9854408702,
        "time" : "20140615T220230-0700"
      }, {
        "lat" : 37.1561182558,
        "lon" : -121.9829146826,
        "time" : "20140615T220248-0700"
      }, {
        "lat" : 37.1597179144,
        "lon" : -121.9838314871,
        "time" : "20140615T220313-0700"
      }, {
        "lat" : 37.1622507962,
        "lon" : -121.986150162,
        "time" : "20140615T220329-0700"
      }, {
        "lat" : 37.1625957228,
        "lon" : -121.9912868992,
        "time" : "20140615T220354-0700"
      }, {
        "lat" : 37.1646128166,
        "lon" : -121.989115189,
        "time" : "20140615T220415-0700"
      }, {
        "lat" : 37.1670221859,
        "lon" : -121.988522941,
        "time" : "20140615T220434-0700"
      }, {
        "lat" : 37.1699375428,
        "lon" : -121.9894909443,
        "time" : "20140615T220449-0700"
      }, {
        "lat" : 37.1727430043,
        "lon" : -121.9919452797,
        "time" : "20140615T220505-0700"
      }, {
        "lat" : 37.1750025008,
        "lon" : -121.9952265347,
        "time" : "20140615T220521-0700"
      }, {
        "lat" : 37.1790286635,
        "lon" : -121.9949325215,
        "time" : "20140615T220543-0700"
      }, {
        "lat" : 37.1824778806,
        "lon" : -121.9929329436,
        "time" : "20140615T220602-0700"
      }, {
        "lat" : 37.1854304895,
        "lon" : -121.9912788099,
        "time" : "20140615T220617-0700"
      }, {
        "lat" : 37.1887198665,
        "lon" : -121.9917329963,
        "time" : "20140615T220634-0700"
      }, {
        "lat" : 37.1914777158,
        "lon" : -121.993618882,
        "time" : "20140615T220650-0700"
      }, {
        "lat" : 37.1955235561,
        "lon" : -121.9935636822,
        "time" : "20140615T220711-0700"
      }, {
        "lat" : 37.1986174014,
        "lon" : -121.9928107015,
        "time" : "20140615T220726-0700"
      }, {
        "lat" : 37.2017427603,
        "lon" : -121.9921740533,
        "time" : "20140615T220743-0700"
      }, {
        "lat" : 37.2064958246,
        "lon" : -121.9903951744,
        "time" : "20140615T220808-0700"
      }, {
        "lat" : 37.2097197108,
        "lon" : -121.9897926596,
        "time" : "20140615T220825-0700"
      }, {
        "lat" : 37.2122026793,
        "lon" : -121.9883812196,
        "time" : "20140615T220842-0700"
      }, {
        "lat" : 37.2157244894,
        "lon" : -121.9882461684,
        "time" : "20140615T220904-0700"
      }, {
        "lat" : 37.2184171052,
        "lon" : -121.9868839454,
        "time" : "20140615T220921-0700"
      }, {
        "lat" : 37.220379861,
        "lon" : -121.9832619841,
        "time" : "20140615T220940-0700"
      }, {
        "lat" : 37.2221715507,
        "lon" : -121.9809280002,
        "time" : "20140615T220955-0700"
      }, {
        "lat" : 37.2243342584,
        "lon" : -121.9778261411,
        "time" : "20140615T221011-0700"
      }, {
        "lat" : 37.2275428634,
        "lon" : -121.9741466801,
        "time" : "20140615T221033-0700"
      }, {
        "lat" : 37.2307445553,
        "lon" : -121.9725764865,
        "time" : "20140615T221049-0700"
      }, {
        "lat" : 37.2348625708,
        "lon" : -121.970522046,
        "time" : "20140615T221108-0700"
      }, {
        "lat" : 37.2378273429,
        "lon" : -121.9690750588,
        "time" : "20140615T221123-0700"
      }, {
        "lat" : 37.2397246689,
        "lon" : -121.9679092489,
        "time" : "20140615T221139-0700"
      }, {
        "lat" : 37.2425251667,
        "lon" : -121.9649097938,
        "time" : "20140615T221159-0700"
      }, {
        "lat" : 37.2477255237,
        "lon" : -121.9602763585,
        "time" : "20140615T221227-0700"
      }, {
        "lat" : 37.2511737517,
        "lon" : -121.9584396943,
        "time" : "20140615T221245-0700"
      }, {
        "lat" : 37.2542925519,
        "lon" : -121.9567112455,
        "time" : "20140615T221301-0700"
      }, {
        "lat" : 37.2580294761,
        "lon" : -121.954090777,
        "time" : "20140615T221320-0700"
      }, {
        "lat" : 37.2642579064,
        "lon" : -121.9496067636,
        "time" : "20140615T221349-0700"
      }, {
        "lat" : 37.2708105639,
        "lon" : -121.9472800605,
        "time" : "20140615T221416-0700"
      }, {
        "lat" : 37.2779503784,
        "lon" : -121.9455248262,
        "time" : "20140615T221446-0700"
      }, {
        "lat" : 37.2826336667,
        "lon" : -121.9412411194,
        "time" : "20140615T221510-0700"
      }, {
        "lat" : 37.2856928338,
        "lon" : -121.9375441962,
        "time" : "20140615T221528-0700"
      }, {
        "lat" : 37.2901477637,
        "lon" : -121.9363238107,
        "time" : "20140615T221546-0700"
      }, {
        "lat" : 37.293985163,
        "lon" : -121.9380974194,
        "time" : "20140615T221602-0700"
      }, {
        "lat" : 37.2972440226,
        "lon" : -121.9397917672,
        "time" : "20140615T221617-0700"
      }, {
        "lat" : 37.3047866578,
        "lon" : -121.9405264464,
        "time" : "20140615T221648-0700"
      }, {
        "lat" : 37.3092306942,
        "lon" : -121.9404932651,
        "time" : "20140615T221708-0700"
      }, {
        "lat" : 37.3131077254,
        "lon" : -121.940435636,
        "time" : "20140615T221725-0700"
      }, {
        "lat" : 37.3173016521,
        "lon" : -121.9401827841,
        "time" : "20140615T221743-0700"
      }, {
        "lat" : 37.3224318232,
        "lon" : -121.9404512067,
        "time" : "20140615T221805-0700"
      }, {
        "lat" : 37.3263090577,
        "lon" : -121.9407188733,
        "time" : "20140615T221821-0700"
      }, {
        "lat" : 37.3305984173,
        "lon" : -121.9403420584,
        "time" : "20140615T221838-0700"
      }, {
        "lat" : 37.3337482178,
        "lon" : -121.9372611548,
        "time" : "20140615T221855-0700"
      }, {
        "lat" : 37.3369422046,
        "lon" : -121.9330167307,
        "time" : "20140615T221914-0700"
      }, {
        "lat" : 37.3421423264,
        "lon" : -121.9263772107,
        "time" : "20140615T221942-0700"
      }, {
        "lat" : 37.3452434698,
        "lon" : -121.9230327426,
        "time" : "20140615T221959-0700"
      }, {
        "lat" : 37.3487165944,
        "lon" : -121.9182459825,
        "time" : "20140615T222021-0700"
      }, {
        "lat" : 37.3517246439,
        "lon" : -121.9140648067,
        "time" : "20140615T222041-0700"
      }, {
        "lat" : 37.3547686539,
        "lon" : -121.9106994288,
        "time" : "20140615T222059-0700"
      }, {
        "lat" : 37.3596688876,
        "lon" : -121.9057190238,
        "time" : "20140615T222126-0700"
      }, {
        "lat" : 37.3646124609,
        "lon" : -121.9015367289,
        "time" : "20140615T222150-0700"
      }, {
        "lat" : 37.3690761082,
        "lon" : -121.9011898857,
        "time" : "20140615T222209-0700"
      }, {
        "lat" : 37.3749705117,
        "lon" : -121.9025554684,
        "time" : "20140615T222233-0700"
      }, {
        "lat" : 37.37893916,
        "lon" : -121.9034879451,
        "time" : "20140615T222249-0700"
      }, {
        "lat" : 37.3830691698,
        "lon" : -121.9044915981,
        "time" : "20140615T222305-0700"
      }, {
        "lat" : 37.3881474605,
        "lon" : -121.9056672788,
        "time" : "20140615T222325-0700"
      }, {
        "lat" : 37.3922203446,
        "lon" : -121.9066294735,
        "time" : "20140615T222341-0700"
      }, {
        "lat" : 37.3975198518,
        "lon" : -121.9078383606,
        "time" : "20140615T222403-0700"
      }, {
        "lat" : 37.4034191325,
        "lon" : -121.9092972507,
        "time" : "20140615T222427-0700"
      }, {
        "lat" : 37.4107860939,
        "lon" : -121.9112551786,
        "time" : "20140615T222457-0700"
      }, {
        "lat" : 37.4147507383,
        "lon" : -121.9126057224,
        "time" : "20140615T222513-0700"
      }, {
        "lat" : 37.4192665202,
        "lon" : -121.9141177953,
        "time" : "20140615T222531-0700"
      }, {
        "lat" : 37.4232037042,
        "lon" : -121.9154691886,
        "time" : "20140615T222547-0700"
      }, {
        "lat" : 37.427034163,
        "lon" : -121.9167558238,
        "time" : "20140615T222604-0700"
      }, {
        "lat" : 37.4306995002,
        "lon" : -121.9183113613,
        "time" : "20140615T222621-0700"
      }, {
        "lat" : 37.4345528657,
        "lon" : -121.9188917759,
        "time" : "20140615T222638-0700"
      }, {
        "lat" : 37.438370973,
        "lon" : -121.9195642414,
        "time" : "20140615T222654-0700"
      }, {
        "lat" : 37.4427809792,
        "lon" : -121.9204847298,
        "time" : "20140615T222712-0700"
      }, {
        "lat" : 37.4486217604,
        "lon" : -121.9216681784,
        "time" : "20140615T222735-0700"
      }, {
        "lat" : 37.4544963308,
        "lon" : -121.9228304145,
        "time" : "20140615T222758-0700"
      }, {
        "lat" : 37.4590700201,
        "lon" : -121.9239939346,
        "time" : "20140615T222816-0700"
      }, {
        "lat" : 37.4626466636,
        "lon" : -121.9257131806,
        "time" : "20140615T222831-0700"
      }, {
        "lat" : 37.4664716475,
        "lon" : -121.9276403663,
        "time" : "20140615T222847-0700"
      }, {
        "lat" : 37.470459977,
        "lon" : -121.9297008824,
        "time" : "20140615T222905-0700"
      }, {
        "lat" : 37.4740202,
        "lon" : -121.9313335413,
        "time" : "20140615T222921-0700"
      }, {
        "lat" : 37.4772459521,
        "lon" : -121.9329933311,
        "time" : "20140615T222936-0700"
      }, {
        "lat" : 37.4809846281,
        "lon" : -121.9347583532,
        "time" : "20140615T222954-0700"
      }, {
        "lat" : 37.4840323233,
        "lon" : -121.9371451121,
        "time" : "20140615T223010-0700"
      }, {
        "lat" : 37.4865413492,
        "lon" : -121.9403348719,
        "time" : "20140615T223026-0700"
      }, {
        "lat" : 37.489868296,
        "lon" : -121.9447069972,
        "time" : "20140615T223048-0700"
      }, {
        "lat" : 37.4928731555,
        "lon" : -121.9486822037,
        "time" : "20140615T223107-0700"
      }, {
        "lat" : 37.4973473456,
        "lon" : -121.9544584367,
        "time" : "20140615T223136-0700"
      }, {
        "lat" : 37.50017411,
        "lon" : -121.958061712,
        "time" : "20140615T223153-0700"
      }, {
        "lat" : 37.5027343552,
        "lon" : -121.9615255328,
        "time" : "20140615T223209-0700"
      }, {
        "lat" : 37.5052223507,
        "lon" : -121.9646149369,
        "time" : "20140615T223225-0700"
      }, {
        "lat" : 37.5085819799,
        "lon" : -121.9687158556,
        "time" : "20140615T223244-0700"
      }, {
        "lat" : 37.5115891837,
        "lon" : -121.972456301,
        "time" : "20140615T223303-0700"
      }, {
        "lat" : 37.5140335964,
        "lon" : -121.9754551793,
        "time" : "20140615T223319-0700"
      }, {
        "lat" : 37.5181397831,
        "lon" : -121.9805662476,
        "time" : "20140615T223346-0700"
      }, {
        "lat" : 37.5217563382,
        "lon" : -121.9858210492,
        "time" : "20140615T223411-0700"
      }, {
        "lat" : 37.5238227124,
        "lon" : -121.989940412,
        "time" : "20140615T223427-0700"
      }, {
        "lat" : 37.5269143908,
        "lon" : -121.9962845418,
        "time" : "20140615T223453-0700"
      }, {
        "lat" : 37.5288938417,
        "lon" : -122.0002214642,
        "time" : "20140615T223509-0700"
      }, {
        "lat" : 37.5308601194,
        "lon" : -122.0038642783,
        "time" : "20140615T223524-0700"
      }, {
        "lat" : 37.5338407677,
        "lon" : -122.0094084543,
        "time" : "20140615T223546-0700"
      }, {
        "lat" : 37.5360761827,
        "lon" : -122.013439042,
        "time" : "20140615T223603-0700"
      }, {
        "lat" : 37.5391580348,
        "lon" : -122.0170823511,
        "time" : "20140615T223622-0700"
      }, {
        "lat" : 37.5423256732,
        "lon" : -122.0194896495,
        "time" : "20140615T223638-0700"
      }, {
        "lat" : 37.5456696977,
        "lon" : -122.022033853,
        "time" : "20140615T223655-0700"
      }, {
        "lat" : 37.5490521682,
        "lon" : -122.0245978547,
        "time" : "20140615T223711-0700"
      }, {
        "lat" : 37.5541390418,
        "lon" : -122.0284346922,
        "time" : "20140615T223736-0700"
      }, {
        "lat" : 37.5572007809,
        "lon" : -122.0314565293,
        "time" : "20140615T223752-0700"
      }, {
        "lat" : 37.5600930032,
        "lon" : -122.0345304445,
        "time" : "20140615T223807-0700"
      }, {
        "lat" : 37.5627842306,
        "lon" : -122.0374521469,
        "time" : "20140615T223823-0700"
      }, {
        "lat" : 37.5653550257,
        "lon" : -122.0402433453,
        "time" : "20140615T223839-0700"
      }, {
        "lat" : 37.5692296083,
        "lon" : -122.0442077121,
        "time" : "20140615T223903-0700"
      }, {
        "lat" : 37.5722627032,
        "lon" : -122.045926323,
        "time" : "20140615T223918-0700"
      }, {
        "lat" : 37.5760453353,
        "lon" : -122.0472662212,
        "time" : "20140615T223935-0700"
      }, {
        "lat" : 37.5823080412,
        "lon" : -122.0495222731,
        "time" : "20140615T224002-0700"
      }, {
        "lat" : 37.5860080733,
        "lon" : -122.0517117665,
        "time" : "20140615T224019-0700"
      }, {
        "lat" : 37.5904909416,
        "lon" : -122.054923438,
        "time" : "20140615T224041-0700"
      }, {
        "lat" : 37.593548104,
        "lon" : -122.0571330701,
        "time" : "20140615T224056-0700"
      }, {
        "lat" : 37.5968330934,
        "lon" : -122.0594794985,
        "time" : "20140615T224112-0700"
      }, {
        "lat" : 37.6003954554,
        "lon" : -122.0620513969,
        "time" : "20140615T224129-0700"
      }, {
        "lat" : 37.6036537661,
        "lon" : -122.0643042772,
        "time" : "20140615T224145-0700"
      }, {
        "lat" : 37.6094119859,
        "lon" : -122.0684747894,
        "time" : "20140615T224212-0700"
      }, {
        "lat" : 37.6128572014,
        "lon" : -122.0709306578,
        "time" : "20140615T224228-0700"
      }, {
        "lat" : 37.6174567857,
        "lon" : -122.0742281066,
        "time" : "20140615T224249-0700"
      }, {
        "lat" : 37.6206787176,
        "lon" : -122.0765440878,
        "time" : "20140615T224305-0700"
      }, {
        "lat" : 37.6257637135,
        "lon" : -122.0801473193,
        "time" : "20140615T224330-0700"
      }, {
        "lat" : 37.6314519963,
        "lon" : -122.0841876722,
        "time" : "20140615T224359-0700"
      }, {
        "lat" : 37.6349975592,
        "lon" : -122.0867343466,
        "time" : "20140615T224417-0700"
      }, {
        "lat" : 37.6404770691,
        "lon" : -122.0906604566,
        "time" : "20140615T224441-0700"
      }, {
        "lat" : 37.6437275266,
        "lon" : -122.0929967836,
        "time" : "20140615T224457-0700"
      }, {
        "lat" : 37.6470650386,
        "lon" : -122.0953801695,
        "time" : "20140615T224513-0700"
      }, {
        "lat" : 37.65267669,
        "lon" : -122.0990922648,
        "time" : "20140615T224539-0700"
      }, {
        "lat" : 37.6578416248,
        "lon" : -122.1023147461,
        "time" : "20140615T224604-0700"
      }, {
        "lat" : 37.6640049004,
        "lon" : -122.106070835,
        "time" : "20140615T224632-0700"
      }, {
        "lat" : 37.6689760488,
        "lon" : -122.1091744535,
        "time" : "20140615T224654-0700"
      }, {
        "lat" : 37.6731308207,
        "lon" : -122.11246502,
        "time" : "20140615T224713-0700"
      }, {
        "lat" : 37.6760528802,
        "lon" : -122.1163663124,
        "time" : "20140615T224730-0700"
      }, {
        "lat" : 37.6787680507,
        "lon" : -122.1205031685,
        "time" : "20140615T224747-0700"
      }, {
        "lat" : 37.6839164571,
        "lon" : -122.1279179971,
        "time" : "20140615T224818-0700"
      }, {
        "lat" : 37.6869911551,
        "lon" : -122.1324138927,
        "time" : "20140615T224837-0700"
      }, {
        "lat" : 37.6898812321,
        "lon" : -122.1366148213,
        "time" : "20140615T224855-0700"
      }, {
        "lat" : 37.6936366514,
        "lon" : -122.1419979953,
        "time" : "20140615T224918-0700"
      }, {
        "lat" : 37.697462531,
        "lon" : -122.1475835878,
        "time" : "20140615T224944-0700"
      }, {
        "lat" : 37.7000008689,
        "lon" : -122.1512121291,
        "time" : "20140615T225001-0700"
      }, {
        "lat" : 37.702516332,
        "lon" : -122.154856452,
        "time" : "20140615T225017-0700"
      }, {
        "lat" : 37.7057932674,
        "lon" : -122.1595684665,
        "time" : "20140615T225037-0700"
      }, {
        "lat" : 37.7096252149,
        "lon" : -122.165152599,
        "time" : "20140615T225101-0700"
      }, {
        "lat" : 37.7124445154,
        "lon" : -122.1692203124,
        "time" : "20140615T225120-0700"
      }, {
        "lat" : 37.7164543961,
        "lon" : -122.1739155446,
        "time" : "20140615T225143-0700"
      }, {
        "lat" : 37.7202706111,
        "lon" : -122.1777661987,
        "time" : "20140615T225202-0700"
      }, {
        "lat" : 37.723113481,
        "lon" : -122.1807062383,
        "time" : "20140615T225217-0700"
      }, {
        "lat" : 37.7262457232,
        "lon" : -122.1837295722,
        "time" : "20140615T225233-0700"
      }, {
        "lat" : 37.7290999048,
        "lon" : -122.1861712512,
        "time" : "20140615T225249-0700"
      }, {
        "lat" : 37.7332780184,
        "lon" : -122.1897799764,
        "time" : "20140615T225312-0700"
      }, {
        "lat" : 37.7362653192,
        "lon" : -122.1923827437,
        "time" : "20140615T225328-0700"
      }, {
        "lat" : 37.7392180034,
        "lon" : -122.1949248922,
        "time" : "20140615T225343-0700"
      }, {
        "lat" : 37.7423719973,
        "lon" : -122.1977712943,
        "time" : "20140615T225359-0700"
      }, {
        "lat" : 37.747199584,
        "lon" : -122.2019812521,
        "time" : "20140615T225424-0700"
      }, {
        "lat" : 37.7517280492,
        "lon" : -122.2059612812,
        "time" : "20140615T225447-0700"
      }, {
        "lat" : 37.75519047,
        "lon" : -122.2090166494,
        "time" : "20140615T225505-0700"
      }, {
        "lat" : 37.7592293661,
        "lon" : -122.2125170933,
        "time" : "20140615T225525-0700"
      }, {
        "lat" : 37.7637905653,
        "lon" : -122.2165913785,
        "time" : "20140615T225547-0700"
      }, {
        "lat" : 37.7678402365,
        "lon" : -122.219836041,
        "time" : "20140615T225606-0700"
      }, {
        "lat" : 37.7713642401,
        "lon" : -122.2229930619,
        "time" : "20140615T225624-0700"
      }, {
        "lat" : 37.7730267976,
        "lon" : -122.2271989696,
        "time" : "20140615T225640-0700"
      }, {
        "lat" : 37.7746243511,
        "lon" : -122.2318844906,
        "time" : "20140615T225658-0700"
      }, {
        "lat" : 37.7776858048,
        "lon" : -122.2370210076,
        "time" : "20140615T225719-0700"
      }, {
        "lat" : 37.7817605625,
        "lon" : -122.2387285388,
        "time" : "20140615T225736-0700"
      }, {
        "lat" : 37.7851419637,
        "lon" : -122.2430806669,
        "time" : "20140615T225756-0700"
      }, {
        "lat" : 37.7874846269,
        "lon" : -122.2478267188,
        "time" : "20140615T225814-0700"
      }, {
        "lat" : 37.7892166151,
        "lon" : -122.253923953,
        "time" : "20140615T225835-0700"
      }, {
        "lat" : 37.7908074629,
        "lon" : -122.260579671,
        "time" : "20140615T225859-0700"
      }, {
        "lat" : 37.7934410466,
        "lon" : -122.2639143578,
        "time" : "20140615T225916-0700"
      }, {
        "lat" : 37.7957498278,
        "lon" : -122.2675988243,
        "time" : "20140615T225936-0700"
      }, {
        "lat" : 37.7969933702,
        "lon" : -122.2707607196,
        "time" : "20140615T225951-0700"
      }, {
        "lat" : 37.7977831895,
        "lon" : -122.2727539641,
        "time" : "20140615T225959-0700"
      }, {
        "lat" : 37.7977841394,
        "lon" : -122.2727563615,
        "time" : "20140615T230000-0700"
      }, {
        "lat" : 37.7990832377,
        "lon" : -122.276034859,
        "time" : "20140615T230013-0700"
      }, {
        "lat" : 37.8008119786,
        "lon" : -122.2804473632,
        "time" : "20140615T230030-0700"
      }, {
        "lat" : 37.8024144922,
        "lon" : -122.2845119778,
        "time" : "20140615T230046-0700"
      }, {
        "lat" : 37.80313175,
        "lon" : -122.2887361719,
        "time" : "20140615T230102-0700"
      }, {
        "lat" : 37.8026051269,
        "lon" : -122.2928875839,
        "time" : "20140615T230117-0700"
      }, {
        "lat" : 37.8024933979,
        "lon" : -122.2989319085,
        "time" : "20140615T230138-0700"
      }, {
        "lat" : 37.8044445184,
        "lon" : -122.3025947133,
        "time" : "20140615T230154-0700"
      }, {
        "lat" : 37.8072987105,
        "lon" : -122.3043722338,
        "time" : "20140615T230210-0700"
      }, {
        "lat" : 37.8109721806,
        "lon" : -122.303987951,
        "time" : "20140615T230227-0700"
      }, {
        "lat" : 37.81565005,
        "lon" : -122.2984511517,
        "time" : "20140615T230257-0700"
      }, {
        "lat" : 37.8196906529,
        "lon" : -122.2941231993,
        "time" : "20140615T230321-0700"
      }, {
        "lat" : 37.8245281896,
        "lon" : -122.2909078486,
        "time" : "20140615T230346-0700"
      }, {
        "lat" : 37.8283849932,
        "lon" : -122.2924248828,
        "time" : "20140615T230406-0700"
      }, {
        "lat" : 37.8333775306,
        "lon" : -122.2942390173,
        "time" : "20140615T230429-0700"
      }, {
        "lat" : 37.8371131208,
        "lon" : -122.2962140406,
        "time" : "20140615T230447-0700"
      }, {
        "lat" : 37.8410316794,
        "lon" : -122.2969542773,
        "time" : "20140615T230504-0700"
      }, {
        "lat" : 37.8444112719,
        "lon" : -122.2976365566,
        "time" : "20140615T230520-0700"
      }, {
        "lat" : 37.8489203542,
        "lon" : -122.2960825763,
        "time" : "20140615T230550-0700"
      }, {
        "lat" : 37.85047628,
        "lon" : -122.2921730215,
        "time" : "20140615T230615-0700"
      }, {
        "lat" : 37.8512932889,
        "lon" : -122.2902390078,
        "time" : "20140615T230631-0700"
      }, {
        "lat" : 37.85177533,
        "lon" : -122.2882171154,
        "time" : "20140615T230647-0700"
      }, {
        "lat" : 37.8519919228,
        "lon" : -122.2869148239,
        "time" : "20140615T230708-0700"
      }, {
        "lat" : 37.8520066504,
        "lon" : -122.2868693122,
        "time" : "20140615T230725-0700"
      }, {
        "lat" : 37.8523294816,
        "lon" : -122.2855630383,
        "time" : "20140615T230744-0700"
      }, {
        "lat" : 37.8526925486,
        "lon" : -122.2838833496,
        "time" : "20140615T230805-0700"
      }, {
        "lat" : 37.8527688089,
        "lon" : -122.2834930256,
        "time" : "20140615T230821-0700"
      }, {
        "lat" : 37.8532503326,
        "lon" : -122.2796818315,
        "time" : "20140615T230846-0700"
      }, {
        "lat" : 37.8538322376,
        "lon" : -122.2770170021,
        "time" : "20140615T230912-0700"
      }, {
        "lat" : 37.855264928,
        "lon" : -122.2773346115,
        "time" : "20140615T230939-0700"
      }, {
        "lat" : 37.8549984269,
        "lon" : -122.2788536434,
        "time" : "20140615T231001-0700"
      }, {
        "lat" : 37.8552299807,
        "lon" : -122.2793820801,
        "time" : "20140615T231016-0700"
      }, {
        "lat" : 37.8558905598,
        "lon" : -122.2795272746,
        "time" : "20140615T231032-0700"
      }, {
        "lat" : 37.8575904124,
        "lon" : -122.2798786575,
        "time" : "20140615T231053-0700"
      }, {
        "lat" : 37.8592156023,
        "lon" : -122.280222553,
        "time" : "20140615T231110-0700"
      }, {
        "lat" : 37.8610642429,
        "lon" : -122.2806290344,
        "time" : "20140615T231127-0700"
      }, {
        "lat" : 37.86323235,
        "lon" : -122.2811998723,
        "time" : "20140615T231148-0700"
      }, {
        "lat" : 37.8639594009,
        "lon" : -122.2817845124,
        "time" : "20140615T231208-0700"
      }, {
        "lat" : 37.8641063281,
        "lon" : -122.2823434343,
        "time" : "20140615T231223-0700"
      }, {
        "lat" : 37.8651493645,
        "lon" : -122.282029798,
        "time" : "20140615T231238-0700"
      } ]
    } ],
    "lastUpdate" : "20140616T084444Z"
  }, {
    "type" : "place",
    "startTime" : "20140615T231238-0700",
    "endTime" : "20140616T001431-0700",
    "place" : {
      "id" : 72187887,
      "name" : "Home",
      "type" : "home",
      "location" : {
        "lat" : 37.8651493645,
        "lon" : -122.282029798
      }
    },
    "activities" : [ {
      "activity" : "walking",
      "group" : "walking",
      "manual" : false,
      "startTime" : "20140615T231835-0700",
      "endTime" : "20140615T231905-0700",
      "duration" : 30.0,
      "distance" : 30.0,
      "steps" : 61,
      "trackPoints" : [ ]
    } ],
    "lastUpdate" : "20140617T021359Z"
  } ],
  "lastUpdate" : "20140617T021359Z"
} ]