[ {
  "date" : "20140629",
  "summary" : [ {
    "activity" : "transport",
    "group" : "transport",
    "duration" : 4477.0,
    "distance" : 76553.0
  }, {
    "activity" : "walking",
    "group" : "walking",
    "duration" : 1816.0,
    "distance" : 2042.0,
    "steps" : 2249
  } ],
  "segments" : [ {
    "type" : "place",
    "startTime" : "20140628T163026-0700",
    "endTime" : "20140629T160533-0700",
    "place" : {
      "id" : 81375678,
      "name" : "Home",
      "type" : "home",
      "location" : {
        "lat" : 37.403213609,
        "lon" : -122.0854344467
      }
    },
    "lastUpdate" : "20140703T200713Z"
  }, {
    "type" : "move",
    "startTime" : "20140629T160533-0700",
    "endTime" : "20140629T162213-0700",
    "activities" : [ {
      "activity" : "transport",
      "group" : "transport",
      "manual" : false,
      "startTime" : "20140629T160533-0700",
      "endTime" : "20140629T162213-0700",
      "duration" : 1000.0,
      "distance" : 1338.0,
      "trackPoints" : [ {
        "lat" : 37.403213609,
        "lon" : -122.0854344467,
        "time" : "20140629T160533-0700"
      }, {
        "lat" : 37.3997856264,
        "lon" : -122.0729944275,
        "time" : "20140629T162213-0700"
      } ]
    } ],
    "lastUpdate" : "20140630T234810Z"
  }, {
    "type" : "place",
    "startTime" : "20140629T162213-0700",
    "endTime" : "20140629T163113-0700",
    "place" : {
      "id" : 81645822,
      "type" : "unknown",
      "location" : {
        "lat" : 37.403213609,
        "lon" : -122.0854344467
      }
    },
    "lastUpdate" : "20140630T234810Z"
  }, {
    "type" : "move",
    "startTime" : "20140629T163113-0700",
    "endTime" : "20140629T165051-0700",
    "activities" : [ {
      "activity" : "transport",
      "group" : "transport",
      "manual" : false,
      "startTime" : "20140629T163113-0700",
      "endTime" : "20140629T164635-0700",
      "duration" : 922.0,
      "distance" : 5577.0,
      "trackPoints" : [ {
        "lat" : 37.3997856264,
        "lon" : -122.0729944275,
        "time" : "20140629T163113-0700"
      }, {
        "lat" : 37.4119601591,
        "lon" : -122.0775632865,
        "time" : "20140629T163415-0700"
      }, {
        "lat" : 37.414527897,
        "lon" : -122.0828746224,
        "time" : "20140629T163436-0700"
      }, {
        "lat" : 37.4182803312,
        "lon" : -122.0884327117,
        "time" : "20140629T163500-0700"
      }, {
        "lat" : 37.4212904467,
        "lon" : -122.0919355289,
        "time" : "20140629T163518-0700"
      }, {
        "lat" : 37.4221806962,
        "lon" : -122.0922587353,
        "time" : "20140629T163536-0700"
      }, {
        "lat" : 37.4203310027,
        "lon" : -122.092841632,
        "time" : "20140629T163552-0700"
      }, {
        "lat" : 37.419657618,
        "lon" : -122.0931747796,
        "time" : "20140629T163611-0700"
      }, {
        "lat" : 37.4196809134,
        "lon" : -122.0931627617,
        "time" : "20140629T163628-0700"
      }, {
        "lat" : 37.4180693986,
        "lon" : -122.0931297077,
        "time" : "20140629T163657-0700"
      }, {
        "lat" : 37.4147104068,
        "lon" : -122.0926924913,
        "time" : "20140629T163727-0700"
      }, {
        "lat" : 37.4144987973,
        "lon" : -122.0923963786,
        "time" : "20140629T163744-0700"
      }, {
        "lat" : 37.4143085569,
        "lon" : -122.0896698131,
        "time" : "20140629T163807-0700"
      }, {
        "lat" : 37.4141334965,
        "lon" : -122.08965265,
        "time" : "20140629T163828-0700"
      }, {
        "lat" : 37.4141256839,
        "lon" : -122.0896792482,
        "time" : "20140629T163845-0700"
      }, {
        "lat" : 37.414490119,
        "lon" : -122.092363386,
        "time" : "20140629T164234-0700"
      }, {
        "lat" : 37.4180265071,
        "lon" : -122.0932144737,
        "time" : "20140629T164304-0700"
      }, {
        "lat" : 37.4204624888,
        "lon" : -122.0936343291,
        "time" : "20140629T164635-0700"
      } ]
    }, {
      "activity" : "walking",
      "group" : "walking",
      "manual" : false,
      "startTime" : "20140629T164635-0700",
      "endTime" : "20140629T165051-0700",
      "duration" : 256.0,
      "distance" : 235.0,
      "steps" : 376,
      "trackPoints" : [ {
        "lat" : 37.4204624888,
        "lon" : -122.0936343291,
        "time" : "20140629T164635-0700"
      }, {
        "lat" : 37.4204323506,
        "lon" : -122.093884698,
        "time" : "20140629T164654-0700"
      }, {
        "lat" : 37.420457585,
        "lon" : -122.0941442487,
        "time" : "20140629T164713-0700"
      }, {
        "lat" : 37.4205017785,
        "lon" : -122.0948032131,
        "time" : "20140629T165021-0700"
      }, {
        "lat" : 37.4209035824,
        "lon" : -122.0958944795,
        "time" : "20140629T165051-0700"
      } ]
    } ],
    "lastUpdate" : "20140630T234810Z"
  }, {
    "type" : "place",
    "startTime" : "20140629T165051-0700",
    "endTime" : "20140629T173133-0700",
    "place" : {
      "id" : 81375679,
      "type" : "unknown",
      "location" : {
        "lat" : 37.4209035824,
        "lon" : -122.0958944795
      }
    },
    "activities" : [ {
      "activity" : "walking",
      "group" : "walking",
      "manual" : false,
      "startTime" : "20140629T165505-0700",
      "endTime" : "20140629T165705-0700",
      "duration" : 120.0,
      "distance" : 144.0,
      "steps" : 192,
      "trackPoints" : [ ]
    }, {
      "activity" : "walking",
      "group" : "walking",
      "manual" : false,
      "startTime" : "20140629T170006-0700",
      "endTime" : "20140629T170036-0700",
      "duration" : 30.0,
      "distance" : 20.0,
      "steps" : 41,
      "trackPoints" : [ ]
    } ],
    "lastUpdate" : "20140630T234817Z"
  }, {
    "type" : "move",
    "startTime" : "20140629T173133-0700",
    "endTime" : "20140629T181408-0700",
    "activities" : [ {
      "activity" : "transport",
      "group" : "transport",
      "manual" : false,
      "startTime" : "20140629T173133-0700",
      "endTime" : "20140629T181408-0700",
      "duration" : 2555.0,
      "distance" : 69638.0,
      "trackPoints" : [ {
        "lat" : 37.4209035824,
        "lon" : -122.0958944795,
        "time" : "20140629T173133-0700"
      }, {
        "lat" : 37.4621456072,
        "lon" : -122.1404104852,
        "time" : "20140629T173540-0700"
      }, {
        "lat" : 37.4626783169,
        "lon" : -122.1406535424,
        "time" : "20140629T173602-0700"
      }, {
        "lat" : 37.4628485548,
        "lon" : -122.1417271942,
        "time" : "20140629T173619-0700"
      }, {
        "lat" : 37.4833770092,
        "lon" : -122.1404721377,
        "time" : "20140629T173939-0700"
      }, {
        "lat" : 37.4867921488,
        "lon" : -122.1420838485,
        "time" : "20140629T174004-0700"
      }, {
        "lat" : 37.4890641524,
        "lon" : -122.1396072421,
        "time" : "20140629T174020-0700"
      }, {
        "lat" : 37.5305486814,
        "lon" : -122.0926430595,
        "time" : "20140629T174349-0700"
      }, {
        "lat" : 37.5325650843,
        "lon" : -122.087513181,
        "time" : "20140629T174405-0700"
      }, {
        "lat" : 37.5336859969,
        "lon" : -122.0805843232,
        "time" : "20140629T174424-0700"
      }, {
        "lat" : 37.5637095201,
        "lon" : -122.0383319078,
        "time" : "20140629T174739-0700"
      }, {
        "lat" : 37.5658605536,
        "lon" : -122.0406898787,
        "time" : "20140629T174755-0700"
      }, {
        "lat" : 37.5685627562,
        "lon" : -122.0435572918,
        "time" : "20140629T174811-0700"
      }, {
        "lat" : 37.5725521565,
        "lon" : -122.0461228378,
        "time" : "20140629T174828-0700"
      }, {
        "lat" : 37.6216514968,
        "lon" : -122.0772484693,
        "time" : "20140629T175139-0700"
      }, {
        "lat" : 37.6260447527,
        "lon" : -122.0803900861,
        "time" : "20140629T175156-0700"
      }, {
        "lat" : 37.6332180667,
        "lon" : -122.0855459751,
        "time" : "20140629T175223-0700"
      }, {
        "lat" : 37.6842008364,
        "lon" : -122.1285585029,
        "time" : "20140629T175554-0700"
      }, {
        "lat" : 37.6872035054,
        "lon" : -122.1329732457,
        "time" : "20140629T175610-0700"
      }, {
        "lat" : 37.6903228477,
        "lon" : -122.1375357154,
        "time" : "20140629T175627-0700"
      }, {
        "lat" : 37.7337931082,
        "lon" : -122.190294926,
        "time" : "20140629T175946-0700"
      }, {
        "lat" : 37.7370589286,
        "lon" : -122.1932038154,
        "time" : "20140629T175959-0700"
      }, {
        "lat" : 37.7370613558,
        "lon" : -122.1932059773,
        "time" : "20140629T180000-0700"
      }, {
        "lat" : 37.7388417555,
        "lon" : -122.194791792,
        "time" : "20140629T180007-0700"
      }, {
        "lat" : 37.7442590831,
        "lon" : -122.1996823337,
        "time" : "20140629T180031-0700"
      }, {
        "lat" : 37.7658435257,
        "lon" : -122.218409568,
        "time" : "20140629T180203-0700"
      }, {
        "lat" : 37.7698937078,
        "lon" : -122.2213159577,
        "time" : "20140629T180219-0700"
      }, {
        "lat" : 37.772912715,
        "lon" : -122.227203476,
        "time" : "20140629T180239-0700"
      }, {
        "lat" : 37.7750113942,
        "lon" : -122.2332749215,
        "time" : "20140629T180258-0700"
      }, {
        "lat" : 37.7780700155,
        "lon" : -122.2373580464,
        "time" : "20140629T180315-0700"
      }, {
        "lat" : 37.7838571651,
        "lon" : -122.2409412562,
        "time" : "20140629T180339-0700"
      }, {
        "lat" : 37.78638119,
        "lon" : -122.2455924717,
        "time" : "20140629T180355-0700"
      }, {
        "lat" : 37.7888318579,
        "lon" : -122.2523778319,
        "time" : "20140629T180415-0700"
      }, {
        "lat" : 37.7916447882,
        "lon" : -122.2615947807,
        "time" : "20140629T180444-0700"
      }, {
        "lat" : 37.7950579947,
        "lon" : -122.2660469845,
        "time" : "20140629T180504-0700"
      }, {
        "lat" : 37.7967902274,
        "lon" : -122.2703537466,
        "time" : "20140629T180519-0700"
      }, {
        "lat" : 37.7984001408,
        "lon" : -122.2743604238,
        "time" : "20140629T180537-0700"
      }, {
        "lat" : 37.8007456668,
        "lon" : -122.279409296,
        "time" : "20140629T180558-0700"
      }, {
        "lat" : 37.8066410245,
        "lon" : -122.2780088935,
        "time" : "20140629T180628-0700"
      }, {
        "lat" : 37.8099813319,
        "lon" : -122.2757366915,
        "time" : "20140629T180644-0700"
      }, {
        "lat" : 37.8407522671,
        "lon" : -122.2698565792,
        "time" : "20140629T181025-0700"
      }, {
        "lat" : 37.8431831448,
        "lon" : -122.2703615301,
        "time" : "20140629T181043-0700"
      }, {
        "lat" : 37.8442360179,
        "lon" : -122.2705450093,
        "time" : "20140629T181109-0700"
      }, {
        "lat" : 37.8570077152,
        "lon" : -122.2674757673,
        "time" : "20140629T181408-0700"
      } ]
    } ],
    "lastUpdate" : "20140630T234817Z"
  }, {
    "type" : "place",
    "startTime" : "20140629T181408-0700",
    "endTime" : "20140629T184931-0700",
    "place" : {
      "id" : 81645854,
      "type" : "unknown",
      "location" : {
        "lat" : 37.8570077158,
        "lon" : -122.2674757688
      }
    },
    "activities" : [ {
      "activity" : "walking",
      "group" : "walking",
      "manual" : false,
      "startTime" : "20140629T181550-0700",
      "endTime" : "20140629T181850-0700",
      "duration" : 180.0,
      "distance" : 251.0,
      "steps" : 335,
      "trackPoints" : [ ]
    } ],
    "lastUpdate" : "20140630T234822Z"
  }, {
    "type" : "move",
    "startTime" : "20140629T184931-0700",
    "endTime" : "20140629T190701-0700",
    "activities" : [ {
      "activity" : "walking",
      "group" : "walking",
      "manual" : false,
      "startTime" : "20140629T184931-0700",
      "endTime" : "20140629T190701-0700",
      "duration" : 1050.0,
      "distance" : 1260.0,
      "steps" : 1049,
      "trackPoints" : [ {
        "lat" : 37.8570077158,
        "lon" : -122.2674757688,
        "time" : "20140629T184931-0700"
      }, {
        "lat" : 37.8619076786,
        "lon" : -122.2762349531,
        "time" : "20140629T185959-0700"
      }, {
        "lat" : 37.8619077566,
        "lon" : -122.2762350925,
        "time" : "20140629T190000-0700"
      }, {
        "lat" : 37.8651493645,
        "lon" : -122.282029798,
        "time" : "20140629T190655-0700"
      }, {
        "lat" : 37.8651493645,
        "lon" : -122.282029798,
        "time" : "20140629T190701-0700"
      } ]
    } ],
    "lastUpdate" : "20140630T234822Z"
  }, {
    "type" : "place",
    "startTime" : "20140629T190701-0700",
    "endTime" : "20140630T164648-0700",
    "place" : {
      "id" : 72187887,
      "name" : "Home",
      "type" : "home",
      "location" : {
        "lat" : 37.8651493645,
        "lon" : -122.282029798
      }
    },
    "activities" : [ {
      "activity" : "walking",
      "group" : "walking",
      "manual" : false,
      "startTime" : "20140629T190701-0700",
      "endTime" : "20140629T190831-0700",
      "duration" : 90.0,
      "distance" : 77.0,
      "steps" : 155,
      "trackPoints" : [ ]
    }, {
      "activity" : "walking",
      "group" : "walking",
      "manual" : false,
      "startTime" : "20140629T203623-0700",
      "endTime" : "20140629T203653-0700",
      "duration" : 30.0,
      "distance" : 25.0,
      "steps" : 51,
      "trackPoints" : [ ]
    }, {
      "activity" : "walking",
      "group" : "walking",
      "manual" : false,
      "startTime" : "20140629T211222-0700",
      "endTime" : "20140629T211322-0700",
      "duration" : 60.0,
      "distance" : 30.0,
      "steps" : 50,
      "trackPoints" : [ ]
    } ],
    "lastUpdate" : "20140701T030057Z"
  } ],
  "lastUpdate" : "20140703T200713Z"
} ]