[ {
  "date" : "20140614",
  "summary" : [ {
    "activity" : "walking",
    "group" : "walking",
    "duration" : 3790.0,
    "distance" : 3763.0,
    "steps" : 4458
  }, {
    "activity" : "transport",
    "group" : "transport",
    "duration" : 2315.0,
    "distance" : 12108.0
  }, {
    "activity" : "cycling",
    "group" : "cycling",
    "duration" : 1534.0,
    "distance" : 4691.0
  } ],
  "segments" : [ {
    "type" : "place",
    "startTime" : "20140613T225016-0700",
    "endTime" : "20140614T084653-0700",
    "place" : {
      "id" : 75945996,
      "type" : "unknown",
      "location" : {
        "lat" : 36.9803702941,
        "lon" : -122.0603293345
      }
    },
    "activities" : [ {
      "activity" : "walking",
      "group" : "walking",
      "manual" : false,
      "startTime" : "20140614T084216-0700",
      "endTime" : "20140614T084346-0700",
      "duration" : 90.0,
      "distance" : 86.0,
      "steps" : 173,
      "trackPoints" : [ ]
    } ],
    "lastUpdate" : "20140614T230256Z"
  }, {
    "type" : "move",
    "startTime" : "20140614T084653-0700",
    "endTime" : "20140614T090619-0700",
    "activities" : [ {
      "activity" : "transport",
      "group" : "transport",
      "manual" : false,
      "startTime" : "20140614T084653-0700",
      "endTime" : "20140614T090248-0700",
      "duration" : 955.0,
      "distance" : 5067.0,
      "trackPoints" : [ {
        "lat" : 36.9803702941,
        "lon" : -122.0603293345,
        "time" : "20140614T084653-0700"
      }, {
        "lat" : 36.9804522249,
        "lon" : -122.0598965748,
        "time" : "20140614T084710-0700"
      }, {
        "lat" : 36.9801683322,
        "lon" : -122.0594401284,
        "time" : "20140614T084726-0700"
      }, {
        "lat" : 36.9782029393,
        "lon" : -122.0570996835,
        "time" : "20140614T084753-0700"
      }, {
        "lat" : 36.9771892879,
        "lon" : -122.0540765144,
        "time" : "20140614T084817-0700"
      }, {
        "lat" : 36.9751992434,
        "lon" : -122.0526374808,
        "time" : "20140614T084838-0700"
      }, {
        "lat" : 36.9740480432,
        "lon" : -122.0505723241,
        "time" : "20140614T084855-0700"
      }, {
        "lat" : 36.9736249692,
        "lon" : -122.0497356749,
        "time" : "20140614T084916-0700"
      }, {
        "lat" : 36.9697946547,
        "lon" : -122.0468286545,
        "time" : "20140614T084940-0700"
      }, {
        "lat" : 36.9685394346,
        "lon" : -122.0441792899,
        "time" : "20140614T084959-0700"
      }, {
        "lat" : 36.9670235094,
        "lon" : -122.0410343506,
        "time" : "20140614T085022-0700"
      }, {
        "lat" : 36.966857363,
        "lon" : -122.0406975539,
        "time" : "20140614T085038-0700"
      }, {
        "lat" : 36.9668093812,
        "lon" : -122.0406574608,
        "time" : "20140614T085054-0700"
      }, {
        "lat" : 36.9663964944,
        "lon" : -122.0400206242,
        "time" : "20140614T085114-0700"
      }, {
        "lat" : 36.964945584,
        "lon" : -122.0379230308,
        "time" : "20140614T085130-0700"
      }, {
        "lat" : 36.9635390968,
        "lon" : -122.0357076088,
        "time" : "20140614T085148-0700"
      }, {
        "lat" : 36.9627047793,
        "lon" : -122.034457733,
        "time" : "20140614T085204-0700"
      }, {
        "lat" : 36.9604983732,
        "lon" : -122.0308529419,
        "time" : "20140614T085232-0700"
      }, {
        "lat" : 36.9607112744,
        "lon" : -122.0285968979,
        "time" : "20140614T085247-0700"
      }, {
        "lat" : 36.9611108497,
        "lon" : -122.0274261584,
        "time" : "20140614T085302-0700"
      }, {
        "lat" : 36.9609519308,
        "lon" : -122.0274703674,
        "time" : "20140614T085317-0700"
      }, {
        "lat" : 36.9609417998,
        "lon" : -122.027458558,
        "time" : "20140614T085334-0700"
      }, {
        "lat" : 36.9609373755,
        "lon" : -122.0274455097,
        "time" : "20140614T085351-0700"
      }, {
        "lat" : 36.9609361478,
        "lon" : -122.0274417639,
        "time" : "20140614T085408-0700"
      }, {
        "lat" : 36.9609348705,
        "lon" : -122.0274413137,
        "time" : "20140614T085424-0700"
      }, {
        "lat" : 36.9597989536,
        "lon" : -122.0275846782,
        "time" : "20140614T085439-0700"
      }, {
        "lat" : 36.959800757,
        "lon" : -122.0288857888,
        "time" : "20140614T085457-0700"
      }, {
        "lat" : 36.9598253161,
        "lon" : -122.0291114317,
        "time" : "20140614T085512-0700"
      }, {
        "lat" : 36.9595912255,
        "lon" : -122.0292637353,
        "time" : "20140614T085527-0700"
      }, {
        "lat" : 36.9595912255,
        "lon" : -122.0292637353,
        "time" : "20140614T085550-0700"
      }, {
        "lat" : 36.9595912255,
        "lon" : -122.0292637353,
        "time" : "20140614T085607-0700"
      }, {
        "lat" : 36.9595912255,
        "lon" : -122.0292637353,
        "time" : "20140614T085623-0700"
      }, {
        "lat" : 36.9595929271,
        "lon" : -122.0292811388,
        "time" : "20140614T085657-0700"
      }, {
        "lat" : 36.959577531,
        "lon" : -122.0292754426,
        "time" : "20140614T085718-0700"
      }, {
        "lat" : 36.9595796489,
        "lon" : -122.0292615488,
        "time" : "20140614T085734-0700"
      }, {
        "lat" : 36.9595902674,
        "lon" : -122.0292522704,
        "time" : "20140614T085757-0700"
      }, {
        "lat" : 36.9595917084,
        "lon" : -122.029259197,
        "time" : "20140614T085815-0700"
      }, {
        "lat" : 36.9595941519,
        "lon" : -122.029233231,
        "time" : "20140614T085834-0700"
      }, {
        "lat" : 36.9595874728,
        "lon" : -122.029219006,
        "time" : "20140614T085858-0700"
      }, {
        "lat" : 36.960219028,
        "lon" : -122.0290779212,
        "time" : "20140614T085926-0700"
      }, {
        "lat" : 36.9607413289,
        "lon" : -122.028405304,
        "time" : "20140614T085944-0700"
      }, {
        "lat" : 36.961116799,
        "lon" : -122.0274612967,
        "time" : "20140614T085959-0700"
      }, {
        "lat" : 36.9611170339,
        "lon" : -122.0274607062,
        "time" : "20140614T090000-0700"
      }, {
        "lat" : 36.9612674393,
        "lon" : -122.0270825568,
        "time" : "20140614T090006-0700"
      }, {
        "lat" : 36.96185755,
        "lon" : -122.0255882907,
        "time" : "20140614T090043-0700"
      }, {
        "lat" : 36.9629016214,
        "lon" : -122.0243446854,
        "time" : "20140614T090109-0700"
      }, {
        "lat" : 36.9629541902,
        "lon" : -122.0233303724,
        "time" : "20140614T090135-0700"
      }, {
        "lat" : 36.9630085649,
        "lon" : -122.0226848858,
        "time" : "20140614T090159-0700"
      }, {
        "lat" : 36.9630440061,
        "lon" : -122.0227295906,
        "time" : "20140614T090223-0700"
      }, {
        "lat" : 36.963318028,
        "lon" : -122.0220060163,
        "time" : "20140614T090247-0700"
      } ]
    }, {
      "activity" : "walking",
      "group" : "walking",
      "manual" : false,
      "startTime" : "20140614T090247-0700",
      "endTime" : "20140614T090619-0700",
      "duration" : 212.0,
      "distance" : 149.0,
      "steps" : 184,
      "trackPoints" : [ {
        "lat" : 36.963318028,
        "lon" : -122.0220060163,
        "time" : "20140614T090247-0700"
      }, {
        "lat" : 36.9631233813,
        "lon" : -122.0223099102,
        "time" : "20140614T090306-0700"
      }, {
        "lat" : 36.9630332154,
        "lon" : -122.0222834241,
        "time" : "20140614T090321-0700"
      }, {
        "lat" : 36.9630628122,
        "lon" : -122.0222856406,
        "time" : "20140614T090337-0700"
      }, {
        "lat" : 36.9630514691,
        "lon" : -122.0223348848,
        "time" : "20140614T090355-0700"
      }, {
        "lat" : 36.9631349519,
        "lon" : -122.0219016396,
        "time" : "20140614T090419-0700"
      }, {
        "lat" : 36.9631859679,
        "lon" : -122.0216824582,
        "time" : "20140614T090447-0700"
      }, {
        "lat" : 36.9632140674,
        "lon" : -122.0217880653,
        "time" : "20140614T090524-0700"
      }, {
        "lat" : 36.9632505774,
        "lon" : -122.0219765901,
        "time" : "20140614T090619-0700"
      } ]
    } ],
    "lastUpdate" : "20140614T230256Z"
  }, {
    "type" : "place",
    "startTime" : "20140614T090619-0700",
    "endTime" : "20140614T185925-0700",
    "place" : {
      "id" : 76243205,
      "type" : "unknown",
      "location" : {
        "lat" : 36.9632505774,
        "lon" : -122.0219765901
      }
    },
    "activities" : [ {
      "activity" : "walking",
      "group" : "walking",
      "manual" : false,
      "startTime" : "20140614T092316-0700",
      "endTime" : "20140614T092602-0700",
      "duration" : 166.0,
      "distance" : 124.0,
      "steps" : 158,
      "trackPoints" : [ ]
    }, {
      "activity" : "walking",
      "group" : "walking",
      "manual" : false,
      "startTime" : "20140614T141038-0700",
      "endTime" : "20140614T141138-0700",
      "duration" : 60.0,
      "distance" : 30.0,
      "steps" : 50,
      "trackPoints" : [ ]
    }, {
      "activity" : "walking",
      "group" : "walking",
      "manual" : false,
      "startTime" : "20140614T154145-0700",
      "endTime" : "20140614T154523-0700",
      "duration" : 218.0,
      "distance" : 166.0,
      "steps" : 221,
      "trackPoints" : [ ]
    }, {
      "activity" : "walking",
      "group" : "walking",
      "manual" : false,
      "startTime" : "20140614T173936-0700",
      "endTime" : "20140614T174106-0700",
      "duration" : 90.0,
      "distance" : 71.0,
      "steps" : 142,
      "trackPoints" : [ ]
    }, {
      "activity" : "walking",
      "group" : "walking",
      "manual" : false,
      "startTime" : "20140614T181216-0700",
      "endTime" : "20140614T181316-0700",
      "duration" : 60.0,
      "distance" : 31.0,
      "steps" : 61,
      "trackPoints" : [ ]
    } ],
    "lastUpdate" : "20140615T051041Z"
  }, {
    "type" : "move",
    "startTime" : "20140614T185925-0700",
    "endTime" : "20140614T190237-0700",
    "activities" : [ {
      "activity" : "walking",
      "group" : "walking",
      "manual" : false,
      "startTime" : "20140614T185925-0700",
      "endTime" : "20140614T190238-0700",
      "duration" : 193.0,
      "distance" : 306.0,
      "steps" : 259,
      "trackPoints" : [ {
        "lat" : 36.9632505774,
        "lon" : -122.0219765901,
        "time" : "20140614T185925-0700"
      }, {
        "lat" : 36.9619397793,
        "lon" : -122.0238540665,
        "time" : "20140614T185943-0700"
      }, {
        "lat" : 36.9620089935,
        "lon" : -122.0238836112,
        "time" : "20140614T185959-0700"
      }, {
        "lat" : 36.9620090351,
        "lon" : -122.023883629,
        "time" : "20140614T190000-0700"
      }, {
        "lat" : 36.9620220055,
        "lon" : -122.0238891655,
        "time" : "20140614T190003-0700"
      }, {
        "lat" : 36.9621487134,
        "lon" : -122.0239002816,
        "time" : "20140614T190022-0700"
      }, {
        "lat" : 36.9625009332,
        "lon" : -122.0238172287,
        "time" : "20140614T190043-0700"
      }, {
        "lat" : 36.9626859127,
        "lon" : -122.023690159,
        "time" : "20140614T190111-0700"
      }, {
        "lat" : 36.96276194,
        "lon" : -122.023233707,
        "time" : "20140614T190147-0700"
      }, {
        "lat" : 36.9628383217,
        "lon" : -122.0229650681,
        "time" : "20140614T190213-0700"
      }, {
        "lat" : 36.9632505774,
        "lon" : -122.0219765901,
        "time" : "20140614T190237-0700"
      } ]
    } ],
    "lastUpdate" : "20140615T051041Z"
  }, {
    "type" : "place",
    "startTime" : "20140614T190237-0700",
    "endTime" : "20140614T190445-0700",
    "place" : {
      "id" : 76243205,
      "type" : "unknown",
      "location" : {
        "lat" : 36.9632505774,
        "lon" : -122.0219765901
      }
    },
    "lastUpdate" : "20140615T051041Z"
  }, {
    "type" : "move",
    "startTime" : "20140614T190445-0700",
    "endTime" : "20140614T191012-0700",
    "activities" : [ {
      "activity" : "walking",
      "group" : "walking",
      "manual" : false,
      "startTime" : "20140614T190445-0700",
      "endTime" : "20140614T191013-0700",
      "duration" : 328.0,
      "distance" : 252.0,
      "steps" : 503,
      "trackPoints" : [ {
        "lat" : 36.9632505774,
        "lon" : -122.0219765901,
        "time" : "20140614T190445-0700"
      }, {
        "lat" : 36.9636640382,
        "lon" : -122.0214113918,
        "time" : "20140614T190700-0700"
      }, {
        "lat" : 36.9637536212,
        "lon" : -122.0211984383,
        "time" : "20140614T190721-0700"
      }, {
        "lat" : 36.9637832337,
        "lon" : -122.0210594637,
        "time" : "20140614T190737-0700"
      }, {
        "lat" : 36.9639397667,
        "lon" : -122.020755204,
        "time" : "20140614T190813-0700"
      }, {
        "lat" : 36.9646420161,
        "lon" : -122.0202976457,
        "time" : "20140614T191012-0700"
      } ]
    } ],
    "lastUpdate" : "20140615T051041Z"
  }, {
    "type" : "place",
    "startTime" : "20140614T191013-0700",
    "endTime" : "20140614T191407-0700",
    "place" : {
      "id" : 76319845,
      "type" : "unknown",
      "location" : {
        "lat" : 36.9646420161,
        "lon" : -122.0202976457
      }
    },
    "lastUpdate" : "20140615T051041Z"
  }, {
    "type" : "move",
    "startTime" : "20140614T191407-0700",
    "endTime" : "20140614T202223-0700",
    "activities" : [ {
      "activity" : "walking",
      "group" : "walking",
      "manual" : false,
      "startTime" : "20140614T191407-0700",
      "endTime" : "20140614T191738-0700",
      "duration" : 211.0,
      "distance" : 238.0,
      "steps" : 408,
      "trackPoints" : [ {
        "lat" : 36.9646420161,
        "lon" : -122.0202976457,
        "time" : "20140614T191407-0700"
      }, {
        "lat" : 36.9646534689,
        "lon" : -122.0204189354,
        "time" : "20140614T191424-0700"
      }, {
        "lat" : 36.9646391879,
        "lon" : -122.020474933,
        "time" : "20140614T191439-0700"
      }, {
        "lat" : 36.9646234147,
        "lon" : -122.0205355907,
        "time" : "20140614T191455-0700"
      }, {
        "lat" : 36.9645518553,
        "lon" : -122.0206605383,
        "time" : "20140614T191517-0700"
      }, {
        "lat" : 36.9645007782,
        "lon" : -122.0207853134,
        "time" : "20140614T191533-0700"
      }, {
        "lat" : 36.9643930872,
        "lon" : -122.0209958237,
        "time" : "20140614T191550-0700"
      }, {
        "lat" : 36.9643028076,
        "lon" : -122.0213823668,
        "time" : "20140614T191615-0700"
      }, {
        "lat" : 36.9642988986,
        "lon" : -122.021834283,
        "time" : "20140614T191638-0700"
      }, {
        "lat" : 36.9644182897,
        "lon" : -122.0222518003,
        "time" : "20140614T191700-0700"
      }, {
        "lat" : 36.9645252139,
        "lon" : -122.0227177261,
        "time" : "20140614T191721-0700"
      }, {
        "lat" : 36.964606079,
        "lon" : -122.0226910133,
        "time" : "20140614T191738-0700"
      } ]
    }, {
      "activity" : "cycling",
      "group" : "cycling",
      "manual" : false,
      "startTime" : "20140614T191738-0700",
      "endTime" : "20140614T193035-0700",
      "duration" : 777.0,
      "distance" : 2638.0,
      "trackPoints" : [ {
        "lat" : 36.964606079,
        "lon" : -122.0226910133,
        "time" : "20140614T191738-0700"
      }, {
        "lat" : 36.9648967631,
        "lon" : -122.0229854312,
        "time" : "20140614T191754-0700"
      }, {
        "lat" : 36.9647460371,
        "lon" : -122.023478738,
        "time" : "20140614T191810-0700"
      }, {
        "lat" : 36.9645459108,
        "lon" : -122.0240947613,
        "time" : "20140614T191827-0700"
      }, {
        "lat" : 36.9642148132,
        "lon" : -122.0248645433,
        "time" : "20140614T191852-0700"
      }, {
        "lat" : 36.964378897,
        "lon" : -122.0253520281,
        "time" : "20140614T191917-0700"
      }, {
        "lat" : 36.9650395245,
        "lon" : -122.0258900944,
        "time" : "20140614T191939-0700"
      }, {
        "lat" : 36.9658978736,
        "lon" : -122.0252769696,
        "time" : "20140614T192003-0700"
      }, {
        "lat" : 36.9663325728,
        "lon" : -122.0249879878,
        "time" : "20140614T192025-0700"
      }, {
        "lat" : 36.9673283811,
        "lon" : -122.0247170212,
        "time" : "20140614T192048-0700"
      }, {
        "lat" : 36.9683806662,
        "lon" : -122.0246911904,
        "time" : "20140614T192111-0700"
      }, {
        "lat" : 36.9690974213,
        "lon" : -122.0249091498,
        "time" : "20140614T192135-0700"
      }, {
        "lat" : 36.9691030005,
        "lon" : -122.0249158478,
        "time" : "20140614T192203-0700"
      }, {
        "lat" : 36.9691787824,
        "lon" : -122.0255339784,
        "time" : "20140614T192219-0700"
      }, {
        "lat" : 36.9689553815,
        "lon" : -122.0271032939,
        "time" : "20140614T192251-0700"
      }, {
        "lat" : 36.9688741615,
        "lon" : -122.027442559,
        "time" : "20140614T192307-0700"
      }, {
        "lat" : 36.9687684979,
        "lon" : -122.0289570519,
        "time" : "20140614T192345-0700"
      }, {
        "lat" : 36.9686081576,
        "lon" : -122.0298241036,
        "time" : "20140614T192408-0700"
      }, {
        "lat" : 36.9682398257,
        "lon" : -122.0299643163,
        "time" : "20140614T192423-0700"
      }, {
        "lat" : 36.9671631029,
        "lon" : -122.0296459848,
        "time" : "20140614T192449-0700"
      }, {
        "lat" : 36.9667979385,
        "lon" : -122.0292057496,
        "time" : "20140614T192510-0700"
      }, {
        "lat" : 36.9661574321,
        "lon" : -122.0284666111,
        "time" : "20140614T192537-0700"
      }, {
        "lat" : 36.9653244005,
        "lon" : -122.0281348114,
        "time" : "20140614T192600-0700"
      }, {
        "lat" : 36.9647584395,
        "lon" : -122.0278090346,
        "time" : "20140614T192615-0700"
      }, {
        "lat" : 36.9646357512,
        "lon" : -122.0274080958,
        "time" : "20140614T192630-0700"
      }, {
        "lat" : 36.9641785049,
        "lon" : -122.0276709433,
        "time" : "20140614T192654-0700"
      }, {
        "lat" : 36.964216236,
        "lon" : -122.0276508505,
        "time" : "20140614T192709-0700"
      }, {
        "lat" : 36.9642219568,
        "lon" : -122.0276466526,
        "time" : "20140614T192737-0700"
      }, {
        "lat" : 36.9641997605,
        "lon" : -122.0276283191,
        "time" : "20140614T192755-0700"
      }, {
        "lat" : 36.9638586376,
        "lon" : -122.027799093,
        "time" : "20140614T192812-0700"
      }, {
        "lat" : 36.9634062299,
        "lon" : -122.027619717,
        "time" : "20140614T192842-0700"
      }, {
        "lat" : 36.9613268723,
        "lon" : -122.0280599207,
        "time" : "20140614T192904-0700"
      }, {
        "lat" : 36.9622932756,
        "lon" : -122.0290377393,
        "time" : "20140614T192933-0700"
      }, {
        "lat" : 36.9622995275,
        "lon" : -122.0290442108,
        "time" : "20140614T192958-0700"
      }, {
        "lat" : 36.9620079664,
        "lon" : -122.029363557,
        "time" : "20140614T193014-0700"
      }, {
        "lat" : 36.9619414967,
        "lon" : -122.0290875689,
        "time" : "20140614T193036-0700"
      } ]
    }, {
      "activity" : "walking",
      "group" : "walking",
      "manual" : false,
      "startTime" : "20140614T193036-0700",
      "endTime" : "20140614T194533-0700",
      "duration" : 897.0,
      "distance" : 1077.0,
      "steps" : 476,
      "trackPoints" : [ {
        "lat" : 36.9619414967,
        "lon" : -122.0290875689,
        "time" : "20140614T193036-0700"
      }, {
        "lat" : 36.9619266804,
        "lon" : -122.0289387962,
        "time" : "20140614T193051-0700"
      }, {
        "lat" : 36.9617020372,
        "lon" : -122.0278969619,
        "time" : "20140614T193240-0700"
      }, {
        "lat" : 36.9639743958,
        "lon" : -122.0284734824,
        "time" : "20140614T193319-0700"
      }, {
        "lat" : 36.9627634852,
        "lon" : -122.0320459432,
        "time" : "20140614T193337-0700"
      }, {
        "lat" : 36.9630399785,
        "lon" : -122.0320322301,
        "time" : "20140614T193401-0700"
      }, {
        "lat" : 36.9630506299,
        "lon" : -122.0320515472,
        "time" : "20140614T193418-0700"
      }, {
        "lat" : 36.9630420364,
        "lon" : -122.0320306761,
        "time" : "20140614T193434-0700"
      }, {
        "lat" : 36.9630367564,
        "lon" : -122.0319992419,
        "time" : "20140614T193449-0700"
      }, {
        "lat" : 36.9630832306,
        "lon" : -122.0320190027,
        "time" : "20140614T193507-0700"
      }, {
        "lat" : 36.9632764359,
        "lon" : -122.0319539241,
        "time" : "20140614T193527-0700"
      }, {
        "lat" : 36.9635368284,
        "lon" : -122.0320164956,
        "time" : "20140614T193608-0700"
      }, {
        "lat" : 36.9635292731,
        "lon" : -122.0320591374,
        "time" : "20140614T193631-0700"
      }, {
        "lat" : 36.9635115233,
        "lon" : -122.0320135652,
        "time" : "20140614T193658-0700"
      }, {
        "lat" : 36.9634567675,
        "lon" : -122.0319984181,
        "time" : "20140614T193717-0700"
      }, {
        "lat" : 36.9634074704,
        "lon" : -122.0319630831,
        "time" : "20140614T193735-0700"
      }, {
        "lat" : 36.9633251811,
        "lon" : -122.0318527903,
        "time" : "20140614T193751-0700"
      }, {
        "lat" : 36.9633886458,
        "lon" : -122.0315412264,
        "time" : "20140614T193815-0700"
      }, {
        "lat" : 36.9633422612,
        "lon" : -122.0315599779,
        "time" : "20140614T193839-0700"
      }, {
        "lat" : 36.9633326853,
        "lon" : -122.0315828732,
        "time" : "20140614T193900-0700"
      }, {
        "lat" : 36.9633482893,
        "lon" : -122.0315514986,
        "time" : "20140614T193929-0700"
      }, {
        "lat" : 36.9634807083,
        "lon" : -122.0314869225,
        "time" : "20140614T193947-0700"
      }, {
        "lat" : 36.9634966232,
        "lon" : -122.0311734035,
        "time" : "20140614T194017-0700"
      }, {
        "lat" : 36.9636076189,
        "lon" : -122.0310126443,
        "time" : "20140614T194033-0700"
      }, {
        "lat" : 36.963838856,
        "lon" : -122.0309777185,
        "time" : "20140614T194214-0700"
      }, {
        "lat" : 36.9639284203,
        "lon" : -122.0309668171,
        "time" : "20140614T194230-0700"
      }, {
        "lat" : 36.9640909527,
        "lon" : -122.030960702,
        "time" : "20140614T194251-0700"
      }, {
        "lat" : 36.9642007922,
        "lon" : -122.0308569927,
        "time" : "20140614T194308-0700"
      }, {
        "lat" : 36.9643226501,
        "lon" : -122.0309174676,
        "time" : "20140614T194327-0700"
      }, {
        "lat" : 36.964451986,
        "lon" : -122.0309767014,
        "time" : "20140614T194346-0700"
      }, {
        "lat" : 36.9650471532,
        "lon" : -122.0299493101,
        "time" : "20140614T194424-0700"
      }, {
        "lat" : 36.9650740803,
        "lon" : -122.0301479527,
        "time" : "20140614T194509-0700"
      }, {
        "lat" : 36.9650529294,
        "lon" : -122.0302696191,
        "time" : "20140614T194533-0700"
      } ]
    }, {
      "activity" : "cycling",
      "group" : "cycling",
      "manual" : false,
      "startTime" : "20140614T194533-0700",
      "endTime" : "20140614T195810-0700",
      "duration" : 757.0,
      "distance" : 2053.0,
      "trackPoints" : [ {
        "lat" : 36.9650529294,
        "lon" : -122.0302696191,
        "time" : "20140614T194533-0700"
      }, {
        "lat" : 36.9650422541,
        "lon" : -122.0303436882,
        "time" : "20140614T194601-0700"
      }, {
        "lat" : 36.965054716,
        "lon" : -122.0304620557,
        "time" : "20140614T194623-0700"
      }, {
        "lat" : 36.9651198702,
        "lon" : -122.0306078891,
        "time" : "20140614T194639-0700"
      }, {
        "lat" : 36.9652141159,
        "lon" : -122.0307150032,
        "time" : "20140614T194655-0700"
      }, {
        "lat" : 36.9653169576,
        "lon" : -122.0307289371,
        "time" : "20140614T194717-0700"
      }, {
        "lat" : 36.9653597961,
        "lon" : -122.0307544365,
        "time" : "20140614T194743-0700"
      }, {
        "lat" : 36.9654059781,
        "lon" : -122.0307758562,
        "time" : "20140614T194812-0700"
      }, {
        "lat" : 36.9654352836,
        "lon" : -122.0307852174,
        "time" : "20140614T194831-0700"
      }, {
        "lat" : 36.965465514,
        "lon" : -122.0307932407,
        "time" : "20140614T194850-0700"
      }, {
        "lat" : 36.9655260123,
        "lon" : -122.0308064988,
        "time" : "20140614T194910-0700"
      }, {
        "lat" : 36.9656612578,
        "lon" : -122.0307522501,
        "time" : "20140614T194925-0700"
      }, {
        "lat" : 36.9658671972,
        "lon" : -122.0309210726,
        "time" : "20140614T195000-0700"
      }, {
        "lat" : 36.966462411,
        "lon" : -122.0307813902,
        "time" : "20140614T195022-0700"
      }, {
        "lat" : 36.9670151866,
        "lon" : -122.0309982618,
        "time" : "20140614T195038-0700"
      }, {
        "lat" : 36.9678484544,
        "lon" : -122.0312813192,
        "time" : "20140614T195100-0700"
      }, {
        "lat" : 36.9682742512,
        "lon" : -122.0315331792,
        "time" : "20140614T195118-0700"
      }, {
        "lat" : 36.9683063833,
        "lon" : -122.0315199223,
        "time" : "20140614T195137-0700"
      }, {
        "lat" : 36.9683916919,
        "lon" : -122.0319977608,
        "time" : "20140614T195210-0700"
      }, {
        "lat" : 36.9682932591,
        "lon" : -122.0330119016,
        "time" : "20140614T195230-0700"
      }, {
        "lat" : 36.9685815669,
        "lon" : -122.0339828634,
        "time" : "20140614T195305-0700"
      }, {
        "lat" : 36.9688686965,
        "lon" : -122.0348229203,
        "time" : "20140614T195340-0700"
      }, {
        "lat" : 36.9684180178,
        "lon" : -122.0349057607,
        "time" : "20140614T195400-0700"
      }, {
        "lat" : 36.9672703976,
        "lon" : -122.0351351833,
        "time" : "20140614T195421-0700"
      }, {
        "lat" : 36.966351075,
        "lon" : -122.0350991572,
        "time" : "20140614T195439-0700"
      }, {
        "lat" : 36.9654317196,
        "lon" : -122.0353242264,
        "time" : "20140614T195458-0700"
      }, {
        "lat" : 36.9645941762,
        "lon" : -122.0352594656,
        "time" : "20140614T195519-0700"
      }, {
        "lat" : 36.9640895008,
        "lon" : -122.0352124388,
        "time" : "20140614T195540-0700"
      }, {
        "lat" : 36.9637122004,
        "lon" : -122.0351754809,
        "time" : "20140614T195604-0700"
      }, {
        "lat" : 36.962805782,
        "lon" : -122.0344991342,
        "time" : "20140614T195627-0700"
      }, {
        "lat" : 36.9621351441,
        "lon" : -122.0336893441,
        "time" : "20140614T195649-0700"
      }, {
        "lat" : 36.9615695171,
        "lon" : -122.0329464493,
        "time" : "20140614T195712-0700"
      }, {
        "lat" : 36.961329595,
        "lon" : -122.0324548825,
        "time" : "20140614T195728-0700"
      }, {
        "lat" : 36.9610126403,
        "lon" : -122.0317532119,
        "time" : "20140614T195751-0700"
      }, {
        "lat" : 36.9605426935,
        "lon" : -122.0300455186,
        "time" : "20140614T195811-0700"
      } ]
    }, {
      "activity" : "transport",
      "group" : "transport",
      "manual" : false,
      "startTime" : "20140614T195811-0700",
      "endTime" : "20140614T201342-0700",
      "duration" : 931.0,
      "distance" : 3048.0,
      "trackPoints" : [ {
        "lat" : 36.9605426935,
        "lon" : -122.0300455186,
        "time" : "20140614T195811-0700"
      }, {
        "lat" : 36.9598780412,
        "lon" : -122.0291485738,
        "time" : "20140614T195837-0700"
      }, {
        "lat" : 36.9595856229,
        "lon" : -122.0292194496,
        "time" : "20140614T195858-0700"
      }, {
        "lat" : 36.959594768,
        "lon" : -122.0292418247,
        "time" : "20140614T195921-0700"
      }, {
        "lat" : 36.9595920304,
        "lon" : -122.029239189,
        "time" : "20140614T195944-0700"
      }, {
        "lat" : 36.9595871655,
        "lon" : -122.0292426716,
        "time" : "20140614T195959-0700"
      }, {
        "lat" : 36.9595871624,
        "lon" : -122.0292426739,
        "time" : "20140614T200000-0700"
      }, {
        "lat" : 36.9595867604,
        "lon" : -122.0292429616,
        "time" : "20140614T200001-0700"
      }, {
        "lat" : 36.9595763355,
        "lon" : -122.0292533607,
        "time" : "20140614T200020-0700"
      }, {
        "lat" : 36.9595616614,
        "lon" : -122.0292739353,
        "time" : "20140614T200043-0700"
      }, {
        "lat" : 36.9595314118,
        "lon" : -122.0293194805,
        "time" : "20140614T200108-0700"
      }, {
        "lat" : 36.9595187769,
        "lon" : -122.0293202001,
        "time" : "20140614T200123-0700"
      }, {
        "lat" : 36.9595264618,
        "lon" : -122.0292907794,
        "time" : "20140614T200141-0700"
      }, {
        "lat" : 36.9600694114,
        "lon" : -122.0291786921,
        "time" : "20140614T200156-0700"
      }, {
        "lat" : 36.9604767661,
        "lon" : -122.0291106266,
        "time" : "20140614T200213-0700"
      }, {
        "lat" : 36.960640649,
        "lon" : -122.0312547085,
        "time" : "20140614T200234-0700"
      }, {
        "lat" : 36.9617258742,
        "lon" : -122.0329365363,
        "time" : "20140614T200250-0700"
      }, {
        "lat" : 36.9629580928,
        "lon" : -122.0347836668,
        "time" : "20140614T200308-0700"
      }, {
        "lat" : 36.9634835936,
        "lon" : -122.0354107878,
        "time" : "20140614T200324-0700"
      }, {
        "lat" : 36.9654515321,
        "lon" : -122.0352228295,
        "time" : "20140614T200350-0700"
      }, {
        "lat" : 36.9672704178,
        "lon" : -122.0350473426,
        "time" : "20140614T200413-0700"
      }, {
        "lat" : 36.9688053692,
        "lon" : -122.0348738684,
        "time" : "20140614T200440-0700"
      }, {
        "lat" : 36.9688227468,
        "lon" : -122.0348489818,
        "time" : "20140614T200500-0700"
      }, {
        "lat" : 36.9683756616,
        "lon" : -122.0324147996,
        "time" : "20140614T200522-0700"
      }, {
        "lat" : 36.9685699052,
        "lon" : -122.0305552029,
        "time" : "20140614T200538-0700"
      }, {
        "lat" : 36.9686729369,
        "lon" : -122.0294759388,
        "time" : "20140614T200554-0700"
      }, {
        "lat" : 36.9688842827,
        "lon" : -122.0276117628,
        "time" : "20140614T200616-0700"
      }, {
        "lat" : 36.9689525301,
        "lon" : -122.0270712103,
        "time" : "20140614T200633-0700"
      }, {
        "lat" : 36.9691402408,
        "lon" : -122.0252361334,
        "time" : "20140614T200704-0700"
      }, {
        "lat" : 36.9691633214,
        "lon" : -122.025180364,
        "time" : "20140614T200721-0700"
      }, {
        "lat" : 36.9698130607,
        "lon" : -122.0249604835,
        "time" : "20140614T200744-0700"
      }, {
        "lat" : 36.9701443661,
        "lon" : -122.0250185204,
        "time" : "20140614T200815-0700"
      }, {
        "lat" : 36.9710706526,
        "lon" : -122.0252790469,
        "time" : "20140614T200834-0700"
      }, {
        "lat" : 36.9711986708,
        "lon" : -122.0253053311,
        "time" : "20140614T200858-0700"
      }, {
        "lat" : 36.9713672096,
        "lon" : -122.0253691965,
        "time" : "20140614T200924-0700"
      }, {
        "lat" : 36.9716039318,
        "lon" : -122.0255288916,
        "time" : "20140614T200953-0700"
      }, {
        "lat" : 36.9715113686,
        "lon" : -122.0265287977,
        "time" : "20140614T201015-0700"
      }, {
        "lat" : 36.9715255563,
        "lon" : -122.0268312702,
        "time" : "20140614T201030-0700"
      }, {
        "lat" : 36.9724356144,
        "lon" : -122.0269996078,
        "time" : "20140614T201046-0700"
      }, {
        "lat" : 36.9731557712,
        "lon" : -122.0270700762,
        "time" : "20140614T201101-0700"
      }, {
        "lat" : 36.9731285638,
        "lon" : -122.0270413026,
        "time" : "20140614T201118-0700"
      }, {
        "lat" : 36.9731278564,
        "lon" : -122.0270391855,
        "time" : "20140614T201138-0700"
      }, {
        "lat" : 36.9731278369,
        "lon" : -122.0270387363,
        "time" : "20140614T201155-0700"
      }, {
        "lat" : 36.9731278159,
        "lon" : -122.0270385843,
        "time" : "20140614T201217-0700"
      }, {
        "lat" : 36.9731274894,
        "lon" : -122.0270390864,
        "time" : "20140614T201235-0700"
      }, {
        "lat" : 36.9731295113,
        "lon" : -122.0270400655,
        "time" : "20140614T201258-0700"
      }, {
        "lat" : 36.9731395325,
        "lon" : -122.0270218897,
        "time" : "20140614T201315-0700"
      }, {
        "lat" : 36.9731601455,
        "lon" : -122.0269903092,
        "time" : "20140614T201342-0700"
      } ]
    }, {
      "activity" : "walking",
      "group" : "walking",
      "manual" : false,
      "startTime" : "20140614T201342-0700",
      "endTime" : "20140614T202223-0700",
      "duration" : 521.0,
      "distance" : 421.0,
      "steps" : 664,
      "trackPoints" : [ {
        "lat" : 36.9731601455,
        "lon" : -122.0269903092,
        "time" : "20140614T201342-0700"
      }, {
        "lat" : 36.9731862045,
        "lon" : -122.0269490173,
        "time" : "20140614T201400-0700"
      }, {
        "lat" : 36.9734000194,
        "lon" : -122.0265835397,
        "time" : "20140614T201436-0700"
      }, {
        "lat" : 36.9734376024,
        "lon" : -122.0264249519,
        "time" : "20140614T201453-0700"
      }, {
        "lat" : 36.9735655433,
        "lon" : -122.0262359451,
        "time" : "20140614T201516-0700"
      }, {
        "lat" : 36.9737764878,
        "lon" : -122.0261201328,
        "time" : "20140614T201535-0700"
      }, {
        "lat" : 36.9738489857,
        "lon" : -122.0261316123,
        "time" : "20140614T201551-0700"
      }, {
        "lat" : 36.9739060633,
        "lon" : -122.0262278211,
        "time" : "20140614T201608-0700"
      }, {
        "lat" : 36.9739432028,
        "lon" : -122.0262208492,
        "time" : "20140614T201623-0700"
      }, {
        "lat" : 36.9741506358,
        "lon" : -122.0261333895,
        "time" : "20140614T201639-0700"
      }, {
        "lat" : 36.9742621215,
        "lon" : -122.0261929252,
        "time" : "20140614T201656-0700"
      }, {
        "lat" : 36.9744123614,
        "lon" : -122.0262961843,
        "time" : "20140614T201715-0700"
      }, {
        "lat" : 36.974554599,
        "lon" : -122.0263716224,
        "time" : "20140614T201732-0700"
      }, {
        "lat" : 36.9746823787,
        "lon" : -122.0264133708,
        "time" : "20140614T201748-0700"
      }, {
        "lat" : 36.9749156398,
        "lon" : -122.0264277604,
        "time" : "20140614T201816-0700"
      }, {
        "lat" : 36.975076125,
        "lon" : -122.0264776672,
        "time" : "20140614T201835-0700"
      }, {
        "lat" : 36.9753502899,
        "lon" : -122.026575006,
        "time" : "20140614T201901-0700"
      }, {
        "lat" : 36.975592068,
        "lon" : -122.0266307536,
        "time" : "20140614T201927-0700"
      }, {
        "lat" : 36.9757585829,
        "lon" : -122.0266890821,
        "time" : "20140614T201943-0700"
      }, {
        "lat" : 36.9759433734,
        "lon" : -122.0267085278,
        "time" : "20140614T202000-0700"
      }, {
        "lat" : 36.976050815,
        "lon" : -122.0267786225,
        "time" : "20140614T202015-0700"
      }, {
        "lat" : 36.9762941116,
        "lon" : -122.026878018,
        "time" : "20140614T202043-0700"
      }, {
        "lat" : 36.9762985386,
        "lon" : -122.0269278301,
        "time" : "20140614T202059-0700"
      }, {
        "lat" : 36.9762942742,
        "lon" : -122.0269343142,
        "time" : "20140614T202119-0700"
      }, {
        "lat" : 36.9762905123,
        "lon" : -122.0269454167,
        "time" : "20140614T202143-0700"
      }, {
        "lat" : 36.9762826412,
        "lon" : -122.0269870647,
        "time" : "20140614T202223-0700"
      } ]
    } ],
    "lastUpdate" : "20140615T051041Z"
  }, {
    "type" : "place",
    "startTime" : "20140614T202223-0700",
    "endTime" : "20140614T215757-0700",
    "place" : {
      "id" : 76319846,
      "type" : "unknown",
      "location" : {
        "lat" : 36.9762826412,
        "lon" : -122.0269870647
      }
    },
    "activities" : [ {
      "activity" : "walking",
      "group" : "walking",
      "manual" : false,
      "startTime" : "20140614T204116-0700",
      "endTime" : "20140614T204246-0700",
      "duration" : 90.0,
      "distance" : 76.0,
      "steps" : 152,
      "trackPoints" : [ ]
    }, {
      "activity" : "walking",
      "group" : "walking",
      "manual" : false,
      "startTime" : "20140614T215440-0700",
      "endTime" : "20140614T215540-0700",
      "duration" : 60.0,
      "distance" : 56.0,
      "steps" : 112,
      "trackPoints" : [ ]
    } ],
    "lastUpdate" : "20140615T060600Z"
  }, {
    "type" : "move",
    "startTime" : "20140614T215757-0700",
    "endTime" : "20140614T220112-0700",
    "activities" : [ {
      "activity" : "walking",
      "group" : "walking",
      "manual" : false,
      "startTime" : "20140614T215757-0700",
      "endTime" : "20140614T220113-0700",
      "duration" : 196.0,
      "distance" : 249.0,
      "steps" : 287,
      "trackPoints" : [ {
        "lat" : 36.9762826412,
        "lon" : -122.0269870647,
        "time" : "20140614T215757-0700"
      }, {
        "lat" : 36.9759184105,
        "lon" : -122.0277247328,
        "time" : "20140614T215820-0700"
      }, {
        "lat" : 36.9757457295,
        "lon" : -122.027896657,
        "time" : "20140614T215839-0700"
      }, {
        "lat" : 36.975515234,
        "lon" : -122.0278966282,
        "time" : "20140614T215901-0700"
      }, {
        "lat" : 36.975170231,
        "lon" : -122.0277491383,
        "time" : "20140614T215927-0700"
      }, {
        "lat" : 36.9751362595,
        "lon" : -122.0280386736,
        "time" : "20140614T215950-0700"
      }, {
        "lat" : 36.975128035,
        "lon" : -122.0280677676,
        "time" : "20140614T215959-0700"
      }, {
        "lat" : 36.9751280266,
        "lon" : -122.0280677973,
        "time" : "20140614T220000-0700"
      }, {
        "lat" : 36.9751162398,
        "lon" : -122.0281094928,
        "time" : "20140614T220014-0700"
      }, {
        "lat" : 36.9751112355,
        "lon" : -122.0280847683,
        "time" : "20140614T220031-0700"
      }, {
        "lat" : 36.9750716386,
        "lon" : -122.0280443976,
        "time" : "20140614T220052-0700"
      }, {
        "lat" : 36.9752194494,
        "lon" : -122.0280723422,
        "time" : "20140614T220112-0700"
      } ]
    } ],
    "lastUpdate" : "20140615T060600Z"
  }, {
    "type" : "place",
    "startTime" : "20140614T220112-0700",
    "endTime" : "20140614T224222-0700",
    "place" : {
      "id" : 76319924,
      "type" : "unknown",
      "location" : {
        "lat" : 36.9752194494,
        "lon" : -122.0280723422
      }
    },
    "activities" : [ {
      "activity" : "walking",
      "group" : "walking",
      "manual" : false,
      "startTime" : "20140614T220635-0700",
      "endTime" : "20140614T220835-0700",
      "duration" : 120.0,
      "distance" : 130.0,
      "steps" : 173,
      "trackPoints" : [ ]
    } ],
    "lastUpdate" : "20140616T030739Z"
  }, {
    "type" : "place",
    "startTime" : "20140614T230556-0700",
    "endTime" : "20140614T231427-0700",
    "place" : {
      "id" : 76319924,
      "type" : "unknown",
      "location" : {
        "lat" : 36.9752194494,
        "lon" : -122.0280723422
      }
    },
    "activities" : [ {
      "activity" : "walking",
      "group" : "walking",
      "manual" : false,
      "startTime" : "20140614T230642-0700",
      "endTime" : "20140614T231012-0700",
      "duration" : 210.0,
      "distance" : 252.0,
      "steps" : 336,
      "trackPoints" : [ ]
    } ],
    "lastUpdate" : "20140616T030739Z"
  }, {
    "type" : "move",
    "startTime" : "20140614T231427-0700",
    "endTime" : "20140614T232135-0700",
    "activities" : [ {
      "activity" : "transport",
      "group" : "transport",
      "manual" : false,
      "startTime" : "20140614T231427-0700",
      "endTime" : "20140614T232136-0700",
      "duration" : 429.0,
      "distance" : 3993.0,
      "trackPoints" : [ {
        "lat" : 36.9752194494,
        "lon" : -122.0280723422,
        "time" : "20140614T231427-0700"
      }, {
        "lat" : 36.9773892223,
        "lon" : -122.0299238541,
        "time" : "20140614T231452-0700"
      }, {
        "lat" : 36.9771266783,
        "lon" : -122.031249736,
        "time" : "20140614T231508-0700"
      }, {
        "lat" : 36.9769787018,
        "lon" : -122.0317491879,
        "time" : "20140614T231526-0700"
      }, {
        "lat" : 36.9673278972,
        "lon" : -122.0393436987,
        "time" : "20140614T231746-0700"
      }, {
        "lat" : 36.9681447981,
        "lon" : -122.0433445994,
        "time" : "20140614T231822-0700"
      }, {
        "lat" : 36.9700784529,
        "lon" : -122.0468931521,
        "time" : "20140614T231846-0700"
      }, {
        "lat" : 36.9725746488,
        "lon" : -122.0479742542,
        "time" : "20140614T231904-0700"
      }, {
        "lat" : 36.9737479207,
        "lon" : -122.0501157739,
        "time" : "20140614T231926-0700"
      }, {
        "lat" : 36.9728773147,
        "lon" : -122.050662956,
        "time" : "20140614T231950-0700"
      }, {
        "lat" : 36.9716509068,
        "lon" : -122.0503724165,
        "time" : "20140614T232011-0700"
      }, {
        "lat" : 36.9707230586,
        "lon" : -122.0507479995,
        "time" : "20140614T232031-0700"
      }, {
        "lat" : 36.9681430516,
        "lon" : -122.0505583313,
        "time" : "20140614T232135-0700"
      } ]
    } ],
    "lastUpdate" : "20140616T030739Z"
  }, {
    "type" : "place",
    "startTime" : "20140614T232136-0700",
    "endTime" : "20140614T233142-0700",
    "place" : {
      "id" : 76365356,
      "type" : "unknown",
      "location" : {
        "lat" : 36.9681430516,
        "lon" : -122.0505583313
      }
    },
    "activities" : [ {
      "activity" : "walking",
      "group" : "walking",
      "manual" : false,
      "startTime" : "20140614T232136-0700",
      "endTime" : "20140614T232244-0700",
      "duration" : 68.0,
      "distance" : 49.0,
      "steps" : 99,
      "trackPoints" : [ ]
    } ],
    "lastUpdate" : "20140616T030739Z"
  } ],
  "lastUpdate" : "20140616T030739Z"
} ]