[ {
  "date" : "20140627",
  "summary" : [ {
    "activity" : "transport",
    "group" : "transport",
    "duration" : 4023.0,
    "distance" : 32776.0
  }, {
    "activity" : "walking",
    "group" : "walking",
    "duration" : 699.0,
    "distance" : 727.0,
    "steps" : 1033
  } ],
  "segments" : [ {
    "type" : "place",
    "startTime" : "20140626T223228-0700",
    "endTime" : "20140627T102642-0700",
    "place" : {
      "id" : 75869123,
      "type" : "unknown",
      "location" : {
        "lat" : 37.4033396014,
        "lon" : -122.0854525385
      }
    },
    "lastUpdate" : "20140627T205317Z"
  }, {
    "type" : "move",
    "startTime" : "20140627T102642-0700",
    "endTime" : "20140627T104202-0700",
    "activities" : [ {
      "activity" : "transport",
      "group" : "transport",
      "manual" : false,
      "startTime" : "20140627T102642-0700",
      "endTime" : "20140627T104202-0700",
      "duration" : 920.0,
      "distance" : 10609.0,
      "trackPoints" : [ {
        "lat" : 37.4033396014,
        "lon" : -122.0854525385,
        "time" : "20140627T102642-0700"
      }, {
        "lat" : 37.400615815,
        "lon" : -122.0850355922,
        "time" : "20140627T102712-0700"
      }, {
        "lat" : 37.4003680184,
        "lon" : -122.0844388664,
        "time" : "20140627T102728-0700"
      }, {
        "lat" : 37.3996752165,
        "lon" : -122.0810862132,
        "time" : "20140627T102756-0700"
      }, {
        "lat" : 37.4075071521,
        "lon" : -122.107017257,
        "time" : "20140627T103115-0700"
      }, {
        "lat" : 37.4104155133,
        "lon" : -122.1112496303,
        "time" : "20140627T103145-0700"
      }, {
        "lat" : 37.4118962536,
        "lon" : -122.1136529046,
        "time" : "20140627T103202-0700"
      }, {
        "lat" : 37.4232894087,
        "lon" : -122.1318807924,
        "time" : "20140627T103508-0700"
      }, {
        "lat" : 37.4247288733,
        "lon" : -122.1343214822,
        "time" : "20140627T103524-0700"
      }, {
        "lat" : 37.4286639552,
        "lon" : -122.1401504384,
        "time" : "20140627T103556-0700"
      }, {
        "lat" : 37.4304227455,
        "lon" : -122.143282971,
        "time" : "20140627T103614-0700"
      }, {
        "lat" : 37.4355536366,
        "lon" : -122.1516472451,
        "time" : "20140627T103726-0700"
      }, {
        "lat" : 37.4355535167,
        "lon" : -122.1515936942,
        "time" : "20140627T103751-0700"
      }, {
        "lat" : 37.4346335305,
        "lon" : -122.1527462108,
        "time" : "20140627T103811-0700"
      }, {
        "lat" : 37.4345483616,
        "lon" : -122.1535910998,
        "time" : "20140627T103903-0700"
      }, {
        "lat" : 37.4368500851,
        "lon" : -122.1593630752,
        "time" : "20140627T103931-0700"
      }, {
        "lat" : 37.4370512876,
        "lon" : -122.1595408235,
        "time" : "20140627T103946-0700"
      }, {
        "lat" : 37.4378793471,
        "lon" : -122.160420996,
        "time" : "20140627T104002-0700"
      }, {
        "lat" : 37.4398523503,
        "lon" : -122.1614046654,
        "time" : "20140627T104202-0700"
      } ]
    } ],
    "lastUpdate" : "20140627T205317Z"
  }, {
    "type" : "place",
    "startTime" : "20140627T104203-0700",
    "endTime" : "20140627T124225-0700",
    "place" : {
      "id" : 80523391,
      "type" : "unknown",
      "location" : {
        "lat" : 37.4398523503,
        "lon" : -122.1614046654
      }
    },
    "activities" : [ {
      "activity" : "walking",
      "group" : "walking",
      "manual" : false,
      "startTime" : "20140627T104351-0700",
      "endTime" : "20140627T104721-0700",
      "duration" : 210.0,
      "distance" : 228.0,
      "steps" : 305,
      "trackPoints" : [ ]
    } ],
    "lastUpdate" : "20140627T205319Z"
  }, {
    "type" : "move",
    "startTime" : "20140627T124225-0700",
    "endTime" : "20140627T124821-0700",
    "activities" : [ {
      "activity" : "transport",
      "group" : "transport",
      "manual" : false,
      "startTime" : "20140627T124225-0700",
      "endTime" : "20140627T124820-0700",
      "duration" : 355.0,
      "distance" : 2357.0,
      "trackPoints" : [ {
        "lat" : 37.4398523503,
        "lon" : -122.1614046654,
        "time" : "20140627T124225-0700"
      }, {
        "lat" : 37.4377891172,
        "lon" : -122.1607580271,
        "time" : "20140627T124301-0700"
      }, {
        "lat" : 37.4374283972,
        "lon" : -122.1603460596,
        "time" : "20140627T124325-0700"
      }, {
        "lat" : 37.437414925,
        "lon" : -122.1603306505,
        "time" : "20140627T124347-0700"
      }, {
        "lat" : 37.4373760123,
        "lon" : -122.1602861332,
        "time" : "20140627T124416-0700"
      }, {
        "lat" : 37.4368995371,
        "lon" : -122.1597357644,
        "time" : "20140627T124431-0700"
      }, {
        "lat" : 37.4349668856,
        "lon" : -122.15752447,
        "time" : "20140627T124448-0700"
      }, {
        "lat" : 37.4326112602,
        "lon" : -122.1548875061,
        "time" : "20140627T124508-0700"
      }, {
        "lat" : 37.4303674978,
        "lon" : -122.152314311,
        "time" : "20140627T124535-0700"
      }, {
        "lat" : 37.4303345717,
        "lon" : -122.1522759833,
        "time" : "20140627T124552-0700"
      }, {
        "lat" : 37.4302846891,
        "lon" : -122.1522179415,
        "time" : "20140627T124608-0700"
      }, {
        "lat" : 37.429314459,
        "lon" : -122.1510969884,
        "time" : "20140627T124623-0700"
      }, {
        "lat" : 37.4281681024,
        "lon" : -122.1497927162,
        "time" : "20140627T124641-0700"
      }, {
        "lat" : 37.4274488021,
        "lon" : -122.1489908067,
        "time" : "20140627T124657-0700"
      }, {
        "lat" : 37.426332465,
        "lon" : -122.1477361884,
        "time" : "20140627T124712-0700"
      }, {
        "lat" : 37.4271042923,
        "lon" : -122.1467642977,
        "time" : "20140627T124729-0700"
      }, {
        "lat" : 37.4282648504,
        "lon" : -122.1457951565,
        "time" : "20140627T124751-0700"
      }, {
        "lat" : 37.4280101406,
        "lon" : -122.1451135696,
        "time" : "20140627T124806-0700"
      }, {
        "lat" : 37.4279476099,
        "lon" : -122.1448239382,
        "time" : "20140627T124821-0700"
      } ]
    } ],
    "lastUpdate" : "20140627T205319Z"
  }, {
    "type" : "place",
    "startTime" : "20140627T124821-0700",
    "endTime" : "20140627T135235-0700",
    "place" : {
      "id" : 80523405,
      "type" : "unknown",
      "location" : {
        "lat" : 37.4279476099,
        "lon" : -122.1448239382
      }
    },
    "activities" : [ {
      "activity" : "walking",
      "group" : "walking",
      "manual" : false,
      "startTime" : "20140627T124917-0700",
      "endTime" : "20140627T125047-0700",
      "duration" : 90.0,
      "distance" : 91.0,
      "steps" : 183,
      "trackPoints" : [ ]
    } ],
    "lastUpdate" : "20140628T040715Z"
  }, {
    "type" : "move",
    "startTime" : "20140627T135235-0700",
    "endTime" : "20140627T140521-0700",
    "activities" : [ {
      "activity" : "transport",
      "group" : "transport",
      "manual" : false,
      "startTime" : "20140627T135235-0700",
      "endTime" : "20140627T140522-0700",
      "duration" : 767.0,
      "distance" : 7842.0,
      "trackPoints" : [ {
        "lat" : 37.4279476099,
        "lon" : -122.1448239382,
        "time" : "20140627T135235-0700"
      }, {
        "lat" : 37.4257028052,
        "lon" : -122.1465790955,
        "time" : "20140627T135308-0700"
      }, {
        "lat" : 37.4256726499,
        "lon" : -122.1467748819,
        "time" : "20140627T135326-0700"
      }, {
        "lat" : 37.4257679758,
        "lon" : -122.1466464775,
        "time" : "20140627T135355-0700"
      }, {
        "lat" : 37.4257260387,
        "lon" : -122.1466070133,
        "time" : "20140627T135415-0700"
      }, {
        "lat" : 37.4256248101,
        "lon" : -122.1465209932,
        "time" : "20140627T135435-0700"
      }, {
        "lat" : 37.424978642,
        "lon" : -122.1457752838,
        "time" : "20140627T135521-0700"
      }, {
        "lat" : 37.4244765195,
        "lon" : -122.1446962247,
        "time" : "20140627T135540-0700"
      }, {
        "lat" : 37.4232738975,
        "lon" : -122.1422856906,
        "time" : "20140627T135611-0700"
      }, {
        "lat" : 37.4220700243,
        "lon" : -122.139962909,
        "time" : "20140627T135652-0700"
      }, {
        "lat" : 37.4197975887,
        "lon" : -122.1360985746,
        "time" : "20140627T135717-0700"
      }, {
        "lat" : 37.4193240521,
        "lon" : -122.1349273548,
        "time" : "20140627T135732-0700"
      }, {
        "lat" : 37.4192838177,
        "lon" : -122.134850681,
        "time" : "20140627T135749-0700"
      }, {
        "lat" : 37.4186508881,
        "lon" : -122.1335454482,
        "time" : "20140627T135805-0700"
      }, {
        "lat" : 37.417242024,
        "lon" : -122.1307959372,
        "time" : "20140627T135828-0700"
      }, {
        "lat" : 37.4159904238,
        "lon" : -122.128788049,
        "time" : "20140627T135902-0700"
      }, {
        "lat" : 37.4142266377,
        "lon" : -122.1263154347,
        "time" : "20140627T135940-0700"
      }, {
        "lat" : 37.4118045077,
        "lon" : -122.124519122,
        "time" : "20140627T135959-0700"
      }, {
        "lat" : 37.4117117418,
        "lon" : -122.1244444378,
        "time" : "20140627T135959-0700"
      }, {
        "lat" : 37.4117104369,
        "lon" : -122.1244433872,
        "time" : "20140627T140000-0700"
      }, {
        "lat" : 37.4073415525,
        "lon" : -122.1209260711,
        "time" : "20140627T140033-0700"
      }, {
        "lat" : 37.4050091696,
        "lon" : -122.1188610943,
        "time" : "20140627T140051-0700"
      }, {
        "lat" : 37.4014947699,
        "lon" : -122.1143140513,
        "time" : "20140627T140123-0700"
      }, {
        "lat" : 37.4003252693,
        "lon" : -122.112072492,
        "time" : "20140627T140138-0700"
      }, {
        "lat" : 37.399765749,
        "lon" : -122.110994598,
        "time" : "20140627T140153-0700"
      }, {
        "lat" : 37.3989528374,
        "lon" : -122.1092087963,
        "time" : "20140627T140209-0700"
      }, {
        "lat" : 37.3978972397,
        "lon" : -122.1067036171,
        "time" : "20140627T140230-0700"
      }, {
        "lat" : 37.3966710601,
        "lon" : -122.1039348402,
        "time" : "20140627T140250-0700"
      }, {
        "lat" : 37.3945425395,
        "lon" : -122.0995599444,
        "time" : "20140627T140321-0700"
      }, {
        "lat" : 37.3924029153,
        "lon" : -122.0958229405,
        "time" : "20140627T140351-0700"
      }, {
        "lat" : 37.3909664113,
        "lon" : -122.0944434263,
        "time" : "20140627T140423-0700"
      }, {
        "lat" : 37.3899251552,
        "lon" : -122.0925156464,
        "time" : "20140627T140442-0700"
      }, {
        "lat" : 37.3903423015,
        "lon" : -122.0933938409,
        "time" : "20140627T140501-0700"
      }, {
        "lat" : 37.3916893714,
        "lon" : -122.0946349615,
        "time" : "20140627T140521-0700"
      } ]
    } ],
    "lastUpdate" : "20140628T040715Z"
  }, {
    "type" : "place",
    "startTime" : "20140627T140521-0700",
    "endTime" : "20140627T154230-0700",
    "place" : {
      "id" : 80622727,
      "type" : "unknown",
      "location" : {
        "lat" : 37.3916893714,
        "lon" : -122.0946349615
      }
    },
    "lastUpdate" : "20140628T040717Z"
  }, {
    "type" : "move",
    "startTime" : "20140627T154230-0700",
    "endTime" : "20140627T155910-0700",
    "activities" : [ {
      "activity" : "transport",
      "group" : "transport",
      "manual" : false,
      "startTime" : "20140627T154230-0700",
      "endTime" : "20140627T155910-0700",
      "duration" : 1000.0,
      "distance" : 1758.0,
      "trackPoints" : [ {
        "lat" : 37.3916893714,
        "lon" : -122.0946349615,
        "time" : "20140627T154230-0700"
      }, {
        "lat" : 37.4033396014,
        "lon" : -122.0854525385,
        "time" : "20140627T155910-0700"
      } ]
    } ],
    "lastUpdate" : "20140628T040717Z"
  }, {
    "type" : "place",
    "startTime" : "20140627T155910-0700",
    "endTime" : "20140627T174838-0700",
    "place" : {
      "id" : 80239940,
      "type" : "unknown",
      "location" : {
        "lat" : 37.40300648,
        "lon" : -122.0855962362
      }
    },
    "lastUpdate" : "20140628T040720Z"
  }, {
    "type" : "move",
    "startTime" : "20140627T174838-0700",
    "endTime" : "20140627T180459-0700",
    "activities" : [ {
      "activity" : "transport",
      "group" : "transport",
      "manual" : false,
      "startTime" : "20140627T174838-0700",
      "endTime" : "20140627T180459-0700",
      "duration" : 981.0,
      "distance" : 10210.0,
      "trackPoints" : [ {
        "lat" : 37.40300648,
        "lon" : -122.0855962362,
        "time" : "20140627T174838-0700"
      }, {
        "lat" : 37.4005220679,
        "lon" : -122.0849907888,
        "time" : "20140627T174906-0700"
      }, {
        "lat" : 37.4000216607,
        "lon" : -122.0825536219,
        "time" : "20140627T174925-0700"
      }, {
        "lat" : 37.3996803371,
        "lon" : -122.0810627868,
        "time" : "20140627T174944-0700"
      }, {
        "lat" : 37.3985249564,
        "lon" : -122.0823038781,
        "time" : "20140627T175000-0700"
      }, {
        "lat" : 37.3984600415,
        "lon" : -122.0844904634,
        "time" : "20140627T175018-0700"
      }, {
        "lat" : 37.399849993,
        "lon" : -122.0888927544,
        "time" : "20140627T175041-0700"
      }, {
        "lat" : 37.4016307421,
        "lon" : -122.0927425856,
        "time" : "20140627T175116-0700"
      }, {
        "lat" : 37.401686737,
        "lon" : -122.093138419,
        "time" : "20140627T175143-0700"
      }, {
        "lat" : 37.4023365642,
        "lon" : -122.0945918215,
        "time" : "20140627T175200-0700"
      }, {
        "lat" : 37.4031287032,
        "lon" : -122.0967723589,
        "time" : "20140627T175220-0700"
      }, {
        "lat" : 37.4043620892,
        "lon" : -122.1001296245,
        "time" : "20140627T175242-0700"
      }, {
        "lat" : 37.4054883539,
        "lon" : -122.1029375953,
        "time" : "20140627T175259-0700"
      }, {
        "lat" : 37.4065526957,
        "lon" : -122.105253323,
        "time" : "20140627T175320-0700"
      }, {
        "lat" : 37.4077572725,
        "lon" : -122.1071573206,
        "time" : "20140627T175337-0700"
      }, {
        "lat" : 37.4082565615,
        "lon" : -122.1079047158,
        "time" : "20140627T175357-0700"
      }, {
        "lat" : 37.4092906459,
        "lon" : -122.1094543429,
        "time" : "20140627T175412-0700"
      }, {
        "lat" : 37.4107085165,
        "lon" : -122.1119279336,
        "time" : "20140627T175429-0700"
      }, {
        "lat" : 37.4121505102,
        "lon" : -122.1142680837,
        "time" : "20140627T175445-0700"
      }, {
        "lat" : 37.4137247869,
        "lon" : -122.1167353641,
        "time" : "20140627T175502-0700"
      }, {
        "lat" : 37.4142195317,
        "lon" : -122.1174447349,
        "time" : "20140627T175518-0700"
      }, {
        "lat" : 37.4142457383,
        "lon" : -122.1174372091,
        "time" : "20140627T175534-0700"
      }, {
        "lat" : 37.4142415839,
        "lon" : -122.1174383319,
        "time" : "20140627T175554-0700"
      }, {
        "lat" : 37.4142415802,
        "lon" : -122.1174454709,
        "time" : "20140627T175611-0700"
      }, {
        "lat" : 37.4142417128,
        "lon" : -122.1174464189,
        "time" : "20140627T175629-0700"
      }, {
        "lat" : 37.4142460506,
        "lon" : -122.1174738842,
        "time" : "20140627T175650-0700"
      }, {
        "lat" : 37.4155666339,
        "lon" : -122.119579073,
        "time" : "20140627T175712-0700"
      }, {
        "lat" : 37.4175113323,
        "lon" : -122.1225965748,
        "time" : "20140627T175736-0700"
      }, {
        "lat" : 37.4182792242,
        "lon" : -122.1238655102,
        "time" : "20140627T175755-0700"
      }, {
        "lat" : 37.4194852811,
        "lon" : -122.1257797911,
        "time" : "20140627T175815-0700"
      }, {
        "lat" : 37.4207942656,
        "lon" : -122.1277492467,
        "time" : "20140627T175830-0700"
      }, {
        "lat" : 37.422966287,
        "lon" : -122.1313891335,
        "time" : "20140627T175858-0700"
      }, {
        "lat" : 37.4244197649,
        "lon" : -122.1335945874,
        "time" : "20140627T175914-0700"
      }, {
        "lat" : 37.4261337286,
        "lon" : -122.1362178949,
        "time" : "20140627T175931-0700"
      }, {
        "lat" : 37.4285261308,
        "lon" : -122.1399789401,
        "time" : "20140627T175956-0700"
      }, {
        "lat" : 37.428843378,
        "lon" : -122.1405348379,
        "time" : "20140627T175959-0700"
      }, {
        "lat" : 37.428844247,
        "lon" : -122.1405363604,
        "time" : "20140627T180000-0700"
      }, {
        "lat" : 37.4303595667,
        "lon" : -122.1431915855,
        "time" : "20140627T180017-0700"
      }, {
        "lat" : 37.432731489,
        "lon" : -122.1469043287,
        "time" : "20140627T180041-0700"
      }, {
        "lat" : 37.4344055493,
        "lon" : -122.1495043057,
        "time" : "20140627T180100-0700"
      }, {
        "lat" : 37.4351943252,
        "lon" : -122.1507311254,
        "time" : "20140627T180119-0700"
      }, {
        "lat" : 37.4360886798,
        "lon" : -122.1521857744,
        "time" : "20140627T180135-0700"
      }, {
        "lat" : 37.4372680038,
        "lon" : -122.1541047428,
        "time" : "20140627T180153-0700"
      }, {
        "lat" : 37.4377670434,
        "lon" : -122.1548947655,
        "time" : "20140627T180208-0700"
      }, {
        "lat" : 37.4387315428,
        "lon" : -122.156755843,
        "time" : "20140627T180226-0700"
      }, {
        "lat" : 37.4399940617,
        "lon" : -122.1583646487,
        "time" : "20140627T180242-0700"
      }, {
        "lat" : 37.440725725,
        "lon" : -122.1597551073,
        "time" : "20140627T180258-0700"
      }, {
        "lat" : 37.4409275217,
        "lon" : -122.1597825983,
        "time" : "20140627T180326-0700"
      }, {
        "lat" : 37.4422318752,
        "lon" : -122.1618952942,
        "time" : "20140627T180354-0700"
      }, {
        "lat" : 37.4431417424,
        "lon" : -122.163406554,
        "time" : "20140627T180410-0700"
      }, {
        "lat" : 37.4442363564,
        "lon" : -122.1651491877,
        "time" : "20140627T180436-0700"
      }, {
        "lat" : 37.4453220576,
        "lon" : -122.164094293,
        "time" : "20140627T180459-0700"
      } ]
    } ],
    "lastUpdate" : "20140628T040720Z"
  }, {
    "type" : "place",
    "startTime" : "20140627T180459-0700",
    "endTime" : "20140627T210240-0700",
    "place" : {
      "id" : 80659942,
      "type" : "unknown",
      "location" : {
        "lat" : 37.4452840534,
        "lon" : -122.164071541
      }
    },
    "activities" : [ {
      "activity" : "walking",
      "group" : "walking",
      "manual" : false,
      "startTime" : "20140627T180919-0700",
      "endTime" : "20140627T181019-0700",
      "duration" : 60.0,
      "distance" : 41.0,
      "steps" : 81,
      "trackPoints" : [ ]
    } ],
    "lastUpdate" : "20140628T223547Z"
  }, {
    "type" : "move",
    "startTime" : "20140627T210240-0700",
    "endTime" : "20140627T210719-0700",
    "activities" : [ {
      "activity" : "walking",
      "group" : "walking",
      "manual" : false,
      "startTime" : "20140627T210240-0700",
      "endTime" : "20140627T210719-0700",
      "duration" : 279.0,
      "distance" : 321.0,
      "steps" : 373,
      "trackPoints" : [ {
        "lat" : 37.4452840534,
        "lon" : -122.164071541,
        "time" : "20140627T210240-0700"
      }, {
        "lat" : 37.4437291259,
        "lon" : -122.1615855569,
        "time" : "20140627T210719-0700"
      } ]
    } ],
    "lastUpdate" : "20140628T223547Z"
  }, {
    "type" : "place",
    "startTime" : "20140627T210719-0700",
    "endTime" : "20140627T211713-0700",
    "place" : {
      "id" : 80659943,
      "type" : "unknown",
      "location" : {
        "lat" : 37.4437291259,
        "lon" : -122.1615855569
      }
    },
    "activities" : [ {
      "activity" : "walking",
      "group" : "walking",
      "manual" : false,
      "startTime" : "20140627T211027-0700",
      "endTime" : "20140627T211127-0700",
      "duration" : 60.0,
      "distance" : 46.0,
      "steps" : 91,
      "trackPoints" : [ ]
    } ],
    "lastUpdate" : "20140628T223547Z"
  } ],
  "lastUpdate" : "20140628T223547Z"
} ]