[ {
  "date" : "20140625",
  "summary" : [ {
    "activity" : "transport",
    "group" : "transport",
    "duration" : 4651.0,
    "distance" : 85632.0
  }, {
    "activity" : "walking",
    "group" : "walking",
    "duration" : 376.0,
    "distance" : 303.0,
    "steps" : 524
  } ],
  "segments" : [ {
    "type" : "place",
    "startTime" : "20140624T211501-0700",
    "endTime" : "20140625T000120-0700",
    "place" : {
      "id" : 75869123,
      "type" : "unknown",
      "location" : {
        "lat" : 37.4033396014,
        "lon" : -122.0854525385
      }
    },
    "lastUpdate" : "20140625T093513Z"
  }, {
    "type" : "move",
    "startTime" : "20140625T000120-0700",
    "endTime" : "20140625T010856-0700",
    "activities" : [ {
      "activity" : "transport",
      "group" : "transport",
      "manual" : false,
      "startTime" : "20140625T000120-0700",
      "endTime" : "20140625T010856-0700",
      "duration" : 4056.0,
      "distance" : 82863.0,
      "trackPoints" : [ {
        "lat" : 37.4033396014,
        "lon" : -122.0854525385,
        "time" : "20140625T000120-0700"
      }, {
        "lat" : 37.4054105194,
        "lon" : -122.0826313356,
        "time" : "20140625T000139-0700"
      }, {
        "lat" : 37.4067602209,
        "lon" : -122.0818662036,
        "time" : "20140625T000155-0700"
      }, {
        "lat" : 37.4074018362,
        "lon" : -122.0808152353,
        "time" : "20140625T000212-0700"
      }, {
        "lat" : 37.4064474212,
        "lon" : -122.0787585655,
        "time" : "20140625T000228-0700"
      }, {
        "lat" : 37.406593697,
        "lon" : -122.0781730115,
        "time" : "20140625T000252-0700"
      }, {
        "lat" : 37.4103088985,
        "lon" : -122.0780675624,
        "time" : "20140625T000322-0700"
      }, {
        "lat" : 37.415370631,
        "lon" : -122.0846424523,
        "time" : "20140625T000442-0700"
      }, {
        "lat" : 37.4256183018,
        "lon" : -122.0984637832,
        "time" : "20140625T000541-0700"
      }, {
        "lat" : 37.4314434175,
        "lon" : -122.1045960618,
        "time" : "20140625T000611-0700"
      }, {
        "lat" : 37.4337455385,
        "lon" : -122.1069428644,
        "time" : "20140625T000630-0700"
      }, {
        "lat" : 37.4352520947,
        "lon" : -122.1087941952,
        "time" : "20140625T000654-0700"
      }, {
        "lat" : 37.4366179739,
        "lon" : -122.1102879819,
        "time" : "20140625T000713-0700"
      }, {
        "lat" : 37.4544274102,
        "lon" : -122.1307406964,
        "time" : "20140625T000903-0700"
      }, {
        "lat" : 37.4559918261,
        "lon" : -122.1333419083,
        "time" : "20140625T000918-0700"
      }, {
        "lat" : 37.4624053807,
        "lon" : -122.1439198847,
        "time" : "20140625T000953-0700"
      }, {
        "lat" : 37.4660315309,
        "lon" : -122.1505040701,
        "time" : "20140625T001014-0700"
      }, {
        "lat" : 37.4686677809,
        "lon" : -122.1549075986,
        "time" : "20140625T001030-0700"
      }, {
        "lat" : 37.4903026177,
        "lon" : -122.2164164584,
        "time" : "20140625T001344-0700"
      }, {
        "lat" : 37.4941961414,
        "lon" : -122.2254570658,
        "time" : "20140625T001415-0700"
      }, {
        "lat" : 37.4957850491,
        "lon" : -122.2305788063,
        "time" : "20140625T001431-0700"
      }, {
        "lat" : 37.5196933328,
        "lon" : -122.2626283958,
        "time" : "20140625T001648-0700"
      }, {
        "lat" : 37.5280435993,
        "lon" : -122.2718244777,
        "time" : "20140625T001727-0700"
      }, {
        "lat" : 37.5352445739,
        "lon" : -122.2791215726,
        "time" : "20140625T001759-0700"
      }, {
        "lat" : 37.5387365427,
        "lon" : -122.282366517,
        "time" : "20140625T001815-0700"
      }, {
        "lat" : 37.5422314504,
        "lon" : -122.2856579903,
        "time" : "20140625T001831-0700"
      }, {
        "lat" : 37.54739866,
        "lon" : -122.2905124543,
        "time" : "20140625T001857-0700"
      }, {
        "lat" : 37.5572257252,
        "lon" : -122.299728188,
        "time" : "20140625T001940-0700"
      }, {
        "lat" : 37.5673394961,
        "lon" : -122.310125812,
        "time" : "20140625T002031-0700"
      }, {
        "lat" : 37.5741391712,
        "lon" : -122.3174918913,
        "time" : "20140625T002102-0700"
      }, {
        "lat" : 37.5865329703,
        "lon" : -122.3323199135,
        "time" : "20140625T002204-0700"
      }, {
        "lat" : 37.5870794995,
        "lon" : -122.3392047271,
        "time" : "20140625T002223-0700"
      }, {
        "lat" : 37.587175785,
        "lon" : -122.3458602328,
        "time" : "20140625T002243-0700"
      }, {
        "lat" : 37.6214261127,
        "lon" : -122.4000016543,
        "time" : "20140625T002615-0700"
      }, {
        "lat" : 37.6269421849,
        "lon" : -122.4018446076,
        "time" : "20140625T002636-0700"
      }, {
        "lat" : 37.6323920326,
        "lon" : -122.4027412036,
        "time" : "20140625T002656-0700"
      }, {
        "lat" : 37.64072766,
        "lon" : -122.4056712492,
        "time" : "20140625T002730-0700"
      }, {
        "lat" : 37.6802662744,
        "lon" : -122.3885613038,
        "time" : "20140625T003022-0700"
      }, {
        "lat" : 37.6859744698,
        "lon" : -122.3897618753,
        "time" : "20140625T003044-0700"
      }, {
        "lat" : 37.689958474,
        "lon" : -122.3906876895,
        "time" : "20140625T003059-0700"
      }, {
        "lat" : 37.7207823808,
        "lon" : -122.4001634745,
        "time" : "20140625T003301-0700"
      }, {
        "lat" : 37.7261388656,
        "lon" : -122.4020325079,
        "time" : "20140625T003322-0700"
      }, {
        "lat" : 37.7366709974,
        "lon" : -122.4074430182,
        "time" : "20140625T003410-0700"
      }, {
        "lat" : 37.7427476869,
        "lon" : -122.406609488,
        "time" : "20140625T003436-0700"
      }, {
        "lat" : 37.7469891684,
        "lon" : -122.4043605385,
        "time" : "20140625T003455-0700"
      }, {
        "lat" : 37.7517331275,
        "lon" : -122.4029587069,
        "time" : "20140625T003518-0700"
      }, {
        "lat" : 37.7564370034,
        "lon" : -122.4038273719,
        "time" : "20140625T003540-0700"
      }, {
        "lat" : 37.7636412664,
        "lon" : -122.4053255768,
        "time" : "20140625T003610-0700"
      }, {
        "lat" : 37.7703874116,
        "lon" : -122.4061375549,
        "time" : "20140625T003638-0700"
      }, {
        "lat" : 37.7760371237,
        "lon" : -122.4045722246,
        "time" : "20140625T003709-0700"
      }, {
        "lat" : 37.7795440546,
        "lon" : -122.3995252358,
        "time" : "20140625T003726-0700"
      }, {
        "lat" : 37.7815719959,
        "lon" : -122.3967596911,
        "time" : "20140625T003742-0700"
      }, {
        "lat" : 37.7855752254,
        "lon" : -122.3913451611,
        "time" : "20140625T003812-0700"
      }, {
        "lat" : 37.7883668768,
        "lon" : -122.3888561312,
        "time" : "20140625T003833-0700"
      }, {
        "lat" : 37.7885691458,
        "lon" : -122.3878037088,
        "time" : "20140625T003856-0700"
      }, {
        "lat" : 37.7951259829,
        "lon" : -122.381258073,
        "time" : "20140625T004234-0700"
      }, {
        "lat" : 37.7954816877,
        "lon" : -122.3808540486,
        "time" : "20140625T004252-0700"
      }, {
        "lat" : 37.7956584615,
        "lon" : -122.3807008779,
        "time" : "20140625T004309-0700"
      }, {
        "lat" : 37.7956584615,
        "lon" : -122.3807008779,
        "time" : "20140625T004504-0700"
      }, {
        "lat" : 37.7999500194,
        "lon" : -122.3762821813,
        "time" : "20140625T004611-0700"
      }, {
        "lat" : 37.8001445377,
        "lon" : -122.3759024904,
        "time" : "20140625T004629-0700"
      }, {
        "lat" : 37.8008668997,
        "lon" : -122.3749580932,
        "time" : "20140625T004654-0700"
      }, {
        "lat" : 37.804987682,
        "lon" : -122.3706383337,
        "time" : "20140625T005012-0700"
      }, {
        "lat" : 37.805255851,
        "lon" : -122.3703275939,
        "time" : "20140625T005028-0700"
      }, {
        "lat" : 37.8054691622,
        "lon" : -122.3700614388,
        "time" : "20140625T005046-0700"
      }, {
        "lat" : 37.8139507372,
        "lon" : -122.3599629227,
        "time" : "20140625T005408-0700"
      }, {
        "lat" : 37.8148992666,
        "lon" : -122.3584442898,
        "time" : "20140625T005425-0700"
      }, {
        "lat" : 37.8158824852,
        "lon" : -122.3569592243,
        "time" : "20140625T005442-0700"
      }, {
        "lat" : 37.8172687937,
        "lon" : -122.3545739557,
        "time" : "20140625T005458-0700"
      }, {
        "lat" : 37.8212177285,
        "lon" : -122.3333352543,
        "time" : "20140625T005818-0700"
      }, {
        "lat" : 37.8214239991,
        "lon" : -122.3316562296,
        "time" : "20140625T005836-0700"
      }, {
        "lat" : 37.8217012713,
        "lon" : -122.3293524331,
        "time" : "20140625T005901-0700"
      }, {
        "lat" : 37.8251554399,
        "lon" : -122.318770486,
        "time" : "20140625T005959-0700"
      }, {
        "lat" : 37.8251560326,
        "lon" : -122.31876867,
        "time" : "20140625T010000-0700"
      }, {
        "lat" : 37.8332892679,
        "lon" : -122.2938522643,
        "time" : "20140625T010217-0700"
      }, {
        "lat" : 37.8377715527,
        "lon" : -122.2962182699,
        "time" : "20140625T010238-0700"
      }, {
        "lat" : 37.841206383,
        "lon" : -122.2968678793,
        "time" : "20140625T010254-0700"
      }, {
        "lat" : 37.8443681785,
        "lon" : -122.2975651781,
        "time" : "20140625T010309-0700"
      }, {
        "lat" : 37.8480911021,
        "lon" : -122.2969009902,
        "time" : "20140625T010334-0700"
      }, {
        "lat" : 37.850503347,
        "lon" : -122.2928231439,
        "time" : "20140625T010359-0700"
      }, {
        "lat" : 37.8515459196,
        "lon" : -122.2896634111,
        "time" : "20140625T010420-0700"
      }, {
        "lat" : 37.8520026443,
        "lon" : -122.2871001283,
        "time" : "20140625T010441-0700"
      }, {
        "lat" : 37.8521476574,
        "lon" : -122.2865861327,
        "time" : "20140625T010459-0700"
      }, {
        "lat" : 37.8543107629,
        "lon" : -122.2874846003,
        "time" : "20140625T010546-0700"
      }, {
        "lat" : 37.8563826155,
        "lon" : -122.2882141611,
        "time" : "20140625T010608-0700"
      }, {
        "lat" : 37.8583465156,
        "lon" : -122.2886113622,
        "time" : "20140625T010626-0700"
      }, {
        "lat" : 37.8603531801,
        "lon" : -122.2892430775,
        "time" : "20140625T010643-0700"
      }, {
        "lat" : 37.8611307157,
        "lon" : -122.288624797,
        "time" : "20140625T010700-0700"
      }, {
        "lat" : 37.8613851304,
        "lon" : -122.2864262746,
        "time" : "20140625T010718-0700"
      }, {
        "lat" : 37.8617947675,
        "lon" : -122.2841955777,
        "time" : "20140625T010738-0700"
      }, {
        "lat" : 37.8622087894,
        "lon" : -122.2820040595,
        "time" : "20140625T010757-0700"
      }, {
        "lat" : 37.8637866739,
        "lon" : -122.2822383081,
        "time" : "20140625T010819-0700"
      }, {
        "lat" : 37.8651493645,
        "lon" : -122.282029798,
        "time" : "20140625T010856-0700"
      } ]
    } ],
    "lastUpdate" : "20140625T093513Z"
  }, {
    "type" : "place",
    "startTime" : "20140625T010856-0700",
    "endTime" : "20140625T165951-0700",
    "place" : {
      "id" : 72187887,
      "name" : "Home",
      "type" : "home",
      "location" : {
        "lat" : 37.8651493645,
        "lon" : -122.282029798
      }
    },
    "activities" : [ {
      "activity" : "walking",
      "group" : "walking",
      "manual" : false,
      "startTime" : "20140625T011825-0700",
      "endTime" : "20140625T011855-0700",
      "duration" : 30.0,
      "distance" : 15.0,
      "steps" : 20,
      "trackPoints" : [ ]
    } ],
    "lastUpdate" : "20140626T031608Z"
  }, {
    "type" : "move",
    "startTime" : "20140625T165951-0700",
    "endTime" : "20140625T170807-0700",
    "activities" : [ {
      "activity" : "transport",
      "group" : "transport",
      "manual" : false,
      "startTime" : "20140625T165951-0700",
      "endTime" : "20140625T170352-0700",
      "duration" : 241.0,
      "distance" : 1258.0,
      "trackPoints" : [ {
        "lat" : 37.8651493645,
        "lon" : -122.282029798,
        "time" : "20140625T165951-0700"
      }, {
        "lat" : 37.865510224,
        "lon" : -122.2819914368,
        "time" : "20140625T165959-0700"
      }, {
        "lat" : 37.8655106446,
        "lon" : -122.2819913921,
        "time" : "20140625T170000-0700"
      }, {
        "lat" : 37.8672053177,
        "lon" : -122.2818112396,
        "time" : "20140625T170040-0700"
      }, {
        "lat" : 37.8673483452,
        "lon" : -122.2816673688,
        "time" : "20140625T170059-0700"
      }, {
        "lat" : 37.8694239461,
        "lon" : -122.2817659568,
        "time" : "20140625T170122-0700"
      }, {
        "lat" : 37.8693871178,
        "lon" : -122.2815012319,
        "time" : "20140625T170142-0700"
      }, {
        "lat" : 37.8697187909,
        "lon" : -122.2795938357,
        "time" : "20140625T170202-0700"
      }, {
        "lat" : 37.8700284011,
        "lon" : -122.2774579979,
        "time" : "20140625T170225-0700"
      }, {
        "lat" : 37.8704135638,
        "lon" : -122.2755481586,
        "time" : "20140625T170247-0700"
      }, {
        "lat" : 37.8708764603,
        "lon" : -122.2751955233,
        "time" : "20140625T170307-0700"
      }, {
        "lat" : 37.8710084318,
        "lon" : -122.2751920309,
        "time" : "20140625T170332-0700"
      }, {
        "lat" : 37.8711237679,
        "lon" : -122.2751728877,
        "time" : "20140625T170351-0700"
      } ]
    }, {
      "activity" : "walking",
      "group" : "walking",
      "manual" : false,
      "startTime" : "20140625T170351-0700",
      "endTime" : "20140625T170807-0700",
      "duration" : 256.0,
      "distance" : 222.0,
      "steps" : 371,
      "trackPoints" : [ {
        "lat" : 37.8711237679,
        "lon" : -122.2751728877,
        "time" : "20140625T170351-0700"
      }, {
        "lat" : 37.8712301118,
        "lon" : -122.2749028857,
        "time" : "20140625T170417-0700"
      }, {
        "lat" : 37.8712686312,
        "lon" : -122.2745946667,
        "time" : "20140625T170443-0700"
      }, {
        "lat" : 37.8713110376,
        "lon" : -122.2742939184,
        "time" : "20140625T170501-0700"
      }, {
        "lat" : 37.8713558973,
        "lon" : -122.2740076564,
        "time" : "20140625T170518-0700"
      }, {
        "lat" : 37.8714565032,
        "lon" : -122.27371847,
        "time" : "20140625T170533-0700"
      }, {
        "lat" : 37.8714955418,
        "lon" : -122.2732477898,
        "time" : "20140625T170601-0700"
      }, {
        "lat" : 37.8715545919,
        "lon" : -122.2730833049,
        "time" : "20140625T170631-0700"
      }, {
        "lat" : 37.8716213229,
        "lon" : -122.2730818799,
        "time" : "20140625T170655-0700"
      }, {
        "lat" : 37.8716596756,
        "lon" : -122.273099101,
        "time" : "20140625T170711-0700"
      }, {
        "lat" : 37.8717273277,
        "lon" : -122.2731115148,
        "time" : "20140625T170737-0700"
      }, {
        "lat" : 37.8717346586,
        "lon" : -122.2731595893,
        "time" : "20140625T170807-0700"
      } ]
    } ],
    "lastUpdate" : "20140626T031608Z"
  }, {
    "type" : "place",
    "startTime" : "20140625T170807-0700",
    "endTime" : "20140625T171916-0700",
    "place" : {
      "id" : 76998232,
      "type" : "unknown",
      "location" : {
        "lat" : 37.8717346586,
        "lon" : -122.2731595893
      }
    },
    "activities" : [ {
      "activity" : "walking",
      "group" : "walking",
      "manual" : false,
      "startTime" : "20140625T171222-0700",
      "endTime" : "20140625T171252-0700",
      "duration" : 30.0,
      "distance" : 20.0,
      "steps" : 41,
      "trackPoints" : [ ]
    } ],
    "lastUpdate" : "20140626T031608Z"
  }, {
    "type" : "move",
    "startTime" : "20140625T171916-0700",
    "endTime" : "20140625T172509-0700",
    "activities" : [ {
      "activity" : "transport",
      "group" : "transport",
      "manual" : false,
      "startTime" : "20140625T171916-0700",
      "endTime" : "20140625T172510-0700",
      "duration" : 354.0,
      "distance" : 1511.0,
      "trackPoints" : [ {
        "lat" : 37.8717346586,
        "lon" : -122.2731595893,
        "time" : "20140625T171916-0700"
      }, {
        "lat" : 37.870903521,
        "lon" : -122.2753002471,
        "time" : "20140625T172133-0700"
      }, {
        "lat" : 37.8704344839,
        "lon" : -122.2753006377,
        "time" : "20140625T172149-0700"
      }, {
        "lat" : 37.8686319952,
        "lon" : -122.275192963,
        "time" : "20140625T172213-0700"
      }, {
        "lat" : 37.868297292,
        "lon" : -122.2773771319,
        "time" : "20140625T172237-0700"
      }, {
        "lat" : 37.8680901353,
        "lon" : -122.2791611699,
        "time" : "20140625T172256-0700"
      }, {
        "lat" : 37.8673719552,
        "lon" : -122.2815492287,
        "time" : "20140625T172326-0700"
      }, {
        "lat" : 37.8659118884,
        "lon" : -122.281487548,
        "time" : "20140625T172404-0700"
      }, {
        "lat" : 37.8651233471,
        "lon" : -122.2825254588,
        "time" : "20140625T172452-0700"
      }, {
        "lat" : 37.8651493645,
        "lon" : -122.282029798,
        "time" : "20140625T172509-0700"
      } ]
    } ],
    "lastUpdate" : "20140626T031608Z"
  }, {
    "type" : "place",
    "startTime" : "20140625T172509-0700",
    "endTime" : "20140626T082559-0700",
    "place" : {
      "id" : 72187887,
      "name" : "Home",
      "type" : "home",
      "location" : {
        "lat" : 37.8651493645,
        "lon" : -122.282029798
      }
    },
    "activities" : [ {
      "activity" : "walking",
      "group" : "walking",
      "manual" : false,
      "startTime" : "20140625T172540-0700",
      "endTime" : "20140625T172640-0700",
      "duration" : 60.0,
      "distance" : 46.0,
      "steps" : 92,
      "trackPoints" : [ ]
    } ],
    "lastUpdate" : "20140626T231857Z"
  } ],
  "lastUpdate" : "20140626T231857Z"
} ]