[ {
  "date" : "20140628",
  "summary" : [ {
    "activity" : "walking",
    "group" : "walking",
    "duration" : 313.0,
    "distance" : 289.0,
    "steps" : 498
  }, {
    "activity" : "transport",
    "group" : "transport",
    "duration" : 7108.0,
    "distance" : 156962.0
  } ],
  "segments" : [ {
    "type" : "move",
    "startTime" : "20140628T001901-0700",
    "endTime" : "20140628T012631-0700",
    "activities" : [ {
      "activity" : "walking",
      "group" : "walking",
      "manual" : false,
      "startTime" : "20140628T001901-0700",
      "endTime" : "20140628T002314-0700",
      "duration" : 253.0,
      "distance" : 244.0,
      "steps" : 407,
      "trackPoints" : [ {
        "lat" : 37.4469485193,
        "lon" : -122.1666562227,
        "time" : "20140628T001901-0700"
      }, {
        "lat" : 37.446984941,
        "lon" : -122.1666538828,
        "time" : "20140628T001916-0700"
      }, {
        "lat" : 37.4472330889,
        "lon" : -122.1667530654,
        "time" : "20140628T001940-0700"
      }, {
        "lat" : 37.4472248178,
        "lon" : -122.1666447549,
        "time" : "20140628T002005-0700"
      }, {
        "lat" : 37.4472322296,
        "lon" : -122.1665924254,
        "time" : "20140628T002028-0700"
      }, {
        "lat" : 37.4471787521,
        "lon" : -122.1663422984,
        "time" : "20140628T002050-0700"
      }, {
        "lat" : 37.4469035573,
        "lon" : -122.1660818609,
        "time" : "20140628T002110-0700"
      }, {
        "lat" : 37.4467115121,
        "lon" : -122.165894593,
        "time" : "20140628T002127-0700"
      }, {
        "lat" : 37.4465525757,
        "lon" : -122.1656059151,
        "time" : "20140628T002154-0700"
      }, {
        "lat" : 37.4464395226,
        "lon" : -122.1654209077,
        "time" : "20140628T002214-0700"
      }, {
        "lat" : 37.4462986871,
        "lon" : -122.1651755657,
        "time" : "20140628T002239-0700"
      }, {
        "lat" : 37.4461472352,
        "lon" : -122.1649566414,
        "time" : "20140628T002257-0700"
      }, {
        "lat" : 37.4461188929,
        "lon" : -122.1649196352,
        "time" : "20140628T002314-0700"
      } ]
    }, {
      "activity" : "transport",
      "group" : "transport",
      "manual" : false,
      "startTime" : "20140628T002314-0700",
      "endTime" : "20140628T012632-0700",
      "duration" : 3798.0,
      "distance" : 71135.0,
      "trackPoints" : [ {
        "lat" : 37.4461188929,
        "lon" : -122.1649196352,
        "time" : "20140628T002314-0700"
      }, {
        "lat" : 37.4460757379,
        "lon" : -122.1649329256,
        "time" : "20140628T002334-0700"
      }, {
        "lat" : 37.446150851,
        "lon" : -122.1649113071,
        "time" : "20140628T002402-0700"
      }, {
        "lat" : 37.4464740106,
        "lon" : -122.1647722548,
        "time" : "20140628T002427-0700"
      }, {
        "lat" : 37.4461874696,
        "lon" : -122.1633891016,
        "time" : "20140628T002452-0700"
      }, {
        "lat" : 37.4463729787,
        "lon" : -122.1628770481,
        "time" : "20140628T002510-0700"
      }, {
        "lat" : 37.447238685,
        "lon" : -122.1622595174,
        "time" : "20140628T002544-0700"
      }, {
        "lat" : 37.4478395081,
        "lon" : -122.1616505617,
        "time" : "20140628T002602-0700"
      }, {
        "lat" : 37.4489684751,
        "lon" : -122.1606409268,
        "time" : "20140628T002623-0700"
      }, {
        "lat" : 37.4501296899,
        "lon" : -122.1588738049,
        "time" : "20140628T002706-0700"
      }, {
        "lat" : 37.4496057194,
        "lon" : -122.1581287368,
        "time" : "20140628T002723-0700"
      }, {
        "lat" : 37.4504343619,
        "lon" : -122.1571227724,
        "time" : "20140628T002750-0700"
      }, {
        "lat" : 37.4512720105,
        "lon" : -122.1563633462,
        "time" : "20140628T002811-0700"
      }, {
        "lat" : 37.4523948574,
        "lon" : -122.1552246714,
        "time" : "20140628T002832-0700"
      }, {
        "lat" : 37.455762946,
        "lon" : -122.1510761377,
        "time" : "20140628T002905-0700"
      }, {
        "lat" : 37.4555968863,
        "lon" : -122.1479637171,
        "time" : "20140628T002923-0700"
      }, {
        "lat" : 37.4560429353,
        "lon" : -122.1453033729,
        "time" : "20140628T002943-0700"
      }, {
        "lat" : 37.4572631595,
        "lon" : -122.1426595271,
        "time" : "20140628T003004-0700"
      }, {
        "lat" : 37.4590884699,
        "lon" : -122.1408304088,
        "time" : "20140628T003025-0700"
      }, {
        "lat" : 37.4622691885,
        "lon" : -122.1409102066,
        "time" : "20140628T003044-0700"
      }, {
        "lat" : 37.4624895643,
        "lon" : -122.1417583312,
        "time" : "20140628T003106-0700"
      }, {
        "lat" : 37.4625605351,
        "lon" : -122.1418023091,
        "time" : "20140628T003123-0700"
      }, {
        "lat" : 37.4625694242,
        "lon" : -122.1418038275,
        "time" : "20140628T003139-0700"
      }, {
        "lat" : 37.4628289355,
        "lon" : -122.142201969,
        "time" : "20140628T003154-0700"
      }, {
        "lat" : 37.4628300039,
        "lon" : -122.1422604537,
        "time" : "20140628T003222-0700"
      }, {
        "lat" : 37.4628300039,
        "lon" : -122.1422604537,
        "time" : "20140628T003256-0700"
      }, {
        "lat" : 37.4628300039,
        "lon" : -122.1422604537,
        "time" : "20140628T003315-0700"
      }, {
        "lat" : 37.4628300039,
        "lon" : -122.1422604537,
        "time" : "20140628T003350-0700"
      }, {
        "lat" : 37.4628300039,
        "lon" : -122.1422604537,
        "time" : "20140628T003424-0700"
      }, {
        "lat" : 37.4628350925,
        "lon" : -122.142273338,
        "time" : "20140628T003509-0700"
      }, {
        "lat" : 37.4627868649,
        "lon" : -122.1421833896,
        "time" : "20140628T003526-0700"
      }, {
        "lat" : 37.4627868649,
        "lon" : -122.1421833896,
        "time" : "20140628T003545-0700"
      }, {
        "lat" : 37.4627868649,
        "lon" : -122.1421833896,
        "time" : "20140628T003606-0700"
      }, {
        "lat" : 37.4627868649,
        "lon" : -122.1421833896,
        "time" : "20140628T003639-0700"
      }, {
        "lat" : 37.4624450524,
        "lon" : -122.1427524803,
        "time" : "20140628T003732-0700"
      }, {
        "lat" : 37.4624519337,
        "lon" : -122.1424582951,
        "time" : "20140628T003748-0700"
      }, {
        "lat" : 37.4627293,
        "lon" : -122.1422504299,
        "time" : "20140628T003813-0700"
      }, {
        "lat" : 37.4642214346,
        "lon" : -122.1416402167,
        "time" : "20140628T003843-0700"
      }, {
        "lat" : 37.467154875,
        "lon" : -122.1414776546,
        "time" : "20140628T003901-0700"
      }, {
        "lat" : 37.4689695662,
        "lon" : -122.1411399483,
        "time" : "20140628T003917-0700"
      }, {
        "lat" : 37.4707443552,
        "lon" : -122.1399283639,
        "time" : "20140628T003933-0700"
      }, {
        "lat" : 37.4715783429,
        "lon" : -122.1394667816,
        "time" : "20140628T003949-0700"
      }, {
        "lat" : 37.4750788925,
        "lon" : -122.1395974171,
        "time" : "20140628T004014-0700"
      }, {
        "lat" : 37.4785867405,
        "lon" : -122.139403063,
        "time" : "20140628T004036-0700"
      }, {
        "lat" : 37.5032165333,
        "lon" : -122.1224490438,
        "time" : "20140628T004308-0700"
      }, {
        "lat" : 37.5068671507,
        "lon" : -122.1170833633,
        "time" : "20140628T004330-0700"
      }, {
        "lat" : 37.5109821027,
        "lon" : -122.1113643842,
        "time" : "20140628T004355-0700"
      }, {
        "lat" : 37.5429252042,
        "lon" : -122.0639086944,
        "time" : "20140628T004703-0700"
      }, {
        "lat" : 37.5462016567,
        "lon" : -122.0595887678,
        "time" : "20140628T004720-0700"
      }, {
        "lat" : 37.5515142592,
        "lon" : -122.0524934885,
        "time" : "20140628T004748-0700"
      }, {
        "lat" : 37.5561985681,
        "lon" : -122.0452349411,
        "time" : "20140628T004815-0700"
      }, {
        "lat" : 37.5597247878,
        "lon" : -122.0414269235,
        "time" : "20140628T004832-0700"
      }, {
        "lat" : 37.5634296582,
        "lon" : -122.038372443,
        "time" : "20140628T004853-0700"
      }, {
        "lat" : 37.5636798069,
        "lon" : -122.0383130867,
        "time" : "20140628T004916-0700"
      }, {
        "lat" : 37.5662437309,
        "lon" : -122.0411519842,
        "time" : "20140628T004931-0700"
      }, {
        "lat" : 37.5697198027,
        "lon" : -122.0444680052,
        "time" : "20140628T004947-0700"
      }, {
        "lat" : 37.5774853871,
        "lon" : -122.0477161179,
        "time" : "20140628T005017-0700"
      }, {
        "lat" : 37.582263011,
        "lon" : -122.0494272842,
        "time" : "20140628T005035-0700"
      }, {
        "lat" : 37.5867331057,
        "lon" : -122.0521860102,
        "time" : "20140628T005053-0700"
      }, {
        "lat" : 37.5914796439,
        "lon" : -122.0556022903,
        "time" : "20140628T005113-0700"
      }, {
        "lat" : 37.596045322,
        "lon" : -122.0587987056,
        "time" : "20140628T005132-0700"
      }, {
        "lat" : 37.6024917085,
        "lon" : -122.0634377546,
        "time" : "20140628T005159-0700"
      }, {
        "lat" : 37.6062782469,
        "lon" : -122.0661336286,
        "time" : "20140628T005215-0700"
      }, {
        "lat" : 37.6110690839,
        "lon" : -122.0695695431,
        "time" : "20140628T005235-0700"
      }, {
        "lat" : 37.6180041372,
        "lon" : -122.0745066133,
        "time" : "20140628T005304-0700"
      }, {
        "lat" : 37.622774785,
        "lon" : -122.0779161493,
        "time" : "20140628T005324-0700"
      }, {
        "lat" : 37.6266236661,
        "lon" : -122.0806415958,
        "time" : "20140628T005340-0700"
      }, {
        "lat" : 37.6335591127,
        "lon" : -122.0855980454,
        "time" : "20140628T005409-0700"
      }, {
        "lat" : 37.6399903008,
        "lon" : -122.0901375829,
        "time" : "20140628T005436-0700"
      }, {
        "lat" : 37.6436924645,
        "lon" : -122.0924337332,
        "time" : "20140628T005456-0700"
      }, {
        "lat" : 37.6484981566,
        "lon" : -122.0916592281,
        "time" : "20140628T005526-0700"
      }, {
        "lat" : 37.649123884,
        "lon" : -122.0914236163,
        "time" : "20140628T005543-0700"
      }, {
        "lat" : 37.6519116549,
        "lon" : -122.0900598348,
        "time" : "20140628T005613-0700"
      }, {
        "lat" : 37.6528190239,
        "lon" : -122.089659591,
        "time" : "20140628T005636-0700"
      }, {
        "lat" : 37.6525248455,
        "lon" : -122.0901729146,
        "time" : "20140628T005705-0700"
      }, {
        "lat" : 37.652521401,
        "lon" : -122.0900602539,
        "time" : "20140628T005726-0700"
      }, {
        "lat" : 37.6525281186,
        "lon" : -122.0900772898,
        "time" : "20140628T005745-0700"
      }, {
        "lat" : 37.6525375947,
        "lon" : -122.0901053877,
        "time" : "20140628T005802-0700"
      }, {
        "lat" : 37.6525527554,
        "lon" : -122.0901181936,
        "time" : "20140628T005819-0700"
      }, {
        "lat" : 37.6525651937,
        "lon" : -122.0901396418,
        "time" : "20140628T005843-0700"
      }, {
        "lat" : 37.6525655452,
        "lon" : -122.0901400221,
        "time" : "20140628T005902-0700"
      }, {
        "lat" : 37.6525676449,
        "lon" : -122.0901350445,
        "time" : "20140628T005917-0700"
      }, {
        "lat" : 37.6525722507,
        "lon" : -122.0901305718,
        "time" : "20140628T005938-0700"
      }, {
        "lat" : 37.6525805059,
        "lon" : -122.0901213402,
        "time" : "20140628T005959-0700"
      }, {
        "lat" : 37.6525811327,
        "lon" : -122.0901207224,
        "time" : "20140628T005959-0700"
      }, {
        "lat" : 37.6525811393,
        "lon" : -122.0901207159,
        "time" : "20140628T010000-0700"
      }, {
        "lat" : 37.6526097921,
        "lon" : -122.0900924692,
        "time" : "20140628T010043-0700"
      }, {
        "lat" : 37.6526153882,
        "lon" : -122.0901005162,
        "time" : "20140628T010111-0700"
      }, {
        "lat" : 37.6526032378,
        "lon" : -122.0901245131,
        "time" : "20140628T010136-0700"
      }, {
        "lat" : 37.6529367979,
        "lon" : -122.0902271986,
        "time" : "20140628T010152-0700"
      }, {
        "lat" : 37.6527493297,
        "lon" : -122.0904655346,
        "time" : "20140628T010212-0700"
      }, {
        "lat" : 37.6524559595,
        "lon" : -122.0903066798,
        "time" : "20140628T010227-0700"
      }, {
        "lat" : 37.6524091198,
        "lon" : -122.0901267054,
        "time" : "20140628T010252-0700"
      }, {
        "lat" : 37.6511220144,
        "lon" : -122.090649037,
        "time" : "20140628T010311-0700"
      }, {
        "lat" : 37.6493594295,
        "lon" : -122.0915127345,
        "time" : "20140628T010339-0700"
      }, {
        "lat" : 37.646773212,
        "lon" : -122.0943355417,
        "time" : "20140628T010412-0700"
      }, {
        "lat" : 37.6545358482,
        "lon" : -122.1002898987,
        "time" : "20140628T010450-0700"
      }, {
        "lat" : 37.6624513321,
        "lon" : -122.10525626,
        "time" : "20140628T010518-0700"
      }, {
        "lat" : 37.6666613534,
        "lon" : -122.1076275817,
        "time" : "20140628T010536-0700"
      }, {
        "lat" : 37.6740995131,
        "lon" : -122.1137121088,
        "time" : "20140628T010605-0700"
      }, {
        "lat" : 37.6770581794,
        "lon" : -122.1179556282,
        "time" : "20140628T010620-0700"
      }, {
        "lat" : 37.6800595252,
        "lon" : -122.1224754778,
        "time" : "20140628T010636-0700"
      }, {
        "lat" : 37.6844456247,
        "lon" : -122.128810123,
        "time" : "20140628T010700-0700"
      }, {
        "lat" : 37.6864217636,
        "lon" : -122.1324277413,
        "time" : "20140628T010716-0700"
      }, {
        "lat" : 37.6933371943,
        "lon" : -122.1416871557,
        "time" : "20140628T010749-0700"
      }, {
        "lat" : 37.698353742,
        "lon" : -122.1490925796,
        "time" : "20140628T010817-0700"
      }, {
        "lat" : 37.7054624603,
        "lon" : -122.1592655125,
        "time" : "20140628T010854-0700"
      }, {
        "lat" : 37.7109324847,
        "lon" : -122.1675788604,
        "time" : "20140628T010928-0700"
      }, {
        "lat" : 37.7205857933,
        "lon" : -122.1781076971,
        "time" : "20140628T011011-0700"
      }, {
        "lat" : 37.7242076787,
        "lon" : -122.1818088074,
        "time" : "20140628T011028-0700"
      }, {
        "lat" : 37.7311705874,
        "lon" : -122.188002496,
        "time" : "20140628T011059-0700"
      }, {
        "lat" : 37.7351351075,
        "lon" : -122.1917420567,
        "time" : "20140628T011120-0700"
      }, {
        "lat" : 37.7410002557,
        "lon" : -122.1981002768,
        "time" : "20140628T011147-0700"
      }, {
        "lat" : 37.7462530388,
        "lon" : -122.2017245176,
        "time" : "20140628T011202-0700"
      }, {
        "lat" : 37.7640542999,
        "lon" : -122.2168867614,
        "time" : "20140628T011326-0700"
      }, {
        "lat" : 37.7707944669,
        "lon" : -122.2227359933,
        "time" : "20140628T011356-0700"
      }, {
        "lat" : 37.7736559926,
        "lon" : -122.2290129782,
        "time" : "20140628T011416-0700"
      }, {
        "lat" : 37.7754877355,
        "lon" : -122.2341720778,
        "time" : "20140628T011431-0700"
      }, {
        "lat" : 37.7788129496,
        "lon" : -122.2377174738,
        "time" : "20140628T011447-0700"
      }, {
        "lat" : 37.7832024758,
        "lon" : -122.2399044119,
        "time" : "20140628T011504-0700"
      }, {
        "lat" : 37.7851311059,
        "lon" : -122.2434709066,
        "time" : "20140628T011520-0700"
      }, {
        "lat" : 37.7885869393,
        "lon" : -122.2529700087,
        "time" : "20140628T011551-0700"
      }, {
        "lat" : 37.7938273717,
        "lon" : -122.264612807,
        "time" : "20140628T011628-0700"
      }, {
        "lat" : 37.7991414833,
        "lon" : -122.2767388942,
        "time" : "20140628T011711-0700"
      }, {
        "lat" : 37.8046808528,
        "lon" : -122.3028721492,
        "time" : "20140628T011828-0700"
      }, {
        "lat" : 37.8082389939,
        "lon" : -122.3045252557,
        "time" : "20140628T011843-0700"
      }, {
        "lat" : 37.8136338729,
        "lon" : -122.3014819721,
        "time" : "20140628T011908-0700"
      }, {
        "lat" : 37.8361034609,
        "lon" : -122.2955016131,
        "time" : "20140628T012052-0700"
      }, {
        "lat" : 37.8419740515,
        "lon" : -122.2973352465,
        "time" : "20140628T012116-0700"
      }, {
        "lat" : 37.8480196628,
        "lon" : -122.2969550516,
        "time" : "20140628T012147-0700"
      }, {
        "lat" : 37.8514866309,
        "lon" : -122.289680915,
        "time" : "20140628T012234-0700"
      }, {
        "lat" : 37.8519811617,
        "lon" : -122.2873958372,
        "time" : "20140628T012250-0700"
      }, {
        "lat" : 37.8521196314,
        "lon" : -122.2868761128,
        "time" : "20140628T012306-0700"
      }, {
        "lat" : 37.8530021514,
        "lon" : -122.2868572275,
        "time" : "20140628T012322-0700"
      }, {
        "lat" : 37.8546344406,
        "lon" : -122.2875438946,
        "time" : "20140628T012339-0700"
      }, {
        "lat" : 37.8593784298,
        "lon" : -122.2892533975,
        "time" : "20140628T012417-0700"
      }, {
        "lat" : 37.8616114743,
        "lon" : -122.2856763069,
        "time" : "20140628T012516-0700"
      }, {
        "lat" : 37.8628277443,
        "lon" : -122.2822722141,
        "time" : "20140628T012548-0700"
      }, {
        "lat" : 37.8638911023,
        "lon" : -122.282082057,
        "time" : "20140628T012604-0700"
      }, {
        "lat" : 37.8651493645,
        "lon" : -122.282029798,
        "time" : "20140628T012631-0700"
      } ]
    } ],
    "lastUpdate" : "20140628T223547Z"
  }, {
    "type" : "place",
    "startTime" : "20140628T012646-0700",
    "endTime" : "20140628T153517-0700",
    "place" : {
      "id" : 72187887,
      "name" : "Home",
      "type" : "home",
      "location" : {
        "lat" : 37.8651493645,
        "lon" : -122.282029798
      }
    },
    "lastUpdate" : "20140629T080924Z"
  }, {
    "type" : "move",
    "startTime" : "20140628T153517-0700",
    "endTime" : "20140628T163026-0700",
    "activities" : [ {
      "activity" : "transport",
      "group" : "transport",
      "manual" : false,
      "startTime" : "20140628T153517-0700",
      "endTime" : "20140628T163027-0700",
      "duration" : 3310.0,
      "distance" : 85827.0,
      "trackPoints" : [ {
        "lat" : 37.8651493645,
        "lon" : -122.282029798,
        "time" : "20140628T153517-0700"
      }, {
        "lat" : 37.860468781,
        "lon" : -122.2806287662,
        "time" : "20140628T153540-0700"
      }, {
        "lat" : 37.8580590754,
        "lon" : -122.2801320988,
        "time" : "20140628T153603-0700"
      }, {
        "lat" : 37.8563344079,
        "lon" : -122.2797727421,
        "time" : "20140628T153619-0700"
      }, {
        "lat" : 37.8545944563,
        "lon" : -122.279486751,
        "time" : "20140628T153638-0700"
      }, {
        "lat" : 37.8532757802,
        "lon" : -122.2791938045,
        "time" : "20140628T153654-0700"
      }, {
        "lat" : 37.8413267478,
        "lon" : -122.2701786064,
        "time" : "20140628T154136-0700"
      }, {
        "lat" : 37.8401962319,
        "lon" : -122.2699821448,
        "time" : "20140628T154153-0700"
      }, {
        "lat" : 37.8383285971,
        "lon" : -122.2694641705,
        "time" : "20140628T154215-0700"
      }, {
        "lat" : 37.8161135135,
        "lon" : -122.2709181948,
        "time" : "20140628T154520-0700"
      }, {
        "lat" : 37.812736652,
        "lon" : -122.2733729689,
        "time" : "20140628T154535-0700"
      }, {
        "lat" : 37.8084776529,
        "lon" : -122.2770303226,
        "time" : "20140628T154554-0700"
      }, {
        "lat" : 37.8038432724,
        "lon" : -122.2799116913,
        "time" : "20140628T154612-0700"
      }, {
        "lat" : 37.7796475406,
        "lon" : -122.2382368289,
        "time" : "20140628T154924-0700"
      }, {
        "lat" : 37.7759717712,
        "lon" : -122.2353650063,
        "time" : "20140628T154941-0700"
      }, {
        "lat" : 37.7740061865,
        "lon" : -122.2304761012,
        "time" : "20140628T154957-0700"
      }, {
        "lat" : 37.7724246209,
        "lon" : -122.2256622513,
        "time" : "20140628T155012-0700"
      }, {
        "lat" : 37.7448646422,
        "lon" : -122.2001083599,
        "time" : "20140628T155324-0700"
      }, {
        "lat" : 37.7421674461,
        "lon" : -122.1978356409,
        "time" : "20140628T155340-0700"
      }, {
        "lat" : 37.7393996253,
        "lon" : -122.1953464844,
        "time" : "20140628T155355-0700"
      }, {
        "lat" : 37.7361594072,
        "lon" : -122.1925430661,
        "time" : "20140628T155411-0700"
      }, {
        "lat" : 37.7345172433,
        "lon" : -122.1910621505,
        "time" : "20140628T155427-0700"
      }, {
        "lat" : 37.699088602,
        "lon" : -122.1502427186,
        "time" : "20140628T155728-0700"
      }, {
        "lat" : 37.6960642401,
        "lon" : -122.1458582362,
        "time" : "20140628T155744-0700"
      }, {
        "lat" : 37.6930518216,
        "lon" : -122.1415079734,
        "time" : "20140628T155800-0700"
      }, {
        "lat" : 37.6901574187,
        "lon" : -122.1374242771,
        "time" : "20140628T155816-0700"
      }, {
        "lat" : 37.6659587643,
        "lon" : -122.1147932907,
        "time" : "20140628T155959-0700"
      }, {
        "lat" : 37.6659564239,
        "lon" : -122.1147911019,
        "time" : "20140628T160000-0700"
      }, {
        "lat" : 37.6396047937,
        "lon" : -122.0901466165,
        "time" : "20140628T160152-0700"
      }, {
        "lat" : 37.6350151631,
        "lon" : -122.0869033399,
        "time" : "20140628T160210-0700"
      }, {
        "lat" : 37.6303448724,
        "lon" : -122.083624849,
        "time" : "20140628T160228-0700"
      }, {
        "lat" : 37.6270968319,
        "lon" : -122.0813131954,
        "time" : "20140628T160245-0700"
      }, {
        "lat" : 37.5989780567,
        "lon" : -122.0612118402,
        "time" : "20140628T160600-0700"
      }, {
        "lat" : 37.5955459862,
        "lon" : -122.0587788963,
        "time" : "20140628T160615-0700"
      }, {
        "lat" : 37.5914791066,
        "lon" : -122.0558555174,
        "time" : "20140628T160632-0700"
      }, {
        "lat" : 37.5414304779,
        "lon" : -122.0191997075,
        "time" : "20140628T160953-0700"
      }, {
        "lat" : 37.5358861668,
        "lon" : -122.0135746869,
        "time" : "20140628T161018-0700"
      }, {
        "lat" : 37.5327145636,
        "lon" : -122.0077405172,
        "time" : "20140628T161037-0700"
      }, {
        "lat" : 37.4928730029,
        "lon" : -121.9488914241,
        "time" : "20140628T161410-0700"
      }, {
        "lat" : 37.4892998825,
        "lon" : -121.9441621088,
        "time" : "20140628T161428-0700"
      }, {
        "lat" : 37.485344404,
        "lon" : -121.9389631542,
        "time" : "20140628T161449-0700"
      }, {
        "lat" : 37.4328895438,
        "lon" : -121.9190117768,
        "time" : "20140628T161757-0700"
      }, {
        "lat" : 37.4285575274,
        "lon" : -121.9179006799,
        "time" : "20140628T161813-0700"
      }, {
        "lat" : 37.4238867918,
        "lon" : -121.9215953725,
        "time" : "20140628T161837-0700"
      }, {
        "lat" : 37.4226747313,
        "lon" : -121.9270889325,
        "time" : "20140628T161853-0700"
      }, {
        "lat" : 37.4109928682,
        "lon" : -121.9907788419,
        "time" : "20140628T162149-0700"
      }, {
        "lat" : 37.4098251832,
        "lon" : -121.9963780276,
        "time" : "20140628T162204-0700"
      }, {
        "lat" : 37.4085682481,
        "lon" : -122.0022371577,
        "time" : "20140628T162220-0700"
      }, {
        "lat" : 37.4072606852,
        "lon" : -122.0080910001,
        "time" : "20140628T162236-0700"
      }, {
        "lat" : 37.4059466558,
        "lon" : -122.0139115554,
        "time" : "20140628T162252-0700"
      }, {
        "lat" : 37.4036984762,
        "lon" : -122.0242669981,
        "time" : "20140628T162322-0700"
      }, {
        "lat" : 37.4025241643,
        "lon" : -122.0298303205,
        "time" : "20140628T162342-0700"
      }, {
        "lat" : 37.4019844779,
        "lon" : -122.0347354004,
        "time" : "20140628T162405-0700"
      }, {
        "lat" : 37.4014867913,
        "lon" : -122.0382319653,
        "time" : "20140628T162423-0700"
      }, {
        "lat" : 37.4032200604,
        "lon" : -122.0461720294,
        "time" : "20140628T162450-0700"
      }, {
        "lat" : 37.4045089191,
        "lon" : -122.0519933999,
        "time" : "20140628T162509-0700"
      }, {
        "lat" : 37.4061560593,
        "lon" : -122.0589236,
        "time" : "20140628T162532-0700"
      }, {
        "lat" : 37.4071928781,
        "lon" : -122.0636500081,
        "time" : "20140628T162550-0700"
      }, {
        "lat" : 37.409067165,
        "lon" : -122.0700988914,
        "time" : "20140628T162615-0700"
      }, {
        "lat" : 37.410786707,
        "lon" : -122.0740746867,
        "time" : "20140628T162633-0700"
      }, {
        "lat" : 37.4124373392,
        "lon" : -122.0767994915,
        "time" : "20140628T162650-0700"
      }, {
        "lat" : 37.413494255,
        "lon" : -122.0781008244,
        "time" : "20140628T162712-0700"
      }, {
        "lat" : 37.4119756622,
        "lon" : -122.078208173,
        "time" : "20140628T162728-0700"
      }, {
        "lat" : 37.409931694,
        "lon" : -122.0782015025,
        "time" : "20140628T162744-0700"
      }, {
        "lat" : 37.407753334,
        "lon" : -122.0782232435,
        "time" : "20140628T162800-0700"
      }, {
        "lat" : 37.4065447129,
        "lon" : -122.0784186814,
        "time" : "20140628T162817-0700"
      }, {
        "lat" : 37.4076785082,
        "lon" : -122.0811717294,
        "time" : "20140628T162840-0700"
      }, {
        "lat" : 37.406166241,
        "lon" : -122.0822563134,
        "time" : "20140628T162857-0700"
      }, {
        "lat" : 37.404779592,
        "lon" : -122.0827198794,
        "time" : "20140628T162917-0700"
      }, {
        "lat" : 37.4029143095,
        "lon" : -122.0832284526,
        "time" : "20140628T162938-0700"
      }, {
        "lat" : 37.4029032099,
        "lon" : -122.0846185963,
        "time" : "20140628T163001-0700"
      }, {
        "lat" : 37.4033396014,
        "lon" : -122.0854525385,
        "time" : "20140628T163026-0700"
      } ]
    } ],
    "lastUpdate" : "20140629T080924Z"
  }, {
    "type" : "place",
    "startTime" : "20140628T163026-0700",
    "endTime" : "20140629T160533-0700",
    "place" : {
      "id" : 81375678,
      "name" : "Home",
      "type" : "home",
      "location" : {
        "lat" : 37.403213609,
        "lon" : -122.0854344467
      }
    },
    "activities" : [ {
      "activity" : "walking",
      "group" : "walking",
      "manual" : false,
      "startTime" : "20140628T163106-0700",
      "endTime" : "20140628T163136-0700",
      "duration" : 30.0,
      "distance" : 30.0,
      "steps" : 61,
      "trackPoints" : [ ]
    }, {
      "activity" : "walking",
      "group" : "walking",
      "manual" : false,
      "startTime" : "20140628T211955-0700",
      "endTime" : "20140628T212025-0700",
      "duration" : 30.0,
      "distance" : 15.0,
      "steps" : 30,
      "trackPoints" : [ ]
    } ],
    "lastUpdate" : "20140703T200713Z"
  } ],
  "lastUpdate" : "20140703T200713Z"
} ]