[ {
  "date" : "20140606",
  "summary" : [ {
    "activity" : "walking",
    "group" : "walking",
    "duration" : 4726.0,
    "distance" : 6263.0,
    "steps" : 8823
  }, {
    "activity" : "transport",
    "group" : "transport",
    "duration" : 1714.0,
    "distance" : 8496.0
  } ],
  "segments" : [ {
    "type" : "place",
    "startTime" : "20140605T215331-0700",
    "endTime" : "20140606T003642-0700",
    "place" : {
      "id" : 73109797,
      "type" : "unknown",
      "location" : {
        "lat" : 37.870812308,
        "lon" : -122.2929270405
      }
    },
    "lastUpdate" : "20140606T155212Z"
  }, {
    "type" : "move",
    "startTime" : "20140606T003642-0700",
    "endTime" : "20140606T010024-0700",
    "activities" : [ {
      "activity" : "walking",
      "group" : "walking",
      "manual" : false,
      "startTime" : "20140606T003642-0700",
      "endTime" : "20140606T010024-0700",
      "duration" : 1422.0,
      "distance" : 1732.0,
      "steps" : 2785,
      "trackPoints" : [ {
        "lat" : 37.870812308,
        "lon" : -122.2929270405,
        "time" : "20140606T003642-0700"
      }, {
        "lat" : 37.8691285986,
        "lon" : -122.2918219723,
        "time" : "20140606T003942-0700"
      }, {
        "lat" : 37.8690974275,
        "lon" : -122.2915413284,
        "time" : "20140606T004007-0700"
      }, {
        "lat" : 37.8691428102,
        "lon" : -122.2910972187,
        "time" : "20140606T004035-0700"
      }, {
        "lat" : 37.8692209492,
        "lon" : -122.2908436241,
        "time" : "20140606T004051-0700"
      }, {
        "lat" : 37.8693073707,
        "lon" : -122.290498161,
        "time" : "20140606T004112-0700"
      }, {
        "lat" : 37.869348898,
        "lon" : -122.2902712417,
        "time" : "20140606T004129-0700"
      }, {
        "lat" : 37.8693229373,
        "lon" : -122.2902621505,
        "time" : "20140606T004158-0700"
      }, {
        "lat" : 37.8691186647,
        "lon" : -122.2903326073,
        "time" : "20140606T004234-0700"
      }, {
        "lat" : 37.8690298447,
        "lon" : -122.2902128304,
        "time" : "20140606T004258-0700"
      }, {
        "lat" : 37.868956141,
        "lon" : -122.2902356056,
        "time" : "20140606T004318-0700"
      }, {
        "lat" : 37.8689163112,
        "lon" : -122.2902092372,
        "time" : "20140606T004344-0700"
      }, {
        "lat" : 37.8689992744,
        "lon" : -122.2900986694,
        "time" : "20140606T004405-0700"
      }, {
        "lat" : 37.8690380607,
        "lon" : -122.2900763056,
        "time" : "20140606T004423-0700"
      }, {
        "lat" : 37.8691340732,
        "lon" : -122.2901184977,
        "time" : "20140606T004447-0700"
      }, {
        "lat" : 37.8692791523,
        "lon" : -122.2900318347,
        "time" : "20140606T004510-0700"
      }, {
        "lat" : 37.8694458672,
        "lon" : -122.2895806805,
        "time" : "20140606T004533-0700"
      }, {
        "lat" : 37.8695194835,
        "lon" : -122.2892465755,
        "time" : "20140606T004556-0700"
      }, {
        "lat" : 37.8695453018,
        "lon" : -122.2890375788,
        "time" : "20140606T004615-0700"
      }, {
        "lat" : 37.8696089727,
        "lon" : -122.2885438639,
        "time" : "20140606T004649-0700"
      }, {
        "lat" : 37.8696585155,
        "lon" : -122.2881991574,
        "time" : "20140606T004710-0700"
      }, {
        "lat" : 37.8697006435,
        "lon" : -122.2877989414,
        "time" : "20140606T004726-0700"
      }, {
        "lat" : 37.8697218471,
        "lon" : -122.2877344506,
        "time" : "20140606T004757-0700"
      }, {
        "lat" : 37.8696806175,
        "lon" : -122.2874740877,
        "time" : "20140606T004814-0700"
      }, {
        "lat" : 37.8696591198,
        "lon" : -122.287201064,
        "time" : "20140606T004830-0700"
      }, {
        "lat" : 37.8696921615,
        "lon" : -122.2870398777,
        "time" : "20140606T004847-0700"
      }, {
        "lat" : 37.8697532455,
        "lon" : -122.2868259569,
        "time" : "20140606T004907-0700"
      }, {
        "lat" : 37.869817053,
        "lon" : -122.2864186709,
        "time" : "20140606T004931-0700"
      }, {
        "lat" : 37.869885259,
        "lon" : -122.285910512,
        "time" : "20140606T004953-0700"
      }, {
        "lat" : 37.8699766454,
        "lon" : -122.2852734333,
        "time" : "20140606T005028-0700"
      }, {
        "lat" : 37.8700574784,
        "lon" : -122.2848501214,
        "time" : "20140606T005051-0700"
      }, {
        "lat" : 37.8700835728,
        "lon" : -122.2842638488,
        "time" : "20140606T005125-0700"
      }, {
        "lat" : 37.8700293997,
        "lon" : -122.284199495,
        "time" : "20140606T005145-0700"
      }, {
        "lat" : 37.869779971,
        "lon" : -122.2841854268,
        "time" : "20140606T005201-0700"
      }, {
        "lat" : 37.8695626455,
        "lon" : -122.2840897398,
        "time" : "20140606T005217-0700"
      }, {
        "lat" : 37.8693287055,
        "lon" : -122.2840401128,
        "time" : "20140606T005234-0700"
      }, {
        "lat" : 37.8688465543,
        "lon" : -122.2840089612,
        "time" : "20140606T005257-0700"
      }, {
        "lat" : 37.8685064296,
        "lon" : -122.2839651988,
        "time" : "20140606T005317-0700"
      }, {
        "lat" : 37.8683371236,
        "lon" : -122.2839546859,
        "time" : "20140606T005333-0700"
      }, {
        "lat" : 37.8681963551,
        "lon" : -122.2839458831,
        "time" : "20140606T005349-0700"
      }, {
        "lat" : 37.8678970492,
        "lon" : -122.2839258865,
        "time" : "20140606T005413-0700"
      }, {
        "lat" : 37.8673214192,
        "lon" : -122.2837191642,
        "time" : "20140606T005454-0700"
      }, {
        "lat" : 37.8671108042,
        "lon" : -122.2836470229,
        "time" : "20140606T005513-0700"
      }, {
        "lat" : 37.8669597149,
        "lon" : -122.2836381841,
        "time" : "20140606T005532-0700"
      }, {
        "lat" : 37.8667861535,
        "lon" : -122.2838544516,
        "time" : "20140606T005555-0700"
      }, {
        "lat" : 37.8665537898,
        "lon" : -122.2838069945,
        "time" : "20140606T005613-0700"
      }, {
        "lat" : 37.8662765176,
        "lon" : -122.2837635854,
        "time" : "20140606T005636-0700"
      }, {
        "lat" : 37.8660298953,
        "lon" : -122.2836673333,
        "time" : "20140606T005653-0700"
      }, {
        "lat" : 37.865746982,
        "lon" : -122.2835616273,
        "time" : "20140606T005712-0700"
      }, {
        "lat" : 37.8655700091,
        "lon" : -122.283444986,
        "time" : "20140606T005731-0700"
      }, {
        "lat" : 37.8655893371,
        "lon" : -122.2832098292,
        "time" : "20140606T005754-0700"
      }, {
        "lat" : 37.8656341021,
        "lon" : -122.2828668014,
        "time" : "20140606T005817-0700"
      }, {
        "lat" : 37.8655250154,
        "lon" : -122.2826482922,
        "time" : "20140606T005840-0700"
      }, {
        "lat" : 37.8653056181,
        "lon" : -122.282612225,
        "time" : "20140606T005902-0700"
      }, {
        "lat" : 37.865157152,
        "lon" : -122.2824840079,
        "time" : "20140606T005925-0700"
      }, {
        "lat" : 37.8650490122,
        "lon" : -122.282414988,
        "time" : "20140606T005950-0700"
      }, {
        "lat" : 37.8650522648,
        "lon" : -122.282381566,
        "time" : "20140606T005959-0700"
      }, {
        "lat" : 37.8650522682,
        "lon" : -122.2823815309,
        "time" : "20140606T010000-0700"
      }, {
        "lat" : 37.8650541418,
        "lon" : -122.2823622791,
        "time" : "20140606T010005-0700"
      }, {
        "lat" : 37.8651493645,
        "lon" : -122.282029798,
        "time" : "20140606T010024-0700"
      } ]
    } ],
    "lastUpdate" : "20140606T155212Z"
  }, {
    "type" : "place",
    "startTime" : "20140606T010024-0700",
    "endTime" : "20140606T085045-0700",
    "place" : {
      "id" : 72187887,
      "name" : "Home",
      "type" : "home",
      "location" : {
        "lat" : 37.8651493645,
        "lon" : -122.282029798
      }
    },
    "lastUpdate" : "20140606T190028Z"
  }, {
    "type" : "move",
    "startTime" : "20140606T085045-0700",
    "endTime" : "20140606T091845-0700",
    "activities" : [ {
      "activity" : "transport",
      "group" : "transport",
      "manual" : false,
      "startTime" : "20140606T085045-0700",
      "endTime" : "20140606T090119-0700",
      "duration" : 634.0,
      "distance" : 2098.0,
      "trackPoints" : [ {
        "lat" : 37.8651493645,
        "lon" : -122.282029798,
        "time" : "20140606T085045-0700"
      }, {
        "lat" : 37.8673600207,
        "lon" : -122.2815859187,
        "time" : "20140606T085208-0700"
      }, {
        "lat" : 37.8673034677,
        "lon" : -122.2816357403,
        "time" : "20140606T085230-0700"
      }, {
        "lat" : 37.8673248825,
        "lon" : -122.2816704032,
        "time" : "20140606T085247-0700"
      }, {
        "lat" : 37.8688277425,
        "lon" : -122.2816738709,
        "time" : "20140606T085309-0700"
      }, {
        "lat" : 37.8708649884,
        "lon" : -122.2787468915,
        "time" : "20140606T085508-0700"
      }, {
        "lat" : 37.870960389,
        "lon" : -122.2779960288,
        "time" : "20140606T085546-0700"
      }, {
        "lat" : 37.8709028794,
        "lon" : -122.2778192646,
        "time" : "20140606T085602-0700"
      }, {
        "lat" : 37.8709374264,
        "lon" : -122.2775850681,
        "time" : "20140606T085622-0700"
      }, {
        "lat" : 37.8713883151,
        "lon" : -122.274845979,
        "time" : "20140606T085646-0700"
      }, {
        "lat" : 37.8715131269,
        "lon" : -122.2734179777,
        "time" : "20140606T085713-0700"
      }, {
        "lat" : 37.8715267634,
        "lon" : -122.2733290412,
        "time" : "20140606T085729-0700"
      }, {
        "lat" : 37.8715913963,
        "lon" : -122.2729404417,
        "time" : "20140606T085748-0700"
      }, {
        "lat" : 37.871664822,
        "lon" : -122.2723573364,
        "time" : "20140606T085812-0700"
      }, {
        "lat" : 37.8717449667,
        "lon" : -122.2712134146,
        "time" : "20140606T085831-0700"
      }, {
        "lat" : 37.8718007002,
        "lon" : -122.2707169047,
        "time" : "20140606T085851-0700"
      }, {
        "lat" : 37.8721162434,
        "lon" : -122.2687797346,
        "time" : "20140606T085925-0700"
      }, {
        "lat" : 37.8721111128,
        "lon" : -122.2685507583,
        "time" : "20140606T085944-0700"
      }, {
        "lat" : 37.8718101017,
        "lon" : -122.26845901,
        "time" : "20140606T085959-0700"
      }, {
        "lat" : 37.8718099075,
        "lon" : -122.2684589508,
        "time" : "20140606T090000-0700"
      }, {
        "lat" : 37.8714936389,
        "lon" : -122.268362552,
        "time" : "20140606T090016-0700"
      }, {
        "lat" : 37.8715215074,
        "lon" : -122.2681322768,
        "time" : "20140606T090034-0700"
      }, {
        "lat" : 37.87057243,
        "lon" : -122.2681285118,
        "time" : "20140606T090055-0700"
      }, {
        "lat" : 37.8703886856,
        "lon" : -122.2679989108,
        "time" : "20140606T090118-0700"
      } ]
    }, {
      "activity" : "walking",
      "group" : "walking",
      "manual" : false,
      "startTime" : "20140606T090118-0700",
      "endTime" : "20140606T091844-0700",
      "duration" : 1046.0,
      "distance" : 1276.0,
      "steps" : 1630,
      "trackPoints" : [ {
        "lat" : 37.8703886856,
        "lon" : -122.2679989108,
        "time" : "20140606T090118-0700"
      }, {
        "lat" : 37.8704672211,
        "lon" : -122.2669321954,
        "time" : "20140606T090300-0700"
      }, {
        "lat" : 37.8704717011,
        "lon" : -122.2666395119,
        "time" : "20140606T090320-0700"
      }, {
        "lat" : 37.8705152925,
        "lon" : -122.2661691252,
        "time" : "20140606T090355-0700"
      }, {
        "lat" : 37.8705946416,
        "lon" : -122.265937885,
        "time" : "20140606T090418-0700"
      }, {
        "lat" : 37.8705976566,
        "lon" : -122.2659343905,
        "time" : "20140606T090437-0700"
      }, {
        "lat" : 37.8705616097,
        "lon" : -122.2658045918,
        "time" : "20140606T090455-0700"
      }, {
        "lat" : 37.8706509572,
        "lon" : -122.2656300214,
        "time" : "20140606T090516-0700"
      }, {
        "lat" : 37.8707204618,
        "lon" : -122.2654456052,
        "time" : "20140606T090534-0700"
      }, {
        "lat" : 37.8710313094,
        "lon" : -122.2639493269,
        "time" : "20140606T090631-0700"
      }, {
        "lat" : 37.8709968605,
        "lon" : -122.2635595423,
        "time" : "20140606T090653-0700"
      }, {
        "lat" : 37.870912178,
        "lon" : -122.2631054008,
        "time" : "20140606T090715-0700"
      }, {
        "lat" : 37.870937879,
        "lon" : -122.2626745162,
        "time" : "20140606T090742-0700"
      }, {
        "lat" : 37.8710418578,
        "lon" : -122.2623390328,
        "time" : "20140606T090802-0700"
      }, {
        "lat" : 37.8711292735,
        "lon" : -122.262054668,
        "time" : "20140606T090828-0700"
      }, {
        "lat" : 37.8711630425,
        "lon" : -122.2619032959,
        "time" : "20140606T090843-0700"
      }, {
        "lat" : 37.8711628876,
        "lon" : -122.2618117383,
        "time" : "20140606T090859-0700"
      }, {
        "lat" : 37.8711725062,
        "lon" : -122.2614741607,
        "time" : "20140606T090918-0700"
      }, {
        "lat" : 37.8713499902,
        "lon" : -122.2609431574,
        "time" : "20140606T090944-0700"
      }, {
        "lat" : 37.8714382601,
        "lon" : -122.2607589144,
        "time" : "20140606T091001-0700"
      }, {
        "lat" : 37.8715956992,
        "lon" : -122.2596571232,
        "time" : "20140606T091108-0700"
      }, {
        "lat" : 37.8717663528,
        "lon" : -122.2592095508,
        "time" : "20140606T091129-0700"
      }, {
        "lat" : 37.8721829345,
        "lon" : -122.2585019134,
        "time" : "20140606T091232-0700"
      }, {
        "lat" : 37.8724557505,
        "lon" : -122.2585872142,
        "time" : "20140606T091258-0700"
      }, {
        "lat" : 37.8725538838,
        "lon" : -122.2585667633,
        "time" : "20140606T091313-0700"
      }, {
        "lat" : 37.8728551821,
        "lon" : -122.2586217804,
        "time" : "20140606T091340-0700"
      }, {
        "lat" : 37.8730144449,
        "lon" : -122.2586635669,
        "time" : "20140606T091356-0700"
      }, {
        "lat" : 37.8732869928,
        "lon" : -122.2587634288,
        "time" : "20140606T091418-0700"
      }, {
        "lat" : 37.8738363299,
        "lon" : -122.2587047686,
        "time" : "20140606T091505-0700"
      }, {
        "lat" : 37.8741980248,
        "lon" : -122.2587173938,
        "time" : "20140606T091533-0700"
      }, {
        "lat" : 37.874367302,
        "lon" : -122.2587841053,
        "time" : "20140606T091550-0700"
      }, {
        "lat" : 37.874588937,
        "lon" : -122.2588303428,
        "time" : "20140606T091642-0700"
      }, {
        "lat" : 37.8745677354,
        "lon" : -122.2587390638,
        "time" : "20140606T091720-0700"
      }, {
        "lat" : 37.8746199156,
        "lon" : -122.258657904,
        "time" : "20140606T091742-0700"
      }, {
        "lat" : 37.8746331972,
        "lon" : -122.2584128372,
        "time" : "20140606T091845-0700"
      } ]
    } ],
    "lastUpdate" : "20140606T190028Z"
  }, {
    "type" : "place",
    "startTime" : "20140606T091845-0700",
    "endTime" : "20140606T115832-0700",
    "place" : {
      "id" : 72958759,
      "type" : "unknown",
      "location" : {
        "lat" : 37.8746003862,
        "lon" : -122.2587579188
      }
    },
    "lastUpdate" : "20140607T022937Z"
  }, {
    "type" : "move",
    "startTime" : "20140606T115832-0700",
    "endTime" : "20140606T123300-0700",
    "activities" : [ {
      "activity" : "walking",
      "group" : "walking",
      "manual" : false,
      "startTime" : "20140606T115832-0700",
      "endTime" : "20140606T123301-0700",
      "duration" : 2069.0,
      "distance" : 3097.0,
      "steps" : 4141,
      "trackPoints" : [ {
        "lat" : 37.8746003862,
        "lon" : -122.2587579188,
        "time" : "20140606T115832-0700"
      }, {
        "lat" : 37.8749856591,
        "lon" : -122.2600922791,
        "time" : "20140606T115959-0700"
      }, {
        "lat" : 37.8749857032,
        "lon" : -122.2600924317,
        "time" : "20140606T120000-0700"
      }, {
        "lat" : 37.875108059,
        "lon" : -122.2605162008,
        "time" : "20140606T120027-0700"
      }, {
        "lat" : 37.8749973775,
        "lon" : -122.2608822098,
        "time" : "20140606T120045-0700"
      }, {
        "lat" : 37.8749488699,
        "lon" : -122.2613158644,
        "time" : "20140606T120113-0700"
      }, {
        "lat" : 37.8753696967,
        "lon" : -122.2606261654,
        "time" : "20140606T120135-0700"
      }, {
        "lat" : 37.8744703235,
        "lon" : -122.263680661,
        "time" : "20140606T120204-0700"
      }, {
        "lat" : 37.8745776963,
        "lon" : -122.263798352,
        "time" : "20140606T120220-0700"
      }, {
        "lat" : 37.87460889,
        "lon" : -122.2637721343,
        "time" : "20140606T120248-0700"
      }, {
        "lat" : 37.8744988999,
        "lon" : -122.2641295209,
        "time" : "20140606T120428-0700"
      }, {
        "lat" : 37.8745307041,
        "lon" : -122.2643907006,
        "time" : "20140606T120451-0700"
      }, {
        "lat" : 37.8744497292,
        "lon" : -122.2645359937,
        "time" : "20140606T120507-0700"
      }, {
        "lat" : 37.87437943,
        "lon" : -122.264738243,
        "time" : "20140606T120523-0700"
      }, {
        "lat" : 37.8743324061,
        "lon" : -122.2651810471,
        "time" : "20140606T120553-0700"
      }, {
        "lat" : 37.874327148,
        "lon" : -122.2654046272,
        "time" : "20140606T120611-0700"
      }, {
        "lat" : 37.8743274502,
        "lon" : -122.2658211625,
        "time" : "20140606T120635-0700"
      }, {
        "lat" : 37.8741350951,
        "lon" : -122.2664971148,
        "time" : "20140606T120712-0700"
      }, {
        "lat" : 37.8739885246,
        "lon" : -122.2669782283,
        "time" : "20140606T120742-0700"
      }, {
        "lat" : 37.8735640531,
        "lon" : -122.2680176234,
        "time" : "20140606T120834-0700"
      }, {
        "lat" : 37.8735713152,
        "lon" : -122.2681513564,
        "time" : "20140606T120850-0700"
      }, {
        "lat" : 37.8736259281,
        "lon" : -122.2682875117,
        "time" : "20140606T120906-0700"
      }, {
        "lat" : 37.8736464961,
        "lon" : -122.2684235445,
        "time" : "20140606T120927-0700"
      }, {
        "lat" : 37.873674022,
        "lon" : -122.2684522201,
        "time" : "20140606T120946-0700"
      }, {
        "lat" : 37.8733686117,
        "lon" : -122.2684056442,
        "time" : "20140606T121008-0700"
      }, {
        "lat" : 37.8729979948,
        "lon" : -122.2683004835,
        "time" : "20140606T121033-0700"
      }, {
        "lat" : 37.8727296461,
        "lon" : -122.2683733503,
        "time" : "20140606T121049-0700"
      }, {
        "lat" : 37.8724103367,
        "lon" : -122.2685152464,
        "time" : "20140606T121108-0700"
      }, {
        "lat" : 37.8722232816,
        "lon" : -122.2687027428,
        "time" : "20140606T121131-0700"
      }, {
        "lat" : 37.8721234967,
        "lon" : -122.2688863992,
        "time" : "20140606T121154-0700"
      }, {
        "lat" : 37.8720639804,
        "lon" : -122.2691077151,
        "time" : "20140606T121213-0700"
      }, {
        "lat" : 37.8719991014,
        "lon" : -122.2696216426,
        "time" : "20140606T121247-0700"
      }, {
        "lat" : 37.8719839763,
        "lon" : -122.2699607052,
        "time" : "20140606T121310-0700"
      }, {
        "lat" : 37.8719923714,
        "lon" : -122.2703645584,
        "time" : "20140606T121333-0700"
      }, {
        "lat" : 37.8720135523,
        "lon" : -122.2706604133,
        "time" : "20140606T121355-0700"
      }, {
        "lat" : 37.8719211155,
        "lon" : -122.2709507262,
        "time" : "20140606T121412-0700"
      }, {
        "lat" : 37.8719027185,
        "lon" : -122.2712757105,
        "time" : "20140606T121430-0700"
      }, {
        "lat" : 37.8717556229,
        "lon" : -122.2716788248,
        "time" : "20140606T121450-0700"
      }, {
        "lat" : 37.871606638,
        "lon" : -122.2727142972,
        "time" : "20140606T121545-0700"
      }, {
        "lat" : 37.8715216651,
        "lon" : -122.2729356819,
        "time" : "20140606T121613-0700"
      }, {
        "lat" : 37.8714677063,
        "lon" : -122.2730809769,
        "time" : "20140606T121634-0700"
      }, {
        "lat" : 37.8714439636,
        "lon" : -122.2732880207,
        "time" : "20140606T121654-0700"
      }, {
        "lat" : 37.8715096731,
        "lon" : -122.2737896734,
        "time" : "20140606T121732-0700"
      }, {
        "lat" : 37.8714013063,
        "lon" : -122.2743464554,
        "time" : "20140606T121754-0700"
      }, {
        "lat" : 37.8712626094,
        "lon" : -122.2744833629,
        "time" : "20140606T121809-0700"
      }, {
        "lat" : 37.871277174,
        "lon" : -122.2747754622,
        "time" : "20140606T121826-0700"
      }, {
        "lat" : 37.871222336,
        "lon" : -122.2750593178,
        "time" : "20140606T121844-0700"
      }, {
        "lat" : 37.8708749459,
        "lon" : -122.2751113972,
        "time" : "20140606T121909-0700"
      }, {
        "lat" : 37.8707437373,
        "lon" : -122.2751394042,
        "time" : "20140606T121925-0700"
      }, {
        "lat" : 37.8704760639,
        "lon" : -122.275321728,
        "time" : "20140606T122000-0700"
      }, {
        "lat" : 37.8703963551,
        "lon" : -122.2755857283,
        "time" : "20140606T122019-0700"
      }, {
        "lat" : 37.8703033809,
        "lon" : -122.2758856477,
        "time" : "20140606T122042-0700"
      }, {
        "lat" : 37.8702065005,
        "lon" : -122.2762483908,
        "time" : "20140606T122102-0700"
      }, {
        "lat" : 37.8701284847,
        "lon" : -122.2766649601,
        "time" : "20140606T122119-0700"
      }, {
        "lat" : 37.870038175,
        "lon" : -122.2771074417,
        "time" : "20140606T122142-0700"
      }, {
        "lat" : 37.8699936356,
        "lon" : -122.2774918763,
        "time" : "20140606T122209-0700"
      }, {
        "lat" : 37.8699531177,
        "lon" : -122.2777649075,
        "time" : "20140606T122228-0700"
      }, {
        "lat" : 37.8698891261,
        "lon" : -122.2781365592,
        "time" : "20140606T122247-0700"
      }, {
        "lat" : 37.8696680988,
        "lon" : -122.2783270086,
        "time" : "20140606T122310-0700"
      }, {
        "lat" : 37.8693608635,
        "lon" : -122.2783635579,
        "time" : "20140606T122330-0700"
      }, {
        "lat" : 37.8691737628,
        "lon" : -122.2783463819,
        "time" : "20140606T122349-0700"
      }, {
        "lat" : 37.8689626448,
        "lon" : -122.2783627329,
        "time" : "20140606T122412-0700"
      }, {
        "lat" : 37.8685971648,
        "lon" : -122.2784414279,
        "time" : "20140606T122437-0700"
      }, {
        "lat" : 37.8683268677,
        "lon" : -122.2785366749,
        "time" : "20140606T122501-0700"
      }, {
        "lat" : 37.8682058489,
        "lon" : -122.2786879951,
        "time" : "20140606T122516-0700"
      }, {
        "lat" : 37.8681024918,
        "lon" : -122.2790077791,
        "time" : "20140606T122539-0700"
      }, {
        "lat" : 37.8680687738,
        "lon" : -122.279218619,
        "time" : "20140606T122603-0700"
      }, {
        "lat" : 37.8679764454,
        "lon" : -122.2795705667,
        "time" : "20140606T122625-0700"
      }, {
        "lat" : 37.8679388789,
        "lon" : -122.2798384669,
        "time" : "20140606T122640-0700"
      }, {
        "lat" : 37.8678126728,
        "lon" : -122.28031217,
        "time" : "20140606T122702-0700"
      }, {
        "lat" : 37.8676493022,
        "lon" : -122.2809256798,
        "time" : "20140606T122725-0700"
      }, {
        "lat" : 37.8674767267,
        "lon" : -122.2812935128,
        "time" : "20140606T122747-0700"
      }, {
        "lat" : 37.8673108943,
        "lon" : -122.2815986308,
        "time" : "20140606T122814-0700"
      }, {
        "lat" : 37.8671517288,
        "lon" : -122.2816516606,
        "time" : "20140606T122839-0700"
      }, {
        "lat" : 37.8669562672,
        "lon" : -122.2816388852,
        "time" : "20140606T122902-0700"
      }, {
        "lat" : 37.8666853353,
        "lon" : -122.2816410231,
        "time" : "20140606T122925-0700"
      }, {
        "lat" : 37.866429579,
        "lon" : -122.2816790974,
        "time" : "20140606T122946-0700"
      }, {
        "lat" : 37.8662253706,
        "lon" : -122.2816306939,
        "time" : "20140606T123008-0700"
      }, {
        "lat" : 37.865874855,
        "lon" : -122.2816591345,
        "time" : "20140606T123033-0700"
      }, {
        "lat" : 37.8658807072,
        "lon" : -122.2818775774,
        "time" : "20140606T123049-0700"
      }, {
        "lat" : 37.8657083239,
        "lon" : -122.2822541137,
        "time" : "20140606T123114-0700"
      }, {
        "lat" : 37.8653837339,
        "lon" : -122.282436731,
        "time" : "20140606T123145-0700"
      }, {
        "lat" : 37.8652588093,
        "lon" : -122.2824694949,
        "time" : "20140606T123202-0700"
      }, {
        "lat" : 37.8651479558,
        "lon" : -122.2822255753,
        "time" : "20140606T123237-0700"
      }, {
        "lat" : 37.8651493645,
        "lon" : -122.282029798,
        "time" : "20140606T123300-0700"
      } ]
    } ],
    "lastUpdate" : "20140607T022937Z"
  }, {
    "type" : "place",
    "startTime" : "20140606T123300-0700",
    "endTime" : "20140606T192739-0700",
    "place" : {
      "id" : 72187887,
      "name" : "Home",
      "type" : "home",
      "location" : {
        "lat" : 37.8651493645,
        "lon" : -122.282029798
      }
    },
    "lastUpdate" : "20140607T185333Z"
  }, {
    "type" : "move",
    "startTime" : "20140606T192739-0700",
    "endTime" : "20140606T194059-0700",
    "activities" : [ {
      "activity" : "transport",
      "group" : "transport",
      "manual" : false,
      "startTime" : "20140606T192739-0700",
      "endTime" : "20140606T193751-0700",
      "duration" : 612.0,
      "distance" : 3548.0,
      "trackPoints" : [ {
        "lat" : 37.8651493645,
        "lon" : -122.282029798,
        "time" : "20140606T192739-0700"
      }, {
        "lat" : 37.8705351461,
        "lon" : -122.2803444175,
        "time" : "20140606T192937-0700"
      }, {
        "lat" : 37.8710636096,
        "lon" : -122.276840851,
        "time" : "20140606T193003-0700"
      }, {
        "lat" : 37.8715544052,
        "lon" : -122.2733515972,
        "time" : "20140606T193031-0700"
      }, {
        "lat" : 37.8715673256,
        "lon" : -122.2729582413,
        "time" : "20140606T193050-0700"
      }, {
        "lat" : 37.8717984842,
        "lon" : -122.2710993038,
        "time" : "20140606T193113-0700"
      }, {
        "lat" : 37.8720613711,
        "lon" : -122.2691017692,
        "time" : "20140606T193135-0700"
      }, {
        "lat" : 37.8721179481,
        "lon" : -122.2683158007,
        "time" : "20140606T193159-0700"
      }, {
        "lat" : 37.870581576,
        "lon" : -122.2661668188,
        "time" : "20140606T193256-0700"
      }, {
        "lat" : 37.8690734174,
        "lon" : -122.2660630962,
        "time" : "20140606T193311-0700"
      }, {
        "lat" : 37.8681498727,
        "lon" : -122.26597159,
        "time" : "20140606T193337-0700"
      }, {
        "lat" : 37.867945184,
        "lon" : -122.2659945876,
        "time" : "20140606T193353-0700"
      }, {
        "lat" : 37.8669840277,
        "lon" : -122.2656325449,
        "time" : "20140606T193409-0700"
      }, {
        "lat" : 37.8673832848,
        "lon" : -122.2633093027,
        "time" : "20140606T193426-0700"
      }, {
        "lat" : 37.8676110943,
        "lon" : -122.2608804154,
        "time" : "20140606T193446-0700"
      }, {
        "lat" : 37.8677846109,
        "lon" : -122.2593640841,
        "time" : "20140606T193512-0700"
      }, {
        "lat" : 37.8681675253,
        "lon" : -122.2594585351,
        "time" : "20140606T193547-0700"
      }, {
        "lat" : 37.8684010935,
        "lon" : -122.2617106343,
        "time" : "20140606T193630-0700"
      }, {
        "lat" : 37.8683969263,
        "lon" : -122.2619854532,
        "time" : "20140606T193653-0700"
      }, {
        "lat" : 37.8683211134,
        "lon" : -122.2621213934,
        "time" : "20140606T193713-0700"
      }, {
        "lat" : 37.868313694,
        "lon" : -122.2621169977,
        "time" : "20140606T193735-0700"
      }, {
        "lat" : 37.8684388452,
        "lon" : -122.2621618746,
        "time" : "20140606T193750-0700"
      } ]
    }, {
      "activity" : "walking",
      "group" : "walking",
      "manual" : false,
      "startTime" : "20140606T193750-0700",
      "endTime" : "20140606T194059-0700",
      "duration" : 189.0,
      "distance" : 158.0,
      "steps" : 267,
      "trackPoints" : [ {
        "lat" : 37.8684388452,
        "lon" : -122.2621618746,
        "time" : "20140606T193750-0700"
      }, {
        "lat" : 37.86855416,
        "lon" : -122.2622674296,
        "time" : "20140606T193808-0700"
      }, {
        "lat" : 37.8687978286,
        "lon" : -122.2624033971,
        "time" : "20140606T193847-0700"
      }, {
        "lat" : 37.8693004545,
        "lon" : -122.2623377838,
        "time" : "20140606T193938-0700"
      }, {
        "lat" : 37.8693907033,
        "lon" : -122.2622589691,
        "time" : "20140606T193956-0700"
      }, {
        "lat" : 37.8694262711,
        "lon" : -122.262239646,
        "time" : "20140606T194024-0700"
      }, {
        "lat" : 37.8693516962,
        "lon" : -122.2624896863,
        "time" : "20140606T194059-0700"
      } ]
    } ],
    "lastUpdate" : "20140607T185333Z"
  }, {
    "type" : "place",
    "startTime" : "20140606T194059-0700",
    "endTime" : "20140606T211950-0700",
    "place" : {
      "id" : 73741012,
      "type" : "unknown",
      "location" : {
        "lat" : 37.8693516962,
        "lon" : -122.2624896863
      }
    },
    "lastUpdate" : "20140607T185335Z"
  }, {
    "type" : "move",
    "startTime" : "20140606T211950-0700",
    "endTime" : "20140606T212739-0700",
    "activities" : [ {
      "activity" : "transport",
      "group" : "transport",
      "manual" : false,
      "startTime" : "20140606T211950-0700",
      "endTime" : "20140606T212738-0700",
      "duration" : 468.0,
      "distance" : 2850.0,
      "trackPoints" : [ {
        "lat" : 37.8693516962,
        "lon" : -122.2624896863,
        "time" : "20140606T211950-0700"
      }, {
        "lat" : 37.8678360828,
        "lon" : -122.2662582687,
        "time" : "20140606T212058-0700"
      }, {
        "lat" : 37.8676936797,
        "lon" : -122.2671986795,
        "time" : "20140606T212116-0700"
      }, {
        "lat" : 37.8676667174,
        "lon" : -122.2672333372,
        "time" : "20140606T212132-0700"
      }, {
        "lat" : 37.8675369102,
        "lon" : -122.2674402328,
        "time" : "20140606T212151-0700"
      }, {
        "lat" : 37.8667820132,
        "lon" : -122.2676995892,
        "time" : "20140606T212215-0700"
      }, {
        "lat" : 37.8660817878,
        "lon" : -122.2675866894,
        "time" : "20140606T212240-0700"
      }, {
        "lat" : 37.8657869466,
        "lon" : -122.2675671952,
        "time" : "20140606T212255-0700"
      }, {
        "lat" : 37.8649802585,
        "lon" : -122.2674655588,
        "time" : "20140606T212318-0700"
      }, {
        "lat" : 37.8640228131,
        "lon" : -122.2673999909,
        "time" : "20140606T212334-0700"
      }, {
        "lat" : 37.8629551074,
        "lon" : -122.2684967986,
        "time" : "20140606T212353-0700"
      }, {
        "lat" : 37.8626300709,
        "lon" : -122.2720623274,
        "time" : "20140606T212429-0700"
      }, {
        "lat" : 37.8622241254,
        "lon" : -122.2737222217,
        "time" : "20140606T212449-0700"
      }, {
        "lat" : 37.8620650225,
        "lon" : -122.2748674747,
        "time" : "20140606T212505-0700"
      }, {
        "lat" : 37.8619606448,
        "lon" : -122.2763551493,
        "time" : "20140606T212524-0700"
      }, {
        "lat" : 37.8616157001,
        "lon" : -122.2785573022,
        "time" : "20140606T212551-0700"
      }, {
        "lat" : 37.86163547,
        "lon" : -122.2806292193,
        "time" : "20140606T212620-0700"
      }, {
        "lat" : 37.8626483638,
        "lon" : -122.281144547,
        "time" : "20140606T212638-0700"
      }, {
        "lat" : 37.8637417549,
        "lon" : -122.281405006,
        "time" : "20140606T212657-0700"
      }, {
        "lat" : 37.864621951,
        "lon" : -122.2824520649,
        "time" : "20140606T212721-0700"
      }, {
        "lat" : 37.8651493645,
        "lon" : -122.282029798,
        "time" : "20140606T212739-0700"
      } ]
    } ],
    "lastUpdate" : "20140607T185335Z"
  }, {
    "type" : "place",
    "startTime" : "20140606T212815-0700",
    "endTime" : "20140607T115141-0700",
    "place" : {
      "id" : 72187887,
      "name" : "Home",
      "type" : "home",
      "location" : {
        "lat" : 37.8651493645,
        "lon" : -122.282029798
      }
    },
    "lastUpdate" : "20140608T022151Z"
  } ],
  "lastUpdate" : "20140608T022151Z"
} ]