[ {
  "date" : "20140611",
  "summary" : [ {
    "activity" : "cycling",
    "group" : "cycling",
    "duration" : 563.0,
    "distance" : 3035.0
  }, {
    "activity" : "walking",
    "group" : "walking",
    "duration" : 1286.0,
    "distance" : 1415.0,
    "steps" : 1878
  } ],
  "segments" : [ {
    "type" : "place",
    "startTime" : "20140610T204244-0700",
    "endTime" : "20140611T102437-0700",
    "place" : {
      "id" : 72187887,
      "name" : "Home",
      "type" : "home",
      "location" : {
        "lat" : 37.8651493645,
        "lon" : -122.282029798
      }
    },
    "lastUpdate" : "20140611T203209Z"
  }, {
    "type" : "move",
    "startTime" : "20140611T102437-0700",
    "endTime" : "20140611T103400-0700",
    "activities" : [ {
      "activity" : "cycling",
      "group" : "cycling",
      "manual" : false,
      "startTime" : "20140611T102437-0700",
      "endTime" : "20140611T103400-0700",
      "duration" : 563.0,
      "distance" : 3035.0,
      "trackPoints" : [ {
        "lat" : 37.8651493645,
        "lon" : -122.282029798,
        "time" : "20140611T102437-0700"
      }, {
        "lat" : 37.8678424081,
        "lon" : -122.2815713446,
        "time" : "20140611T102538-0700"
      }, {
        "lat" : 37.869050032,
        "lon" : -122.2817145439,
        "time" : "20140611T102556-0700"
      }, {
        "lat" : 37.8701594564,
        "lon" : -122.2817688221,
        "time" : "20140611T102615-0700"
      }, {
        "lat" : 37.8704616891,
        "lon" : -122.2807928549,
        "time" : "20140611T102633-0700"
      }, {
        "lat" : 37.8708398001,
        "lon" : -122.2790461271,
        "time" : "20140611T102705-0700"
      }, {
        "lat" : 37.8709720181,
        "lon" : -122.2779764885,
        "time" : "20140611T102721-0700"
      }, {
        "lat" : 37.8711742119,
        "lon" : -122.2765691137,
        "time" : "20140611T102742-0700"
      }, {
        "lat" : 37.8713471702,
        "lon" : -122.2749254975,
        "time" : "20140611T102802-0700"
      }, {
        "lat" : 37.871521169,
        "lon" : -122.2738045904,
        "time" : "20140611T102821-0700"
      }, {
        "lat" : 37.8716938901,
        "lon" : -122.2728495446,
        "time" : "20140611T102844-0700"
      }, {
        "lat" : 37.871746678,
        "lon" : -122.2717409844,
        "time" : "20140611T102907-0700"
      }, {
        "lat" : 37.8720034637,
        "lon" : -122.2689435039,
        "time" : "20140611T102952-0700"
      }, {
        "lat" : 37.872139834,
        "lon" : -122.2679070754,
        "time" : "20140611T103011-0700"
      }, {
        "lat" : 37.8722809111,
        "lon" : -122.2668030532,
        "time" : "20140611T103031-0700"
      }, {
        "lat" : 37.8725024689,
        "lon" : -122.2662233125,
        "time" : "20140611T103104-0700"
      }, {
        "lat" : 37.8724599315,
        "lon" : -122.2659209896,
        "time" : "20140611T103122-0700"
      }, {
        "lat" : 37.8720221536,
        "lon" : -122.2647296386,
        "time" : "20140611T103149-0700"
      }, {
        "lat" : 37.8726775187,
        "lon" : -122.262590129,
        "time" : "20140611T103225-0700"
      }, {
        "lat" : 37.872709738,
        "lon" : -122.2616796369,
        "time" : "20140611T103245-0700"
      }, {
        "lat" : 37.8732605704,
        "lon" : -122.2606546596,
        "time" : "20140611T103305-0700"
      }, {
        "lat" : 37.8733551104,
        "lon" : -122.2596324051,
        "time" : "20140611T103329-0700"
      }, {
        "lat" : 37.8748152837,
        "lon" : -122.2583994269,
        "time" : "20140611T103400-0700"
      } ]
    } ],
    "lastUpdate" : "20140611T203209Z"
  }, {
    "type" : "place",
    "startTime" : "20140611T103400-0700",
    "endTime" : "20140611T132516-0700",
    "place" : {
      "id" : 73323513,
      "name" : "Sutardja Dai Hall - CITRIS Building",
      "type" : "foursquare",
      "foursquareId" : "4a68c693f964a520fcca1fe3",
      "foursquareCategoryIds" : [ "4bf58dd8d48988d19f941735" ],
      "location" : {
        "lat" : 37.87481528371463,
        "lon" : -122.2583994269371
      }
    },
    "activities" : [ {
      "activity" : "walking",
      "group" : "walking",
      "manual" : false,
      "startTime" : "20140611T103400-0700",
      "endTime" : "20140611T103854-0700",
      "duration" : 294.0,
      "distance" : 373.0,
      "steps" : 497,
      "trackPoints" : [ ]
    } ],
    "lastUpdate" : "20140612T014753Z"
  }, {
    "type" : "move",
    "startTime" : "20140611T132516-0700",
    "endTime" : "20140611T133140-0700",
    "activities" : [ {
      "activity" : "walking",
      "group" : "walking",
      "manual" : false,
      "startTime" : "20140611T132516-0700",
      "endTime" : "20140611T133140-0700",
      "duration" : 384.0,
      "distance" : 442.0,
      "steps" : 513,
      "trackPoints" : [ {
        "lat" : 37.8748152837,
        "lon" : -122.2583994269,
        "time" : "20140611T132516-0700"
      }, {
        "lat" : 37.8713575202,
        "lon" : -122.2584125748,
        "time" : "20140611T133140-0700"
      } ]
    } ],
    "lastUpdate" : "20140612T014753Z"
  }, {
    "type" : "place",
    "startTime" : "20140611T133140-0700",
    "endTime" : "20140611T184516-0700",
    "place" : {
      "id" : 72412230,
      "name" : "School of Information",
      "type" : "foursquare",
      "foursquareId" : "4f184661e4b0b34551aaa7cb",
      "foursquareCategoryIds" : [ "4bf58dd8d48988d19f941735" ],
      "location" : {
        "lat" : 37.87135752021174,
        "lon" : -122.2584125748343
      }
    },
    "activities" : [ {
      "activity" : "walking",
      "group" : "walking",
      "manual" : false,
      "startTime" : "20140611T133258-0700",
      "endTime" : "20140611T133328-0700",
      "duration" : 30.0,
      "distance" : 20.0,
      "steps" : 41,
      "trackPoints" : [ ]
    } ],
    "lastUpdate" : "20140613T005602Z"
  }, {
    "type" : "move",
    "startTime" : "20140611T184516-0700",
    "endTime" : "20140611T185454-0700",
    "activities" : [ {
      "activity" : "walking",
      "group" : "walking",
      "manual" : false,
      "startTime" : "20140611T184516-0700",
      "endTime" : "20140611T185454-0700",
      "duration" : 578.0,
      "distance" : 580.0,
      "steps" : 827,
      "trackPoints" : [ {
        "lat" : 37.8713575202,
        "lon" : -122.2584125748,
        "time" : "20140611T184516-0700"
      }, {
        "lat" : 37.8702301087,
        "lon" : -122.2594752189,
        "time" : "20140611T184752-0700"
      }, {
        "lat" : 37.8701479747,
        "lon" : -122.2595790533,
        "time" : "20140611T184808-0700"
      }, {
        "lat" : 37.8700015319,
        "lon" : -122.259844497,
        "time" : "20140611T184826-0700"
      }, {
        "lat" : 37.8699402964,
        "lon" : -122.2600927042,
        "time" : "20140611T184841-0700"
      }, {
        "lat" : 37.8698766034,
        "lon" : -122.2602265281,
        "time" : "20140611T184900-0700"
      }, {
        "lat" : 37.8685460666,
        "lon" : -122.2616413688,
        "time" : "20140611T185207-0700"
      }, {
        "lat" : 37.8684375277,
        "lon" : -122.2620557809,
        "time" : "20140611T185226-0700"
      }, {
        "lat" : 37.8685144959,
        "lon" : -122.2623006795,
        "time" : "20140611T185242-0700"
      }, {
        "lat" : 37.8686826907,
        "lon" : -122.2626180279,
        "time" : "20140611T185454-0700"
      } ]
    } ],
    "lastUpdate" : "20140613T005602Z"
  }, {
    "type" : "place",
    "startTime" : "20140611T185455-0700",
    "endTime" : "20140611T190341-0700",
    "place" : {
      "id" : 72458029,
      "name" : "Recreational Sports Facility (RSF)",
      "type" : "foursquare",
      "foursquareId" : "4a68deb9f964a52028cb1fe3",
      "foursquareCategoryIds" : [ "4bf58dd8d48988d1b2941735" ],
      "location" : {
        "lat" : 37.8686826907337,
        "lon" : -122.262618027927
      }
    },
    "lastUpdate" : "20140613T005602Z"
  }, {
    "type" : "place",
    "startTime" : "20140611T223527-0700",
    "endTime" : "20140611T224720-0700",
    "place" : {
      "id" : 72187887,
      "name" : "Home",
      "type" : "home",
      "location" : {
        "lat" : 37.8651493645,
        "lon" : -122.282029798
      }
    },
    "lastUpdate" : "20140613T005602Z"
  } ],
  "lastUpdate" : "20140613T005602Z"
} ]