[ {
  "date" : "20140630",
  "summary" : [ {
    "activity" : "walking",
    "group" : "walking",
    "duration" : 1929.0,
    "distance" : 2203.0,
    "steps" : 2335
  }, {
    "activity" : "transport",
    "group" : "transport",
    "duration" : 932.0,
    "distance" : 4435.0
  }, {
    "activity" : "cycling",
    "group" : "cycling",
    "duration" : 48.0,
    "distance" : 0.0
  } ],
  "segments" : [ {
    "type" : "place",
    "startTime" : "20140629T190701-0700",
    "endTime" : "20140630T164648-0700",
    "place" : {
      "id" : 72187887,
      "name" : "Home",
      "type" : "home",
      "location" : {
        "lat" : 37.8651493645,
        "lon" : -122.282029798
      }
    },
    "lastUpdate" : "20140701T030057Z"
  }, {
    "type" : "move",
    "startTime" : "20140630T164648-0700",
    "endTime" : "20140630T165929-0700",
    "activities" : [ {
      "activity" : "transport",
      "group" : "transport",
      "manual" : false,
      "startTime" : "20140630T164648-0700",
      "endTime" : "20140630T165809-0700",
      "duration" : 681.0,
      "distance" : 2394.0,
      "trackPoints" : [ {
        "lat" : 37.8651493645,
        "lon" : -122.282029798,
        "time" : "20140630T164648-0700"
      }, {
        "lat" : 37.8659933399,
        "lon" : -122.2792419392,
        "time" : "20140630T164809-0700"
      }, {
        "lat" : 37.8661687561,
        "lon" : -122.2784999187,
        "time" : "20140630T164828-0700"
      }, {
        "lat" : 37.8662931036,
        "lon" : -122.2776474766,
        "time" : "20140630T164846-0700"
      }, {
        "lat" : 37.866364546,
        "lon" : -122.2769712044,
        "time" : "20140630T164902-0700"
      }, {
        "lat" : 37.8665141505,
        "lon" : -122.2758545127,
        "time" : "20140630T164926-0700"
      }, {
        "lat" : 37.8667995878,
        "lon" : -122.2745303268,
        "time" : "20140630T164957-0700"
      }, {
        "lat" : 37.8669337033,
        "lon" : -122.2736690792,
        "time" : "20140630T165017-0700"
      }, {
        "lat" : 37.8675346054,
        "lon" : -122.273727733,
        "time" : "20140630T165037-0700"
      }, {
        "lat" : 37.8682154461,
        "lon" : -122.2738471178,
        "time" : "20140630T165053-0700"
      }, {
        "lat" : 37.8688964603,
        "lon" : -122.2731707459,
        "time" : "20140630T165115-0700"
      }, {
        "lat" : 37.8694853086,
        "lon" : -122.272594059,
        "time" : "20140630T165139-0700"
      }, {
        "lat" : 37.8697825408,
        "lon" : -122.2723693192,
        "time" : "20140630T165200-0700"
      }, {
        "lat" : 37.8698458552,
        "lon" : -122.2712238475,
        "time" : "20140630T165222-0700"
      }, {
        "lat" : 37.8699058587,
        "lon" : -122.2707437928,
        "time" : "20140630T165241-0700"
      }, {
        "lat" : 37.8698650473,
        "lon" : -122.2704562976,
        "time" : "20140630T165257-0700"
      }, {
        "lat" : 37.8700507172,
        "lon" : -122.269765913,
        "time" : "20140630T165314-0700"
      }, {
        "lat" : 37.8702240588,
        "lon" : -122.2691312996,
        "time" : "20140630T165330-0700"
      }, {
        "lat" : 37.8702156066,
        "lon" : -122.2683597437,
        "time" : "20140630T165350-0700"
      }, {
        "lat" : 37.8703036604,
        "lon" : -122.2680831712,
        "time" : "20140630T165421-0700"
      }, {
        "lat" : 37.8702857194,
        "lon" : -122.2679654335,
        "time" : "20140630T165442-0700"
      }, {
        "lat" : 37.8704013222,
        "lon" : -122.2667834859,
        "time" : "20140630T165518-0700"
      }, {
        "lat" : 37.8705355556,
        "lon" : -122.2660147959,
        "time" : "20140630T165538-0700"
      }, {
        "lat" : 37.8715046418,
        "lon" : -122.2660417443,
        "time" : "20140630T165604-0700"
      }, {
        "lat" : 37.8716387358,
        "lon" : -122.2653627121,
        "time" : "20140630T165622-0700"
      }, {
        "lat" : 37.8719810133,
        "lon" : -122.2642693311,
        "time" : "20140630T165647-0700"
      }, {
        "lat" : 37.8722458337,
        "lon" : -122.2635151731,
        "time" : "20140630T165708-0700"
      }, {
        "lat" : 37.8726829784,
        "lon" : -122.2625271015,
        "time" : "20140630T165753-0700"
      }, {
        "lat" : 37.8726178523,
        "lon" : -122.261765541,
        "time" : "20140630T165809-0700"
      } ]
    }, {
      "activity" : "walking",
      "group" : "walking",
      "manual" : false,
      "startTime" : "20140630T165809-0700",
      "endTime" : "20140630T165929-0700",
      "duration" : 80.0,
      "distance" : 96.0,
      "steps" : 54,
      "trackPoints" : [ {
        "lat" : 37.8726178523,
        "lon" : -122.261765541,
        "time" : "20140630T165809-0700"
      }, {
        "lat" : 37.8727992077,
        "lon" : -122.2613585026,
        "time" : "20140630T165830-0700"
      }, {
        "lat" : 37.8730097031,
        "lon" : -122.2608668941,
        "time" : "20140630T165906-0700"
      }, {
        "lat" : 37.8737944085,
        "lon" : -122.2588509546,
        "time" : "20140630T165929-0700"
      } ]
    } ],
    "lastUpdate" : "20140701T030057Z"
  }, {
    "type" : "place",
    "startTime" : "20140630T165929-0700",
    "endTime" : "20140630T193829-0700",
    "place" : {
      "id" : 81674498,
      "type" : "unknown",
      "location" : {
        "lat" : 37.8737944085,
        "lon" : -122.2588509546
      }
    },
    "activities" : [ {
      "activity" : "walking",
      "group" : "walking",
      "manual" : false,
      "startTime" : "20140630T165929-0700",
      "endTime" : "20140630T170653-0700",
      "duration" : 444.0,
      "distance" : 448.0,
      "steps" : 611,
      "trackPoints" : [ ]
    } ],
    "lastUpdate" : "20140701T205229Z"
  }, {
    "type" : "move",
    "startTime" : "20140630T193829-0700",
    "endTime" : "20140630T195549-0700",
    "activities" : [ {
      "activity" : "walking",
      "group" : "walking",
      "manual" : false,
      "startTime" : "20140630T193829-0700",
      "endTime" : "20140630T195550-0700",
      "duration" : 1041.0,
      "distance" : 1256.0,
      "steps" : 1104,
      "trackPoints" : [ {
        "lat" : 37.8737944085,
        "lon" : -122.2588509546,
        "time" : "20140630T193829-0700"
      }, {
        "lat" : 37.8730755055,
        "lon" : -122.25819493,
        "time" : "20140630T193955-0700"
      }, {
        "lat" : 37.8727823487,
        "lon" : -122.2582072102,
        "time" : "20140630T194019-0700"
      }, {
        "lat" : 37.8727220752,
        "lon" : -122.2585072922,
        "time" : "20140630T194042-0700"
      }, {
        "lat" : 37.8725645868,
        "lon" : -122.2584817049,
        "time" : "20140630T194059-0700"
      }, {
        "lat" : 37.8721598703,
        "lon" : -122.2582904166,
        "time" : "20140630T194124-0700"
      }, {
        "lat" : 37.8719019716,
        "lon" : -122.2581371434,
        "time" : "20140630T194147-0700"
      }, {
        "lat" : 37.8717955873,
        "lon" : -122.2580747556,
        "time" : "20140630T194210-0700"
      }, {
        "lat" : 37.8716820669,
        "lon" : -122.2580699904,
        "time" : "20140630T194233-0700"
      }, {
        "lat" : 37.8715424989,
        "lon" : -122.2581246837,
        "time" : "20140630T194256-0700"
      }, {
        "lat" : 37.8713636276,
        "lon" : -122.2582785395,
        "time" : "20140630T194317-0700"
      }, {
        "lat" : 37.8711866222,
        "lon" : -122.258535412,
        "time" : "20140630T194339-0700"
      }, {
        "lat" : 37.871048153,
        "lon" : -122.2585825946,
        "time" : "20140630T194402-0700"
      }, {
        "lat" : 37.8709555381,
        "lon" : -122.258856784,
        "time" : "20140630T194418-0700"
      }, {
        "lat" : 37.8708236778,
        "lon" : -122.259223882,
        "time" : "20140630T194445-0700"
      }, {
        "lat" : 37.87040963,
        "lon" : -122.2593387075,
        "time" : "20140630T194510-0700"
      }, {
        "lat" : 37.8699892773,
        "lon" : -122.2593756801,
        "time" : "20140630T194533-0700"
      }, {
        "lat" : 37.8697170781,
        "lon" : -122.2593566231,
        "time" : "20140630T194550-0700"
      }, {
        "lat" : 37.8696090499,
        "lon" : -122.2593374501,
        "time" : "20140630T194607-0700"
      }, {
        "lat" : 37.869239878,
        "lon" : -122.2592558742,
        "time" : "20140630T194714-0700"
      }, {
        "lat" : 37.8689838269,
        "lon" : -122.2591910237,
        "time" : "20140630T194732-0700"
      }, {
        "lat" : 37.8686561535,
        "lon" : -122.2591056505,
        "time" : "20140630T194759-0700"
      }, {
        "lat" : 37.868732416,
        "lon" : -122.2591241777,
        "time" : "20140630T194815-0700"
      }, {
        "lat" : 37.8687431538,
        "lon" : -122.2591314533,
        "time" : "20140630T194842-0700"
      }, {
        "lat" : 37.8687177666,
        "lon" : -122.2591326964,
        "time" : "20140630T194859-0700"
      }, {
        "lat" : 37.8686892088,
        "lon" : -122.2591324948,
        "time" : "20140630T194916-0700"
      }, {
        "lat" : 37.8686892088,
        "lon" : -122.2591324948,
        "time" : "20140630T194931-0700"
      }, {
        "lat" : 37.8686892088,
        "lon" : -122.2591324948,
        "time" : "20140630T195006-0700"
      }, {
        "lat" : 37.8686464511,
        "lon" : -122.2591270261,
        "time" : "20140630T195029-0700"
      }, {
        "lat" : 37.8685901254,
        "lon" : -122.2591150354,
        "time" : "20140630T195052-0700"
      }, {
        "lat" : 37.8685757674,
        "lon" : -122.2593523654,
        "time" : "20140630T195113-0700"
      }, {
        "lat" : 37.8683627001,
        "lon" : -122.2610586769,
        "time" : "20140630T195139-0700"
      }, {
        "lat" : 37.8682709843,
        "lon" : -122.2622434998,
        "time" : "20140630T195154-0700"
      }, {
        "lat" : 37.8685336956,
        "lon" : -122.2624557033,
        "time" : "20140630T195212-0700"
      }, {
        "lat" : 37.8685549354,
        "lon" : -122.2624577145,
        "time" : "20140630T195228-0700"
      }, {
        "lat" : 37.868516649,
        "lon" : -122.2624072904,
        "time" : "20140630T195243-0700"
      }, {
        "lat" : 37.868564226,
        "lon" : -122.2624224652,
        "time" : "20140630T195303-0700"
      }, {
        "lat" : 37.8686348595,
        "lon" : -122.2624499042,
        "time" : "20140630T195328-0700"
      }, {
        "lat" : 37.8687575039,
        "lon" : -122.262481842,
        "time" : "20140630T195408-0700"
      }, {
        "lat" : 37.8689830545,
        "lon" : -122.262455062,
        "time" : "20140630T195437-0700"
      }, {
        "lat" : 37.8692666285,
        "lon" : -122.2623423804,
        "time" : "20140630T195500-0700"
      }, {
        "lat" : 37.8693335272,
        "lon" : -122.2622959302,
        "time" : "20140630T195520-0700"
      }, {
        "lat" : 37.8686826907,
        "lon" : -122.2626180279,
        "time" : "20140630T195549-0700"
      } ]
    } ],
    "lastUpdate" : "20140701T205229Z"
  }, {
    "type" : "place",
    "startTime" : "20140630T195549-0700",
    "endTime" : "20140630T220105-0700",
    "place" : {
      "id" : 72458029,
      "name" : "Recreational Sports Facility (RSF)",
      "type" : "foursquare",
      "foursquareId" : "4a68deb9f964a52028cb1fe3",
      "foursquareCategoryIds" : [ "4bf58dd8d48988d1b2941735" ],
      "location" : {
        "lat" : 37.8686826907337,
        "lon" : -122.262618027927
      }
    },
    "activities" : [ {
      "activity" : "walking",
      "group" : "walking",
      "manual" : false,
      "startTime" : "20140630T195906-0700",
      "endTime" : "20140630T200307-0700",
      "duration" : 241.0,
      "distance" : 276.0,
      "steps" : 397,
      "trackPoints" : [ ]
    }, {
      "activity" : "cycling",
      "group" : "cycling",
      "manual" : false,
      "startTime" : "20140630T200449-0700",
      "endTime" : "20140630T200537-0700",
      "duration" : 48.0,
      "distance" : 0.0,
      "trackPoints" : [ ]
    } ],
    "lastUpdate" : "20140701T205232Z"
  }, {
    "type" : "move",
    "startTime" : "20140630T220105-0700",
    "endTime" : "20140630T220517-0700",
    "activities" : [ {
      "activity" : "transport",
      "group" : "transport",
      "manual" : false,
      "startTime" : "20140630T220105-0700",
      "endTime" : "20140630T220516-0700",
      "duration" : 251.0,
      "distance" : 2041.0,
      "trackPoints" : [ {
        "lat" : 37.8686826907,
        "lon" : -122.2626180279,
        "time" : "20140630T220105-0700"
      }, {
        "lat" : 37.8652261236,
        "lon" : -122.2721097808,
        "time" : "20140630T220310-0700"
      }, {
        "lat" : 37.8650334212,
        "lon" : -122.2733625001,
        "time" : "20140630T220326-0700"
      }, {
        "lat" : 37.8648233017,
        "lon" : -122.2750586643,
        "time" : "20140630T220344-0700"
      }, {
        "lat" : 37.8646603252,
        "lon" : -122.2768767547,
        "time" : "20140630T220403-0700"
      }, {
        "lat" : 37.8643847437,
        "lon" : -122.2789874671,
        "time" : "20140630T220428-0700"
      }, {
        "lat" : 37.864101578,
        "lon" : -122.2808264188,
        "time" : "20140630T220449-0700"
      }, {
        "lat" : 37.8651493645,
        "lon" : -122.282029798,
        "time" : "20140630T220517-0700"
      } ]
    } ],
    "lastUpdate" : "20140701T205232Z"
  }, {
    "type" : "place",
    "startTime" : "20140630T220531-0700",
    "endTime" : "20140701T135126-0700",
    "place" : {
      "id" : 72187887,
      "name" : "Home",
      "type" : "home",
      "location" : {
        "lat" : 37.8651493645,
        "lon" : -122.282029798
      }
    },
    "activities" : [ {
      "activity" : "walking",
      "group" : "walking",
      "manual" : false,
      "startTime" : "20140630T220554-0700",
      "endTime" : "20140630T220757-0700",
      "duration" : 123.0,
      "distance" : 127.0,
      "steps" : 169,
      "trackPoints" : [ ]
    } ],
    "lastUpdate" : "20140701T222316Z"
  } ],
  "lastUpdate" : "20140701T222316Z"
} ]