[ {
  "date" : "20140708",
  "summary" : [ {
    "activity" : "cycling",
    "group" : "cycling",
    "duration" : 717.0,
    "distance" : 2655.0
  }, {
    "activity" : "walking",
    "group" : "walking",
    "duration" : 814.0,
    "distance" : 1031.0,
    "steps" : 1196
  } ],
  "segments" : [ {
    "type" : "place",
    "startTime" : "20140707T235116-0700",
    "endTime" : "20140708T131051-0700",
    "place" : {
      "id" : 72187887,
      "name" : "Home",
      "type" : "home",
      "location" : {
        "lat" : 37.8651493645,
        "lon" : -122.282029798
      }
    },
    "lastUpdate" : "20140708T215350Z"
  }, {
    "type" : "move",
    "startTime" : "20140708T131051-0700",
    "endTime" : "20140708T131932-0700",
    "activities" : [ {
      "activity" : "cycling",
      "group" : "cycling",
      "manual" : false,
      "startTime" : "20140708T131051-0700",
      "endTime" : "20140708T131932-0700",
      "duration" : 521.0,
      "distance" : 1883.0,
      "trackPoints" : [ {
        "lat" : 37.8651493645,
        "lon" : -122.282029798,
        "time" : "20140708T131051-0700"
      }, {
        "lat" : 37.8661966575,
        "lon" : -122.2795442271,
        "time" : "20140708T131205-0700"
      }, {
        "lat" : 37.8662126312,
        "lon" : -122.2788536386,
        "time" : "20140708T131223-0700"
      }, {
        "lat" : 37.8662702476,
        "lon" : -122.278190695,
        "time" : "20140708T131239-0700"
      }, {
        "lat" : 37.8663680617,
        "lon" : -122.2774728179,
        "time" : "20140708T131256-0700"
      }, {
        "lat" : 37.8665439201,
        "lon" : -122.2770243006,
        "time" : "20140708T131312-0700"
      }, {
        "lat" : 37.8665188859,
        "lon" : -122.2763895163,
        "time" : "20140708T131328-0700"
      }, {
        "lat" : 37.8666230189,
        "lon" : -122.2754187871,
        "time" : "20140708T131351-0700"
      }, {
        "lat" : 37.8668165752,
        "lon" : -122.2736948093,
        "time" : "20140708T131425-0700"
      }, {
        "lat" : 37.8670764178,
        "lon" : -122.2725733576,
        "time" : "20140708T131459-0700"
      }, {
        "lat" : 37.8671895426,
        "lon" : -122.2724634352,
        "time" : "20140708T131518-0700"
      }, {
        "lat" : 37.8673052654,
        "lon" : -122.2724709863,
        "time" : "20140708T131540-0700"
      }, {
        "lat" : 37.8681135954,
        "lon" : -122.2724294465,
        "time" : "20140708T131610-0700"
      }, {
        "lat" : 37.8688618911,
        "lon" : -122.2725786923,
        "time" : "20140708T131626-0700"
      }, {
        "lat" : 37.8695961893,
        "lon" : -122.272685765,
        "time" : "20140708T131642-0700"
      }, {
        "lat" : 37.8698704739,
        "lon" : -122.2718229072,
        "time" : "20140708T131702-0700"
      }, {
        "lat" : 37.8700227681,
        "lon" : -122.2704964631,
        "time" : "20140708T131736-0700"
      }, {
        "lat" : 37.8701285712,
        "lon" : -122.269983953,
        "time" : "20140708T131754-0700"
      }, {
        "lat" : 37.8701906204,
        "lon" : -122.2691686654,
        "time" : "20140708T131812-0700"
      }, {
        "lat" : 37.8703642388,
        "lon" : -122.268442387,
        "time" : "20140708T131837-0700"
      }, {
        "lat" : 37.8703242749,
        "lon" : -122.2681733921,
        "time" : "20140708T131852-0700"
      }, {
        "lat" : 37.8703114165,
        "lon" : -122.2680560235,
        "time" : "20140708T131910-0700"
      }, {
        "lat" : 37.8704362297,
        "lon" : -122.2662692272,
        "time" : "20140708T131932-0700"
      } ]
    } ],
    "lastUpdate" : "20140708T215350Z"
  }, {
    "type" : "place",
    "startTime" : "20140708T131932-0700",
    "endTime" : "20140708T133000-0700",
    "place" : {
      "id" : 77843155,
      "name" : "Siemens Berkeley",
      "type" : "work",
      "location" : {
        "lat" : 37.8704362297,
        "lon" : -122.2662692272
      }
    },
    "activities" : [ {
      "activity" : "walking",
      "group" : "walking",
      "manual" : false,
      "startTime" : "20140708T131948-0700",
      "endTime" : "20140708T132018-0700",
      "duration" : 30.0,
      "distance" : 25.0,
      "steps" : 51,
      "trackPoints" : [ ]
    } ],
    "lastUpdate" : "20140708T215350Z"
  }, {
    "type" : "move",
    "startTime" : "20140708T133000-0700",
    "endTime" : "20140708T133316-0700",
    "activities" : [ {
      "activity" : "cycling",
      "group" : "cycling",
      "manual" : false,
      "startTime" : "20140708T133000-0700",
      "endTime" : "20140708T133316-0700",
      "duration" : 196.0,
      "distance" : 772.0,
      "trackPoints" : [ {
        "lat" : 37.8704362297,
        "lon" : -122.2662692272,
        "time" : "20140708T133000-0700"
      }, {
        "lat" : 37.8708157827,
        "lon" : -122.2638364823,
        "time" : "20140708T133128-0700"
      }, {
        "lat" : 37.870855318,
        "lon" : -122.2630612331,
        "time" : "20140708T133148-0700"
      }, {
        "lat" : 37.8711662737,
        "lon" : -122.2621771698,
        "time" : "20140708T133208-0700"
      }, {
        "lat" : 37.8713003059,
        "lon" : -122.2616444135,
        "time" : "20140708T133225-0700"
      }, {
        "lat" : 37.8714497091,
        "lon" : -122.2609388258,
        "time" : "20140708T133241-0700"
      }, {
        "lat" : 37.8713575202,
        "lon" : -122.2584125748,
        "time" : "20140708T133316-0700"
      } ]
    } ],
    "lastUpdate" : "20140708T215350Z"
  }, {
    "type" : "place",
    "startTime" : "20140708T133316-0700",
    "endTime" : "20140708T160628-0700",
    "place" : {
      "id" : 72412230,
      "name" : "School of Information",
      "type" : "foursquare",
      "foursquareId" : "4f184661e4b0b34551aaa7cb",
      "foursquareCategoryIds" : [ "4bf58dd8d48988d19f941735" ],
      "location" : {
        "lat" : 37.87135752021174,
        "lon" : -122.2584125748343
      }
    },
    "activities" : [ {
      "activity" : "walking",
      "group" : "walking",
      "manual" : false,
      "startTime" : "20140708T133316-0700",
      "endTime" : "20140708T133635-0700",
      "duration" : 199.0,
      "distance" : 224.0,
      "steps" : 299,
      "trackPoints" : [ ]
    }, {
      "activity" : "walking",
      "group" : "walking",
      "manual" : false,
      "startTime" : "20140708T145833-0700",
      "endTime" : "20140708T145842-0700",
      "duration" : 9.0,
      "distance" : 5.0,
      "steps" : 7,
      "trackPoints" : [ ]
    }, {
      "activity" : "walking",
      "group" : "walking",
      "manual" : false,
      "startTime" : "20140708T160213-0700",
      "endTime" : "20140708T160243-0700",
      "duration" : 30.0,
      "distance" : 31.0,
      "steps" : 61,
      "trackPoints" : [ ]
    } ],
    "lastUpdate" : "20140709T005430Z"
  }, {
    "type" : "move",
    "startTime" : "20140708T160628-0700",
    "endTime" : "20140708T161534-0700",
    "activities" : [ {
      "activity" : "walking",
      "group" : "walking",
      "manual" : false,
      "startTime" : "20140708T160628-0700",
      "endTime" : "20140708T161534-0700",
      "duration" : 546.0,
      "distance" : 746.0,
      "steps" : 778,
      "trackPoints" : [ {
        "lat" : 37.8713575202,
        "lon" : -122.2584125748,
        "time" : "20140708T160628-0700"
      }, {
        "lat" : 37.8723513058,
        "lon" : -122.2606751039,
        "time" : "20140708T160652-0700"
      }, {
        "lat" : 37.8725220148,
        "lon" : -122.260215061,
        "time" : "20140708T160811-0700"
      }, {
        "lat" : 37.8730471296,
        "lon" : -122.259605092,
        "time" : "20140708T160900-0700"
      }, {
        "lat" : 37.8732501464,
        "lon" : -122.2595428466,
        "time" : "20140708T160924-0700"
      }, {
        "lat" : 37.873339458,
        "lon" : -122.2597156424,
        "time" : "20140708T160947-0700"
      }, {
        "lat" : 37.8735487342,
        "lon" : -122.2599914048,
        "time" : "20140708T161015-0700"
      }, {
        "lat" : 37.8736742842,
        "lon" : -122.260104312,
        "time" : "20140708T161031-0700"
      }, {
        "lat" : 37.8739758841,
        "lon" : -122.2600618059,
        "time" : "20140708T161055-0700"
      }, {
        "lat" : 37.8744266828,
        "lon" : -122.2600185195,
        "time" : "20140708T161120-0700"
      }, {
        "lat" : 37.8747240979,
        "lon" : -122.2599355223,
        "time" : "20140708T161140-0700"
      }, {
        "lat" : 37.8746411902,
        "lon" : -122.259605939,
        "time" : "20140708T161217-0700"
      }, {
        "lat" : 37.8746920556,
        "lon" : -122.2594365743,
        "time" : "20140708T161236-0700"
      }, {
        "lat" : 37.8748192855,
        "lon" : -122.2592253667,
        "time" : "20140708T161259-0700"
      }, {
        "lat" : 37.874911528,
        "lon" : -122.2589409248,
        "time" : "20140708T161348-0700"
      }, {
        "lat" : 37.8747862603,
        "lon" : -122.258844914,
        "time" : "20140708T161417-0700"
      }, {
        "lat" : 37.8747888046,
        "lon" : -122.2586348434,
        "time" : "20140708T161455-0700"
      }, {
        "lat" : 37.8748152837,
        "lon" : -122.2583994269,
        "time" : "20140708T161534-0700"
      } ]
    } ],
    "lastUpdate" : "20140709T005430Z"
  }, {
    "type" : "place",
    "startTime" : "20140708T161534-0700",
    "endTime" : "20140708T175423-0700",
    "place" : {
      "id" : 73323513,
      "name" : "Sutardja Dai Hall - CITRIS Building",
      "type" : "foursquare",
      "foursquareId" : "4a68c693f964a520fcca1fe3",
      "foursquareCategoryIds" : [ "4bf58dd8d48988d19f941735" ],
      "location" : {
        "lat" : 37.87481528371463,
        "lon" : -122.2583994269371
      }
    },
    "lastUpdate" : "20140709T005430Z"
  } ],
  "lastUpdate" : "20140709T005430Z"
} ]