[ {
  "date" : "20140619",
  "summary" : [ {
    "activity" : "cycling",
    "group" : "cycling",
    "duration" : 1184.0,
    "distance" : 4556.0
  }, {
    "activity" : "walking",
    "group" : "walking",
    "duration" : 2148.0,
    "distance" : 2206.0,
    "steps" : 2997
  }, {
    "activity" : "transport",
    "group" : "transport",
    "duration" : 4421.0,
    "distance" : 41392.0
  } ],
  "segments" : [ {
    "type" : "place",
    "startTime" : "20140618T220322-0700",
    "endTime" : "20140619T092926-0700",
    "place" : {
      "id" : 72187887,
      "name" : "Home",
      "type" : "home",
      "location" : {
        "lat" : 37.8651493645,
        "lon" : -122.282029798
      }
    },
    "lastUpdate" : "20140619T215052Z"
  }, {
    "type" : "move",
    "startTime" : "20140619T092926-0700",
    "endTime" : "20140619T093807-0700",
    "activities" : [ {
      "activity" : "cycling",
      "group" : "cycling",
      "manual" : false,
      "startTime" : "20140619T092926-0700",
      "endTime" : "20140619T093807-0700",
      "duration" : 521.0,
      "distance" : 1810.0,
      "trackPoints" : [ {
        "lat" : 37.8651493645,
        "lon" : -122.282029798,
        "time" : "20140619T092926-0700"
      }, {
        "lat" : 37.8664606514,
        "lon" : -122.2770208683,
        "time" : "20140619T093152-0700"
      }, {
        "lat" : 37.8663760444,
        "lon" : -122.2764230367,
        "time" : "20140619T093208-0700"
      }, {
        "lat" : 37.866528173,
        "lon" : -122.2755581425,
        "time" : "20140619T093230-0700"
      }, {
        "lat" : 37.866604878,
        "lon" : -122.2749080397,
        "time" : "20140619T093246-0700"
      }, {
        "lat" : 37.8668658064,
        "lon" : -122.2740139118,
        "time" : "20140619T093310-0700"
      }, {
        "lat" : 37.8670111072,
        "lon" : -122.2730164638,
        "time" : "20140619T093334-0700"
      }, {
        "lat" : 37.8671645847,
        "lon" : -122.2725596906,
        "time" : "20140619T093358-0700"
      }, {
        "lat" : 37.8672714852,
        "lon" : -122.2724886594,
        "time" : "20140619T093422-0700"
      }, {
        "lat" : 37.8676241132,
        "lon" : -122.2725315821,
        "time" : "20140619T093440-0700"
      }, {
        "lat" : 37.8685078903,
        "lon" : -122.2726485256,
        "time" : "20140619T093502-0700"
      }, {
        "lat" : 37.8695213291,
        "lon" : -122.272152077,
        "time" : "20140619T093539-0700"
      }, {
        "lat" : 37.8699686873,
        "lon" : -122.2712175663,
        "time" : "20140619T093558-0700"
      }, {
        "lat" : 37.8699966427,
        "lon" : -122.2706692324,
        "time" : "20140619T093616-0700"
      }, {
        "lat" : 37.8700976796,
        "lon" : -122.2696929978,
        "time" : "20140619T093642-0700"
      }, {
        "lat" : 37.8701831252,
        "lon" : -122.2689553723,
        "time" : "20140619T093658-0700"
      }, {
        "lat" : 37.8702557304,
        "lon" : -122.2682882035,
        "time" : "20140619T093717-0700"
      }, {
        "lat" : 37.870458938,
        "lon" : -122.2679754207,
        "time" : "20140619T093744-0700"
      }, {
        "lat" : 37.8715286365,
        "lon" : -122.2682853653,
        "time" : "20140619T093807-0700"
      } ]
    } ],
    "lastUpdate" : "20140619T215052Z"
  }, {
    "type" : "place",
    "startTime" : "20140619T093807-0700",
    "endTime" : "20140619T111726-0700",
    "place" : {
      "id" : 77817081,
      "type" : "unknown",
      "location" : {
        "lat" : 37.8712424585,
        "lon" : -122.2671398111
      }
    },
    "activities" : [ {
      "activity" : "walking",
      "group" : "walking",
      "manual" : false,
      "startTime" : "20140619T093807-0700",
      "endTime" : "20140619T093836-0700",
      "duration" : 29.0,
      "distance" : 15.0,
      "steps" : 29,
      "trackPoints" : [ ]
    } ],
    "lastUpdate" : "20140619T215055Z"
  }, {
    "type" : "move",
    "startTime" : "20140619T111726-0700",
    "endTime" : "20140619T112712-0700",
    "activities" : [ {
      "activity" : "transport",
      "group" : "transport",
      "manual" : false,
      "startTime" : "20140619T111726-0700",
      "endTime" : "20140619T112049-0700",
      "duration" : 203.0,
      "distance" : 684.0,
      "trackPoints" : [ {
        "lat" : 37.8712424585,
        "lon" : -122.2671398111,
        "time" : "20140619T111726-0700"
      }, {
        "lat" : 37.8705452702,
        "lon" : -122.2659687573,
        "time" : "20140619T111807-0700"
      }, {
        "lat" : 37.8706714923,
        "lon" : -122.2652154877,
        "time" : "20140619T111830-0700"
      }, {
        "lat" : 37.8708520539,
        "lon" : -122.2642776923,
        "time" : "20140619T111857-0700"
      }, {
        "lat" : 37.8709337095,
        "lon" : -122.2637715867,
        "time" : "20140619T111913-0700"
      }, {
        "lat" : 37.8709033186,
        "lon" : -122.2631567889,
        "time" : "20140619T111931-0700"
      }, {
        "lat" : 37.8709749847,
        "lon" : -122.2623548877,
        "time" : "20140619T111954-0700"
      }, {
        "lat" : 37.871452603,
        "lon" : -122.2612236953,
        "time" : "20140619T112029-0700"
      }, {
        "lat" : 37.8716024138,
        "lon" : -122.2604101252,
        "time" : "20140619T112049-0700"
      } ]
    }, {
      "activity" : "walking",
      "group" : "walking",
      "manual" : false,
      "startTime" : "20140619T112049-0700",
      "endTime" : "20140619T112712-0700",
      "duration" : 383.0,
      "distance" : 285.0,
      "steps" : 449,
      "trackPoints" : [ {
        "lat" : 37.8716024138,
        "lon" : -122.2604101252,
        "time" : "20140619T112049-0700"
      }, {
        "lat" : 37.8715488218,
        "lon" : -122.2600393919,
        "time" : "20140619T112109-0700"
      }, {
        "lat" : 37.8715807404,
        "lon" : -122.2598897274,
        "time" : "20140619T112142-0700"
      }, {
        "lat" : 37.8716769561,
        "lon" : -122.2595267346,
        "time" : "20140619T112206-0700"
      }, {
        "lat" : 37.8717098754,
        "lon" : -122.2591040252,
        "time" : "20140619T112230-0700"
      }, {
        "lat" : 37.8718252241,
        "lon" : -122.2587763027,
        "time" : "20140619T112300-0700"
      }, {
        "lat" : 37.8718336425,
        "lon" : -122.2585938678,
        "time" : "20140619T112324-0700"
      }, {
        "lat" : 37.8718313869,
        "lon" : -122.2585313149,
        "time" : "20140619T112344-0700"
      }, {
        "lat" : 37.8717482876,
        "lon" : -122.2582973589,
        "time" : "20140619T112421-0700"
      }, {
        "lat" : 37.8715543678,
        "lon" : -122.2583415561,
        "time" : "20140619T112507-0700"
      }, {
        "lat" : 37.8714334463,
        "lon" : -122.258469643,
        "time" : "20140619T112538-0700"
      }, {
        "lat" : 37.8714008263,
        "lon" : -122.2585974793,
        "time" : "20140619T112604-0700"
      }, {
        "lat" : 37.8713575202,
        "lon" : -122.2584125748,
        "time" : "20140619T112712-0700"
      } ]
    } ],
    "lastUpdate" : "20140619T215055Z"
  }, {
    "type" : "place",
    "startTime" : "20140619T112713-0700",
    "endTime" : "20140619T145804-0700",
    "place" : {
      "id" : 72412230,
      "name" : "School of Information",
      "type" : "foursquare",
      "foursquareId" : "4f184661e4b0b34551aaa7cb",
      "foursquareCategoryIds" : [ "4bf58dd8d48988d19f941735" ],
      "location" : {
        "lat" : 37.87135752021174,
        "lon" : -122.2584125748343
      }
    },
    "lastUpdate" : "20140620T001237Z"
  }, {
    "type" : "move",
    "startTime" : "20140619T145804-0700",
    "endTime" : "20140619T150247-0700",
    "activities" : [ {
      "activity" : "transport",
      "group" : "transport",
      "manual" : false,
      "startTime" : "20140619T145804-0700",
      "endTime" : "20140619T150247-0700",
      "duration" : 283.0,
      "distance" : 783.0,
      "trackPoints" : [ {
        "lat" : 37.8713575202,
        "lon" : -122.2584125748,
        "time" : "20140619T145804-0700"
      }, {
        "lat" : 37.8711656122,
        "lon" : -122.260467397,
        "time" : "20140619T145959-0700"
      }, {
        "lat" : 37.8711655957,
        "lon" : -122.2604675741,
        "time" : "20140619T150000-0700"
      }, {
        "lat" : 37.870984226,
        "lon" : -122.2624095591,
        "time" : "20140619T150149-0700"
      }, {
        "lat" : 37.8705686637,
        "lon" : -122.2641528422,
        "time" : "20140619T150211-0700"
      }, {
        "lat" : 37.8702809279,
        "lon" : -122.2656560104,
        "time" : "20140619T150231-0700"
      }, {
        "lat" : 37.8704544627,
        "lon" : -122.2665492027,
        "time" : "20140619T150247-0700"
      } ]
    } ],
    "lastUpdate" : "20140620T001237Z"
  }, {
    "type" : "place",
    "startTime" : "20140619T150247-0700",
    "endTime" : "20140619T153830-0700",
    "place" : {
      "id" : 77843155,
      "name" : "Siemens Berkeley",
      "type" : "work",
      "location" : {
        "lat" : 37.8704362297,
        "lon" : -122.2662692272
      }
    },
    "activities" : [ {
      "activity" : "walking",
      "group" : "walking",
      "manual" : false,
      "startTime" : "20140619T150254-0700",
      "endTime" : "20140619T150354-0700",
      "duration" : 60.0,
      "distance" : 66.0,
      "steps" : 132,
      "trackPoints" : [ ]
    } ],
    "lastUpdate" : "20140703T003709Z"
  }, {
    "type" : "move",
    "startTime" : "20140619T153830-0700",
    "endTime" : "20140619T154232-0700",
    "activities" : [ {
      "activity" : "walking",
      "group" : "walking",
      "manual" : false,
      "startTime" : "20140619T153830-0700",
      "endTime" : "20140619T154232-0700",
      "duration" : 242.0,
      "distance" : 278.0,
      "steps" : 322,
      "trackPoints" : [ {
        "lat" : 37.8704362297,
        "lon" : -122.2662692272,
        "time" : "20140619T153830-0700"
      }, {
        "lat" : 37.8711963665,
        "lon" : -122.2688494703,
        "time" : "20140619T154232-0700"
      } ]
    } ],
    "lastUpdate" : "20140620T001242Z"
  }, {
    "type" : "place",
    "startTime" : "20140619T154232-0700",
    "endTime" : "20140619T170400-0700",
    "place" : {
      "id" : 77843144,
      "type" : "unknown",
      "location" : {
        "lat" : 37.8704544627,
        "lon" : -122.2665492027
      }
    },
    "activities" : [ {
      "activity" : "walking",
      "group" : "walking",
      "manual" : false,
      "startTime" : "20140619T154318-0700",
      "endTime" : "20140619T154348-0700",
      "duration" : 30.0,
      "distance" : 30.0,
      "steps" : 61,
      "trackPoints" : [ ]
    } ],
    "lastUpdate" : "20140620T014006Z"
  }, {
    "type" : "move",
    "startTime" : "20140619T170400-0700",
    "endTime" : "20140619T171119-0700",
    "activities" : [ {
      "activity" : "cycling",
      "group" : "cycling",
      "manual" : false,
      "startTime" : "20140619T170400-0700",
      "endTime" : "20140619T171118-0700",
      "duration" : 438.0,
      "distance" : 1813.0,
      "trackPoints" : [ {
        "lat" : 37.8704544627,
        "lon" : -122.2665492027,
        "time" : "20140619T170400-0700"
      }, {
        "lat" : 37.8681721742,
        "lon" : -122.2778271145,
        "time" : "20140619T170836-0700"
      }, {
        "lat" : 37.8679021913,
        "lon" : -122.279738808,
        "time" : "20140619T170903-0700"
      }, {
        "lat" : 37.8675349,
        "lon" : -122.2811226889,
        "time" : "20140619T170921-0700"
      }, {
        "lat" : 37.8673532382,
        "lon" : -122.2816450272,
        "time" : "20140619T170941-0700"
      }, {
        "lat" : 37.8672881633,
        "lon" : -122.2817517609,
        "time" : "20140619T171002-0700"
      }, {
        "lat" : 37.8671074707,
        "lon" : -122.2817396072,
        "time" : "20140619T171022-0700"
      }, {
        "lat" : 37.8662123516,
        "lon" : -122.2817145871,
        "time" : "20140619T171045-0700"
      }, {
        "lat" : 37.8651493645,
        "lon" : -122.282029798,
        "time" : "20140619T171119-0700"
      } ]
    } ],
    "lastUpdate" : "20140620T014006Z"
  }, {
    "type" : "place",
    "startTime" : "20140619T171119-0700",
    "endTime" : "20140619T174245-0700",
    "place" : {
      "id" : 72187887,
      "name" : "Home",
      "type" : "home",
      "location" : {
        "lat" : 37.8651493645,
        "lon" : -122.282029798
      }
    },
    "lastUpdate" : "20140620T045748Z"
  }, {
    "type" : "move",
    "startTime" : "20140619T174245-0700",
    "endTime" : "20140619T180125-0700",
    "activities" : [ {
      "activity" : "cycling",
      "group" : "cycling",
      "manual" : false,
      "startTime" : "20140619T174245-0700",
      "endTime" : "20140619T174630-0700",
      "duration" : 225.0,
      "distance" : 933.0,
      "trackPoints" : [ {
        "lat" : 37.8651493645,
        "lon" : -122.282029798,
        "time" : "20140619T174245-0700"
      }, {
        "lat" : 37.8654310234,
        "lon" : -122.2847357051,
        "time" : "20140619T174348-0700"
      }, {
        "lat" : 37.8653668257,
        "lon" : -122.2854825433,
        "time" : "20140619T174403-0700"
      }, {
        "lat" : 37.8653872199,
        "lon" : -122.2861487674,
        "time" : "20140619T174419-0700"
      }, {
        "lat" : 37.8659218449,
        "lon" : -122.286304616,
        "time" : "20140619T174437-0700"
      }, {
        "lat" : 37.8665229056,
        "lon" : -122.2865868337,
        "time" : "20140619T174455-0700"
      }, {
        "lat" : 37.8669362299,
        "lon" : -122.2867759464,
        "time" : "20140619T174513-0700"
      }, {
        "lat" : 37.8682635211,
        "lon" : -122.2872475147,
        "time" : "20140619T174546-0700"
      }, {
        "lat" : 37.8692366328,
        "lon" : -122.2872430203,
        "time" : "20140619T174606-0700"
      }, {
        "lat" : 37.8696894658,
        "lon" : -122.287072695,
        "time" : "20140619T174630-0700"
      } ]
    }, {
      "activity" : "transport",
      "group" : "transport",
      "manual" : false,
      "startTime" : "20140619T174630-0700",
      "endTime" : "20140619T180126-0700",
      "duration" : 896.0,
      "distance" : 6939.0,
      "trackPoints" : [ {
        "lat" : 37.8696894658,
        "lon" : -122.287072695,
        "time" : "20140619T174630-0700"
      }, {
        "lat" : 37.8700026994,
        "lon" : -122.2867359633,
        "time" : "20140619T174655-0700"
      }, {
        "lat" : 37.8712978545,
        "lon" : -122.2866782681,
        "time" : "20140619T174721-0700"
      }, {
        "lat" : 37.8719713572,
        "lon" : -122.2867783667,
        "time" : "20140619T174741-0700"
      }, {
        "lat" : 37.8724822879,
        "lon" : -122.2867046414,
        "time" : "20140619T174758-0700"
      }, {
        "lat" : 37.8725925787,
        "lon" : -122.2858174788,
        "time" : "20140619T174816-0700"
      }, {
        "lat" : 37.8726425646,
        "lon" : -122.2848755144,
        "time" : "20140619T174835-0700"
      }, {
        "lat" : 37.8732839701,
        "lon" : -122.2837747096,
        "time" : "20140619T174907-0700"
      }, {
        "lat" : 37.8738166436,
        "lon" : -122.2830663631,
        "time" : "20140619T174947-0700"
      }, {
        "lat" : 37.8736679598,
        "lon" : -122.2829380552,
        "time" : "20140619T175021-0700"
      }, {
        "lat" : 37.8739299977,
        "lon" : -122.2829390891,
        "time" : "20140619T175056-0700"
      }, {
        "lat" : 37.8741104622,
        "lon" : -122.2828934306,
        "time" : "20140619T175113-0700"
      }, {
        "lat" : 37.8742819214,
        "lon" : -122.2828268221,
        "time" : "20140619T175134-0700"
      }, {
        "lat" : 37.8742713778,
        "lon" : -122.2829520646,
        "time" : "20140619T175155-0700"
      }, {
        "lat" : 37.8741538893,
        "lon" : -122.283180484,
        "time" : "20140619T175219-0700"
      }, {
        "lat" : 37.8739311493,
        "lon" : -122.2830677317,
        "time" : "20140619T175252-0700"
      }, {
        "lat" : 37.8450363095,
        "lon" : -122.2709463497,
        "time" : "20140619T175933-0700"
      }, {
        "lat" : 37.8401874392,
        "lon" : -122.269892249,
        "time" : "20140619T175959-0700"
      }, {
        "lat" : 37.8401856216,
        "lon" : -122.2698918539,
        "time" : "20140619T180000-0700"
      }, {
        "lat" : 37.8399253163,
        "lon" : -122.2698352659,
        "time" : "20140619T180001-0700"
      }, {
        "lat" : 37.8370570829,
        "lon" : -122.2685289015,
        "time" : "20140619T180017-0700"
      }, {
        "lat" : 37.8308014757,
        "lon" : -122.2663377207,
        "time" : "20140619T180058-0700"
      }, {
        "lat" : 37.8286088259,
        "lon" : -122.2673142227,
        "time" : "20140619T180125-0700"
      } ]
    } ],
    "lastUpdate" : "20140620T045748Z"
  }, {
    "type" : "place",
    "startTime" : "20140619T180125-0700",
    "endTime" : "20140619T181037-0700",
    "place" : {
      "id" : 77857497,
      "type" : "unknown",
      "location" : {
        "lat" : 37.8286088259,
        "lon" : -122.2673142227
      }
    },
    "activities" : [ {
      "activity" : "walking",
      "group" : "walking",
      "manual" : false,
      "startTime" : "20140619T180908-0700",
      "endTime" : "20140619T180938-0700",
      "duration" : 30.0,
      "distance" : 15.0,
      "steps" : 20,
      "trackPoints" : [ ]
    } ],
    "lastUpdate" : "20140620T045748Z"
  }, {
    "type" : "move",
    "startTime" : "20140619T181037-0700",
    "endTime" : "20140619T182646-0700",
    "activities" : [ {
      "activity" : "transport",
      "group" : "transport",
      "manual" : false,
      "startTime" : "20140619T181037-0700",
      "endTime" : "20140619T182646-0700",
      "duration" : 969.0,
      "distance" : 12814.0,
      "trackPoints" : [ {
        "lat" : 37.8286088259,
        "lon" : -122.2673142227,
        "time" : "20140619T181037-0700"
      }, {
        "lat" : 37.7970502365,
        "lon" : -122.2648552115,
        "time" : "20140619T181728-0700"
      }, {
        "lat" : 37.797012838,
        "lon" : -122.2648007306,
        "time" : "20140619T181811-0700"
      }, {
        "lat" : 37.7969912813,
        "lon" : -122.2647664003,
        "time" : "20140619T181844-0700"
      }, {
        "lat" : 37.7969881765,
        "lon" : -122.2647616201,
        "time" : "20140619T181931-0700"
      }, {
        "lat" : 37.7851325375,
        "lon" : -122.2406716231,
        "time" : "20140619T182119-0700"
      }, {
        "lat" : 37.7817372853,
        "lon" : -122.2350202361,
        "time" : "20140619T182140-0700"
      }, {
        "lat" : 37.7773781672,
        "lon" : -122.228091403,
        "time" : "20140619T182218-0700"
      }, {
        "lat" : 37.7755311721,
        "lon" : -122.2252396237,
        "time" : "20140619T182238-0700"
      }, {
        "lat" : 37.7746756421,
        "lon" : -122.2241640797,
        "time" : "20140619T182258-0700"
      }, {
        "lat" : 37.7742042276,
        "lon" : -122.2236298444,
        "time" : "20140619T182336-0700"
      }, {
        "lat" : 37.7713039352,
        "lon" : -122.2173348486,
        "time" : "20140619T182403-0700"
      }, {
        "lat" : 37.7654249277,
        "lon" : -122.2108186817,
        "time" : "20140619T182434-0700"
      }, {
        "lat" : 37.7598688425,
        "lon" : -122.2043343902,
        "time" : "20140619T182500-0700"
      }, {
        "lat" : 37.756235877,
        "lon" : -122.2004779303,
        "time" : "20140619T182520-0700"
      }, {
        "lat" : 37.7547694473,
        "lon" : -122.1983981337,
        "time" : "20140619T182539-0700"
      }, {
        "lat" : 37.7536472526,
        "lon" : -122.1968811684,
        "time" : "20140619T182646-0700"
      } ]
    } ],
    "lastUpdate" : "20140620T045748Z"
  }, {
    "type" : "place",
    "startTime" : "20140619T182647-0700",
    "endTime" : "20140619T183018-0700",
    "place" : {
      "id" : 77857500,
      "type" : "unknown",
      "location" : {
        "lat" : 37.7536472526,
        "lon" : -122.1968811684
      }
    },
    "lastUpdate" : "20140620T045748Z"
  }, {
    "type" : "move",
    "startTime" : "20140619T183018-0700",
    "endTime" : "20140619T183732-0700",
    "activities" : [ {
      "activity" : "walking",
      "group" : "walking",
      "manual" : false,
      "startTime" : "20140619T183018-0700",
      "endTime" : "20140619T183732-0700",
      "duration" : 434.0,
      "distance" : 666.0,
      "steps" : 683,
      "trackPoints" : [ {
        "lat" : 37.7536472526,
        "lon" : -122.1968811684,
        "time" : "20140619T183018-0700"
      }, {
        "lat" : 37.7537724625,
        "lon" : -122.1970479221,
        "time" : "20140619T183041-0700"
      }, {
        "lat" : 37.7537800083,
        "lon" : -122.1971028664,
        "time" : "20140619T183100-0700"
      }, {
        "lat" : 37.7537884944,
        "lon" : -122.1971557734,
        "time" : "20140619T183120-0700"
      }, {
        "lat" : 37.7538244807,
        "lon" : -122.1972539336,
        "time" : "20140619T183156-0700"
      }, {
        "lat" : 37.7537772806,
        "lon" : -122.197348347,
        "time" : "20140619T183228-0700"
      }, {
        "lat" : 37.75358065,
        "lon" : -122.1975910521,
        "time" : "20140619T183303-0700"
      }, {
        "lat" : 37.7534525041,
        "lon" : -122.1976668163,
        "time" : "20140619T183323-0700"
      }, {
        "lat" : 37.7532613327,
        "lon" : -122.1979572317,
        "time" : "20140619T183350-0700"
      }, {
        "lat" : 37.7535886248,
        "lon" : -122.1979479144,
        "time" : "20140619T183418-0700"
      }, {
        "lat" : 37.754008795,
        "lon" : -122.19792183,
        "time" : "20140619T183446-0700"
      }, {
        "lat" : 37.7519401111,
        "lon" : -122.1990459587,
        "time" : "20140619T183535-0700"
      }, {
        "lat" : 37.7523683363,
        "lon" : -122.1991219418,
        "time" : "20140619T183559-0700"
      }, {
        "lat" : 37.7525800273,
        "lon" : -122.1992782155,
        "time" : "20140619T183630-0700"
      }, {
        "lat" : 37.752429275,
        "lon" : -122.1995035544,
        "time" : "20140619T183650-0700"
      }, {
        "lat" : 37.7522652913,
        "lon" : -122.199657497,
        "time" : "20140619T183706-0700"
      }, {
        "lat" : 37.7523909901,
        "lon" : -122.199755007,
        "time" : "20140619T183732-0700"
      } ]
    } ],
    "lastUpdate" : "20140620T045748Z"
  }, {
    "type" : "place",
    "startTime" : "20140619T183732-0700",
    "endTime" : "20140619T220301-0700",
    "place" : {
      "id" : 77857501,
      "type" : "unknown",
      "location" : {
        "lat" : 37.7523909901,
        "lon" : -122.199755007
      }
    },
    "activities" : [ {
      "activity" : "walking",
      "group" : "walking",
      "manual" : false,
      "startTime" : "20140619T184103-0700",
      "endTime" : "20140619T184236-0700",
      "duration" : 93.0,
      "distance" : 85.0,
      "steps" : 171,
      "trackPoints" : [ ]
    }, {
      "activity" : "walking",
      "group" : "walking",
      "manual" : false,
      "startTime" : "20140619T190000-0700",
      "endTime" : "20140619T190354-0700",
      "duration" : 234.0,
      "distance" : 275.0,
      "steps" : 366,
      "trackPoints" : [ ]
    }, {
      "activity" : "walking",
      "group" : "walking",
      "manual" : false,
      "startTime" : "20140619T215902-0700",
      "endTime" : "20140619T220033-0700",
      "duration" : 91.0,
      "distance" : 56.0,
      "steps" : 111,
      "trackPoints" : [ ]
    } ],
    "lastUpdate" : "20140622T010040Z"
  }, {
    "type" : "move",
    "startTime" : "20140619T220301-0700",
    "endTime" : "20140619T220743-0700",
    "activities" : [ {
      "activity" : "walking",
      "group" : "walking",
      "manual" : false,
      "startTime" : "20140619T220301-0700",
      "endTime" : "20140619T220743-0700",
      "duration" : 282.0,
      "distance" : 228.0,
      "steps" : 287,
      "trackPoints" : [ {
        "lat" : 37.7527548367,
        "lon" : -122.1987709875,
        "time" : "20140619T220301-0700"
      }, {
        "lat" : 37.7538786411,
        "lon" : -122.1976207618,
        "time" : "20140619T220523-0700"
      }, {
        "lat" : 37.7538659481,
        "lon" : -122.1975389495,
        "time" : "20140619T220538-0700"
      }, {
        "lat" : 37.7539323843,
        "lon" : -122.1975606128,
        "time" : "20140619T220633-0700"
      }, {
        "lat" : 37.754121949,
        "lon" : -122.1976710534,
        "time" : "20140619T220743-0700"
      } ]
    } ],
    "lastUpdate" : "20140622T010041Z"
  }, {
    "type" : "place",
    "startTime" : "20140619T220744-0700",
    "endTime" : "20140619T222214-0700",
    "place" : {
      "id" : 78453431,
      "type" : "unknown",
      "location" : {
        "lat" : 37.754121949,
        "lon" : -122.1976710534
      }
    },
    "activities" : [ {
      "activity" : "walking",
      "group" : "walking",
      "manual" : false,
      "startTime" : "20140619T221303-0700",
      "endTime" : "20140619T221333-0700",
      "duration" : 30.0,
      "distance" : 20.0,
      "steps" : 41,
      "trackPoints" : [ ]
    } ],
    "lastUpdate" : "20140622T010041Z"
  }, {
    "type" : "move",
    "startTime" : "20140619T222214-0700",
    "endTime" : "20140619T225843-0700",
    "activities" : [ {
      "activity" : "transport",
      "group" : "transport",
      "manual" : false,
      "startTime" : "20140619T222214-0700",
      "endTime" : "20140619T225216-0700",
      "duration" : 1802.0,
      "distance" : 19151.0,
      "trackPoints" : [ {
        "lat" : 37.754121949,
        "lon" : -122.1976710534,
        "time" : "20140619T222214-0700"
      }, {
        "lat" : 37.7734082632,
        "lon" : -122.2225713152,
        "time" : "20140619T222746-0700"
      }, {
        "lat" : 37.7747001272,
        "lon" : -122.2243894698,
        "time" : "20140619T222823-0700"
      }, {
        "lat" : 37.7747611577,
        "lon" : -122.2246809348,
        "time" : "20140619T222846-0700"
      }, {
        "lat" : 37.7769175119,
        "lon" : -122.2278133317,
        "time" : "20140619T222919-0700"
      }, {
        "lat" : 37.7814640898,
        "lon" : -122.2342222949,
        "time" : "20140619T222953-0700"
      }, {
        "lat" : 37.7842915207,
        "lon" : -122.2384211515,
        "time" : "20140619T223017-0700"
      }, {
        "lat" : 37.7898090738,
        "lon" : -122.2511787172,
        "time" : "20140619T223059-0700"
      }, {
        "lat" : 37.7972285434,
        "lon" : -122.2650769666,
        "time" : "20140619T223224-0700"
      }, {
        "lat" : 37.7973036716,
        "lon" : -122.2651524385,
        "time" : "20140619T223240-0700"
      }, {
        "lat" : 37.7973866589,
        "lon" : -122.2652346618,
        "time" : "20140619T223300-0700"
      }, {
        "lat" : 37.7974161791,
        "lon" : -122.2652638102,
        "time" : "20140619T223326-0700"
      }, {
        "lat" : 37.7974335177,
        "lon" : -122.2652810629,
        "time" : "20140619T223344-0700"
      }, {
        "lat" : 37.7974404421,
        "lon" : -122.2652879428,
        "time" : "20140619T223400-0700"
      }, {
        "lat" : 37.7974503848,
        "lon" : -122.2652979055,
        "time" : "20140619T223425-0700"
      }, {
        "lat" : 37.797448395,
        "lon" : -122.2652967279,
        "time" : "20140619T223449-0700"
      }, {
        "lat" : 37.8034813115,
        "lon" : -122.2718015864,
        "time" : "20140619T223703-0700"
      }, {
        "lat" : 37.8133082848,
        "lon" : -122.2705347085,
        "time" : "20140619T224026-0700"
      }, {
        "lat" : 37.8141971441,
        "lon" : -122.2705880428,
        "time" : "20140619T224044-0700"
      }, {
        "lat" : 37.8170919881,
        "lon" : -122.270166959,
        "time" : "20140619T224105-0700"
      }, {
        "lat" : 37.8221407188,
        "lon" : -122.2688897622,
        "time" : "20140619T224138-0700"
      }, {
        "lat" : 37.8268264798,
        "lon" : -122.2671830846,
        "time" : "20140619T224213-0700"
      }, {
        "lat" : 37.8351156052,
        "lon" : -122.2671867111,
        "time" : "20140619T224431-0700"
      }, {
        "lat" : 37.8396112741,
        "lon" : -122.2696236166,
        "time" : "20140619T224453-0700"
      }, {
        "lat" : 37.8431972938,
        "lon" : -122.2702617242,
        "time" : "20140619T224511-0700"
      }, {
        "lat" : 37.8468603106,
        "lon" : -122.2713448974,
        "time" : "20140619T224533-0700"
      }, {
        "lat" : 37.8737536141,
        "lon" : -122.2827482483,
        "time" : "20140619T225216-0700"
      } ]
    }, {
      "activity" : "walking",
      "group" : "walking",
      "manual" : false,
      "startTime" : "20140619T225216-0700",
      "endTime" : "20140619T225416-0700",
      "duration" : 120.0,
      "distance" : 111.0,
      "steps" : 173,
      "trackPoints" : [ {
        "lat" : 37.8737536141,
        "lon" : -122.2827482483,
        "time" : "20140619T225216-0700"
      }, {
        "lat" : 37.873805473,
        "lon" : -122.2827446314,
        "time" : "20140619T225249-0700"
      }, {
        "lat" : 37.8735918129,
        "lon" : -122.2828148885,
        "time" : "20140619T225309-0700"
      }, {
        "lat" : 37.8734398309,
        "lon" : -122.2827458369,
        "time" : "20140619T225335-0700"
      }, {
        "lat" : 37.8733474989,
        "lon" : -122.2826801128,
        "time" : "20140619T225354-0700"
      }, {
        "lat" : 37.8729859586,
        "lon" : -122.2824990479,
        "time" : "20140619T225416-0700"
      } ]
    }, {
      "activity" : "transport",
      "group" : "transport",
      "manual" : false,
      "startTime" : "20140619T225416-0700",
      "endTime" : "20140619T225844-0700",
      "duration" : 268.0,
      "distance" : 1021.0,
      "trackPoints" : [ {
        "lat" : 37.8729859586,
        "lon" : -122.2824990479,
        "time" : "20140619T225416-0700"
      }, {
        "lat" : 37.8720848458,
        "lon" : -122.2820060873,
        "time" : "20140619T225436-0700"
      }, {
        "lat" : 37.8707636482,
        "lon" : -122.28161034,
        "time" : "20140619T225520-0700"
      }, {
        "lat" : 37.8707651071,
        "lon" : -122.2816485328,
        "time" : "20140619T225536-0700"
      }, {
        "lat" : 37.8707124551,
        "lon" : -122.2816664178,
        "time" : "20140619T225553-0700"
      }, {
        "lat" : 37.8706712223,
        "lon" : -122.2816745366,
        "time" : "20140619T225610-0700"
      }, {
        "lat" : 37.8706280521,
        "lon" : -122.2816810838,
        "time" : "20140619T225628-0700"
      }, {
        "lat" : 37.8705768984,
        "lon" : -122.2816709751,
        "time" : "20140619T225651-0700"
      }, {
        "lat" : 37.8704480099,
        "lon" : -122.2816788094,
        "time" : "20140619T225714-0700"
      }, {
        "lat" : 37.8691048463,
        "lon" : -122.281820105,
        "time" : "20140619T225746-0700"
      }, {
        "lat" : 37.8675745105,
        "lon" : -122.2817031162,
        "time" : "20140619T225807-0700"
      }, {
        "lat" : 37.8668215716,
        "lon" : -122.2816046542,
        "time" : "20140619T225822-0700"
      }, {
        "lat" : 37.8651493645,
        "lon" : -122.282029798,
        "time" : "20140619T225843-0700"
      } ]
    } ],
    "lastUpdate" : "20140622T010041Z"
  }, {
    "type" : "place",
    "startTime" : "20140619T225843-0700",
    "endTime" : "20140619T230220-0700",
    "place" : {
      "id" : 72187887,
      "name" : "Home",
      "type" : "home",
      "location" : {
        "lat" : 37.8651493645,
        "lon" : -122.282029798
      }
    },
    "activities" : [ {
      "activity" : "walking",
      "group" : "walking",
      "manual" : false,
      "startTime" : "20140619T230016-0700",
      "endTime" : "20140619T230146-0700",
      "duration" : 90.0,
      "distance" : 76.0,
      "steps" : 152,
      "trackPoints" : [ ]
    } ],
    "lastUpdate" : "20140622T010041Z"
  } ],
  "lastUpdate" : "20140703T003709Z"
} ]