[ {
  "date" : "20140616",
  "summary" : [ {
    "activity" : "transport",
    "group" : "transport",
    "duration" : 7765.0,
    "distance" : 133880.0
  }, {
    "activity" : "walking",
    "group" : "walking",
    "duration" : 1118.0,
    "distance" : 1281.0,
    "steps" : 1860
  } ],
  "segments" : [ {
    "type" : "place",
    "startTime" : "20140615T231238-0700",
    "endTime" : "20140616T001431-0700",
    "place" : {
      "id" : 72187887,
      "name" : "Home",
      "type" : "home",
      "location" : {
        "lat" : 37.8651493645,
        "lon" : -122.282029798
      }
    },
    "lastUpdate" : "20140617T021359Z"
  }, {
    "type" : "place",
    "startTime" : "20140616T014531-0700",
    "endTime" : "20140616T015306-0700",
    "place" : {
      "id" : 72187887,
      "name" : "Home",
      "type" : "home",
      "location" : {
        "lat" : 37.8651493645,
        "lon" : -122.282029798
      }
    },
    "lastUpdate" : "20140617T021359Z"
  }, {
    "type" : "move",
    "startTime" : "20140616T153352-0700",
    "endTime" : "20140616T163004-0700",
    "activities" : [ {
      "activity" : "transport",
      "group" : "transport",
      "manual" : false,
      "startTime" : "20140616T153352-0700",
      "endTime" : "20140616T163005-0700",
      "duration" : 3373.0,
      "distance" : 60588.0,
      "trackPoints" : [ {
        "lat" : 37.8614178601,
        "lon" : -122.2808230834,
        "time" : "20140616T153352-0700"
      }, {
        "lat" : 37.8581355759,
        "lon" : -122.2800849606,
        "time" : "20140616T153421-0700"
      }, {
        "lat" : 37.8556857698,
        "lon" : -122.2796068551,
        "time" : "20140616T153444-0700"
      }, {
        "lat" : 37.8525214866,
        "lon" : -122.2786914696,
        "time" : "20140616T153520-0700"
      }, {
        "lat" : 37.8505828161,
        "lon" : -122.2783851972,
        "time" : "20140616T153537-0700"
      }, {
        "lat" : 37.8482442918,
        "lon" : -122.2776906778,
        "time" : "20140616T153609-0700"
      }, {
        "lat" : 37.8481059968,
        "lon" : -122.2777345934,
        "time" : "20140616T153634-0700"
      }, {
        "lat" : 37.8483289666,
        "lon" : -122.2745729661,
        "time" : "20140616T153658-0700"
      }, {
        "lat" : 37.8486041892,
        "lon" : -122.2726408792,
        "time" : "20140616T153721-0700"
      }, {
        "lat" : 37.8486314065,
        "lon" : -122.2725701862,
        "time" : "20140616T153741-0700"
      }, {
        "lat" : 37.8486679656,
        "lon" : -122.2725043717,
        "time" : "20140616T153757-0700"
      }, {
        "lat" : 37.8481040916,
        "lon" : -122.2716845419,
        "time" : "20140616T153815-0700"
      }, {
        "lat" : 37.8468069427,
        "lon" : -122.2714616134,
        "time" : "20140616T153831-0700"
      }, {
        "lat" : 37.8451180171,
        "lon" : -122.2709005181,
        "time" : "20140616T153846-0700"
      }, {
        "lat" : 37.8407609749,
        "lon" : -122.2698963894,
        "time" : "20140616T153915-0700"
      }, {
        "lat" : 37.8399947368,
        "lon" : -122.2698292494,
        "time" : "20140616T153934-0700"
      }, {
        "lat" : 37.8377034051,
        "lon" : -122.2689426751,
        "time" : "20140616T154037-0700"
      }, {
        "lat" : 37.8353363233,
        "lon" : -122.267273194,
        "time" : "20140616T154056-0700"
      }, {
        "lat" : 37.830818182,
        "lon" : -122.2674019992,
        "time" : "20140616T154130-0700"
      }, {
        "lat" : 37.8265901711,
        "lon" : -122.2680210275,
        "time" : "20140616T154152-0700"
      }, {
        "lat" : 37.8220008986,
        "lon" : -122.2691534799,
        "time" : "20140616T154210-0700"
      }, {
        "lat" : 37.8177016767,
        "lon" : -122.2704301249,
        "time" : "20140616T154226-0700"
      }, {
        "lat" : 37.8110256717,
        "lon" : -122.2743424608,
        "time" : "20140616T154255-0700"
      }, {
        "lat" : 37.8071299685,
        "lon" : -122.2775422383,
        "time" : "20140616T154314-0700"
      }, {
        "lat" : 37.7992508793,
        "lon" : -122.2769497524,
        "time" : "20140616T154348-0700"
      }, {
        "lat" : 37.7980186702,
        "lon" : -122.27379794,
        "time" : "20140616T154408-0700"
      }, {
        "lat" : 37.7974334515,
        "lon" : -122.2728321042,
        "time" : "20140616T154437-0700"
      }, {
        "lat" : 37.7969851912,
        "lon" : -122.272049334,
        "time" : "20140616T154453-0700"
      }, {
        "lat" : 37.7968813915,
        "lon" : -122.2710949008,
        "time" : "20140616T154529-0700"
      }, {
        "lat" : 37.7966059174,
        "lon" : -122.2704587885,
        "time" : "20140616T154549-0700"
      }, {
        "lat" : 37.7965645211,
        "lon" : -122.2703601921,
        "time" : "20140616T154606-0700"
      }, {
        "lat" : 37.7965244283,
        "lon" : -122.2702642521,
        "time" : "20140616T154622-0700"
      }, {
        "lat" : 37.7964590283,
        "lon" : -122.2701052898,
        "time" : "20140616T154644-0700"
      }, {
        "lat" : 37.7964026124,
        "lon" : -122.2699675804,
        "time" : "20140616T154703-0700"
      }, {
        "lat" : 37.7963506778,
        "lon" : -122.2698382978,
        "time" : "20140616T154722-0700"
      }, {
        "lat" : 37.7962138986,
        "lon" : -122.2695280416,
        "time" : "20140616T154808-0700"
      }, {
        "lat" : 37.7960006643,
        "lon" : -122.2691878015,
        "time" : "20140616T154831-0700"
      }, {
        "lat" : 37.7957290488,
        "lon" : -122.2685873312,
        "time" : "20140616T154852-0700"
      }, {
        "lat" : 37.795441157,
        "lon" : -122.267434024,
        "time" : "20140616T154936-0700"
      }, {
        "lat" : 37.7951561222,
        "lon" : -122.2668379255,
        "time" : "20140616T154954-0700"
      }, {
        "lat" : 37.794906975,
        "lon" : -122.2663162012,
        "time" : "20140616T155010-0700"
      }, {
        "lat" : 37.7947831349,
        "lon" : -122.2661491179,
        "time" : "20140616T155028-0700"
      }, {
        "lat" : 37.7945862312,
        "lon" : -122.26592363,
        "time" : "20140616T155105-0700"
      }, {
        "lat" : 37.7943719978,
        "lon" : -122.2656360163,
        "time" : "20140616T155129-0700"
      }, {
        "lat" : 37.7939028645,
        "lon" : -122.2649052658,
        "time" : "20140616T155154-0700"
      }, {
        "lat" : 37.7931842052,
        "lon" : -122.2638581233,
        "time" : "20140616T155232-0700"
      }, {
        "lat" : 37.7924460925,
        "lon" : -122.2629755366,
        "time" : "20140616T155301-0700"
      }, {
        "lat" : 37.7917837123,
        "lon" : -122.2621548021,
        "time" : "20140616T155326-0700"
      }, {
        "lat" : 37.7904863726,
        "lon" : -122.2603385104,
        "time" : "20140616T155342-0700"
      }, {
        "lat" : 37.7894907289,
        "lon" : -122.2565841197,
        "time" : "20140616T155358-0700"
      }, {
        "lat" : 37.7885934729,
        "lon" : -122.2515636651,
        "time" : "20140616T155416-0700"
      }, {
        "lat" : 37.7870280194,
        "lon" : -122.2471564974,
        "time" : "20140616T155433-0700"
      }, {
        "lat" : 37.7819587989,
        "lon" : -122.2390602811,
        "time" : "20140616T155503-0700"
      }, {
        "lat" : 37.7752554819,
        "lon" : -122.2341141741,
        "time" : "20140616T155532-0700"
      }, {
        "lat" : 37.7732717979,
        "lon" : -122.2281815191,
        "time" : "20140616T155553-0700"
      }, {
        "lat" : 37.7703401891,
        "lon" : -122.221988722,
        "time" : "20140616T155615-0700"
      }, {
        "lat" : 37.7657152789,
        "lon" : -122.2184540739,
        "time" : "20140616T155635-0700"
      }, {
        "lat" : 37.7593793858,
        "lon" : -122.2129081135,
        "time" : "20140616T155702-0700"
      }, {
        "lat" : 37.7555704611,
        "lon" : -122.209570986,
        "time" : "20140616T155718-0700"
      }, {
        "lat" : 37.7516425047,
        "lon" : -122.2061302856,
        "time" : "20140616T155735-0700"
      }, {
        "lat" : 37.7479606006,
        "lon" : -122.2028727621,
        "time" : "20140616T155751-0700"
      }, {
        "lat" : 37.7442694442,
        "lon" : -122.1996138656,
        "time" : "20140616T155807-0700"
      }, {
        "lat" : 37.7407011793,
        "lon" : -122.196509137,
        "time" : "20140616T155823-0700"
      }, {
        "lat" : 37.737219404,
        "lon" : -122.1934592351,
        "time" : "20140616T155839-0700"
      }, {
        "lat" : 37.7334059347,
        "lon" : -122.1900723903,
        "time" : "20140616T155857-0700"
      }, {
        "lat" : 37.7309704645,
        "lon" : -122.1879198416,
        "time" : "20140616T155912-0700"
      }, {
        "lat" : 37.7295655422,
        "lon" : -122.18668818,
        "time" : "20140616T155928-0700"
      }, {
        "lat" : 37.7275431136,
        "lon" : -122.1849269126,
        "time" : "20140616T155946-0700"
      }, {
        "lat" : 37.7251598339,
        "lon" : -122.1826904992,
        "time" : "20140616T155959-0700"
      }, {
        "lat" : 37.7251580614,
        "lon" : -122.182688836,
        "time" : "20140616T160000-0700"
      }, {
        "lat" : 37.7224029257,
        "lon" : -122.1801034818,
        "time" : "20140616T160015-0700"
      }, {
        "lat" : 37.7180584364,
        "lon" : -122.1756408005,
        "time" : "20140616T160038-0700"
      }, {
        "lat" : 37.7128984164,
        "lon" : -122.170064482,
        "time" : "20140616T160106-0700"
      }, {
        "lat" : 37.7101563331,
        "lon" : -122.1661541336,
        "time" : "20140616T160124-0700"
      }, {
        "lat" : 37.7075817056,
        "lon" : -122.1624104429,
        "time" : "20140616T160141-0700"
      }, {
        "lat" : 37.7039269102,
        "lon" : -122.157137113,
        "time" : "20140616T160203-0700"
      }, {
        "lat" : 37.6996823066,
        "lon" : -122.1510340823,
        "time" : "20140616T160227-0700"
      }, {
        "lat" : 37.6954008839,
        "lon" : -122.1448473423,
        "time" : "20140616T160251-0700"
      }, {
        "lat" : 37.691633643,
        "lon" : -122.1393820227,
        "time" : "20140616T160312-0700"
      }, {
        "lat" : 37.6889719849,
        "lon" : -122.1354915083,
        "time" : "20140616T160328-0700"
      }, {
        "lat" : 37.6854456259,
        "lon" : -122.1304350785,
        "time" : "20140616T160348-0700"
      }, {
        "lat" : 37.6820277421,
        "lon" : -122.1255009348,
        "time" : "20140616T160407-0700"
      }, {
        "lat" : 37.6776625468,
        "lon" : -122.1190239019,
        "time" : "20140616T160431-0700"
      }, {
        "lat" : 37.6724993142,
        "lon" : -122.1119128166,
        "time" : "20140616T160458-0700"
      }, {
        "lat" : 37.6677683675,
        "lon" : -122.1085795153,
        "time" : "20140616T160517-0700"
      }, {
        "lat" : 37.6622409974,
        "lon" : -122.105229818,
        "time" : "20140616T160540-0700"
      }, {
        "lat" : 37.65525417,
        "lon" : -122.1008193201,
        "time" : "20140616T160610-0700"
      }, {
        "lat" : 37.6486339669,
        "lon" : -122.0966332968,
        "time" : "20140616T160638-0700"
      }, {
        "lat" : 37.6442976311,
        "lon" : -122.093559974,
        "time" : "20140616T160656-0700"
      }, {
        "lat" : 37.6394241087,
        "lon" : -122.0900116471,
        "time" : "20140616T160717-0700"
      }, {
        "lat" : 37.6349959659,
        "lon" : -122.0869201336,
        "time" : "20140616T160736-0700"
      }, {
        "lat" : 37.6306534887,
        "lon" : -122.0838569693,
        "time" : "20140616T160755-0700"
      }, {
        "lat" : 37.6281560039,
        "lon" : -122.0820777978,
        "time" : "20140616T160811-0700"
      }, {
        "lat" : 37.6259687672,
        "lon" : -122.0804736551,
        "time" : "20140616T160826-0700"
      }, {
        "lat" : 37.6230615052,
        "lon" : -122.0784078362,
        "time" : "20140616T160845-0700"
      }, {
        "lat" : 37.6216424262,
        "lon" : -122.0773607498,
        "time" : "20140616T160901-0700"
      }, {
        "lat" : 37.6197875952,
        "lon" : -122.0760581231,
        "time" : "20140616T160921-0700"
      }, {
        "lat" : 37.6175257148,
        "lon" : -122.0744164846,
        "time" : "20140616T160939-0700"
      }, {
        "lat" : 37.6144746161,
        "lon" : -122.072296298,
        "time" : "20140616T160956-0700"
      }, {
        "lat" : 37.6116905058,
        "lon" : -122.0702951979,
        "time" : "20140616T161011-0700"
      }, {
        "lat" : 37.6083907447,
        "lon" : -122.0679343251,
        "time" : "20140616T161027-0700"
      }, {
        "lat" : 37.6053084118,
        "lon" : -122.0657756012,
        "time" : "20140616T161043-0700"
      }, {
        "lat" : 37.601574093,
        "lon" : -122.0630866735,
        "time" : "20140616T161101-0700"
      }, {
        "lat" : 37.5979204339,
        "lon" : -122.0604720287,
        "time" : "20140616T161118-0700"
      }, {
        "lat" : 37.5945633664,
        "lon" : -122.0581036487,
        "time" : "20140616T161134-0700"
      }, {
        "lat" : 37.5903235485,
        "lon" : -122.0550496248,
        "time" : "20140616T161153-0700"
      }, {
        "lat" : 37.5869460613,
        "lon" : -122.0526822932,
        "time" : "20140616T161208-0700"
      }, {
        "lat" : 37.5817158708,
        "lon" : -122.049417941,
        "time" : "20140616T161231-0700"
      }, {
        "lat" : 37.5769123657,
        "lon" : -122.0478870968,
        "time" : "20140616T161253-0700"
      }, {
        "lat" : 37.5734789569,
        "lon" : -122.0466683761,
        "time" : "20140616T161310-0700"
      }, {
        "lat" : 37.5673368318,
        "lon" : -122.0428161282,
        "time" : "20140616T161340-0700"
      }, {
        "lat" : 37.5647965979,
        "lon" : -122.0403199851,
        "time" : "20140616T161356-0700"
      }, {
        "lat" : 37.5615785343,
        "lon" : -122.0403692218,
        "time" : "20140616T161413-0700"
      }, {
        "lat" : 37.556681299,
        "lon" : -122.0449019277,
        "time" : "20140616T161441-0700"
      }, {
        "lat" : 37.5528338416,
        "lon" : -122.0508856226,
        "time" : "20140616T161503-0700"
      }, {
        "lat" : 37.5494202292,
        "lon" : -122.0556811528,
        "time" : "20140616T161522-0700"
      }, {
        "lat" : 37.5443558459,
        "lon" : -122.0623477139,
        "time" : "20140616T161548-0700"
      }, {
        "lat" : 37.5410649693,
        "lon" : -122.0666714963,
        "time" : "20140616T161605-0700"
      }, {
        "lat" : 37.5380768117,
        "lon" : -122.0706016636,
        "time" : "20140616T161621-0700"
      }, {
        "lat" : 37.5356008575,
        "lon" : -122.0749380608,
        "time" : "20140616T161641-0700"
      }, {
        "lat" : 37.5341339195,
        "lon" : -122.0790100998,
        "time" : "20140616T161658-0700"
      }, {
        "lat" : 37.5324753147,
        "lon" : -122.0885610048,
        "time" : "20140616T161728-0700"
      }, {
        "lat" : 37.527209654,
        "lon" : -122.0968438085,
        "time" : "20140616T161759-0700"
      }, {
        "lat" : 37.5223544377,
        "lon" : -122.1024141733,
        "time" : "20140616T161823-0700"
      }, {
        "lat" : 37.5188319821,
        "lon" : -122.1050216255,
        "time" : "20140616T161838-0700"
      }, {
        "lat" : 37.5144995666,
        "lon" : -122.1081469659,
        "time" : "20140616T161855-0700"
      }, {
        "lat" : 37.5090128823,
        "lon" : -122.1140000997,
        "time" : "20140616T161920-0700"
      }, {
        "lat" : 37.5065142778,
        "lon" : -122.1177128075,
        "time" : "20140616T161935-0700"
      }, {
        "lat" : 37.5041680413,
        "lon" : -122.1212966146,
        "time" : "20140616T161951-0700"
      }, {
        "lat" : 37.5001269552,
        "lon" : -122.127229816,
        "time" : "20140616T162017-0700"
      }, {
        "lat" : 37.4971322079,
        "lon" : -122.1310835495,
        "time" : "20140616T162034-0700"
      }, {
        "lat" : 37.4942765086,
        "lon" : -122.1340654887,
        "time" : "20140616T162049-0700"
      }, {
        "lat" : 37.4906843312,
        "lon" : -122.138000775,
        "time" : "20140616T162109-0700"
      }, {
        "lat" : 37.4886071248,
        "lon" : -122.1403427056,
        "time" : "20140616T162126-0700"
      }, {
        "lat" : 37.4871765407,
        "lon" : -122.1418280104,
        "time" : "20140616T162145-0700"
      }, {
        "lat" : 37.486615219,
        "lon" : -122.1424560063,
        "time" : "20140616T162201-0700"
      }, {
        "lat" : 37.4866180827,
        "lon" : -122.1424479229,
        "time" : "20140616T162218-0700"
      }, {
        "lat" : 37.486384001,
        "lon" : -122.142525322,
        "time" : "20140616T162243-0700"
      }, {
        "lat" : 37.4842039616,
        "lon" : -122.1409730255,
        "time" : "20140616T162302-0700"
      }, {
        "lat" : 37.4803086382,
        "lon" : -122.1397410901,
        "time" : "20140616T162325-0700"
      }, {
        "lat" : 37.4778079874,
        "lon" : -122.1396989397,
        "time" : "20140616T162340-0700"
      }, {
        "lat" : 37.4770466153,
        "lon" : -122.1396857438,
        "time" : "20140616T162355-0700"
      }, {
        "lat" : 37.4762930571,
        "lon" : -122.1396498955,
        "time" : "20140616T162411-0700"
      }, {
        "lat" : 37.4726954101,
        "lon" : -122.1395669331,
        "time" : "20140616T162439-0700"
      }, {
        "lat" : 37.4713650959,
        "lon" : -122.1396560273,
        "time" : "20140616T162454-0700"
      }, {
        "lat" : 37.469457208,
        "lon" : -122.1409160722,
        "time" : "20140616T162514-0700"
      }, {
        "lat" : 37.4665015149,
        "lon" : -122.1415853349,
        "time" : "20140616T162538-0700"
      }, {
        "lat" : 37.4643459312,
        "lon" : -122.1417332745,
        "time" : "20140616T162556-0700"
      }, {
        "lat" : 37.463142159,
        "lon" : -122.1417617454,
        "time" : "20140616T162612-0700"
      }, {
        "lat" : 37.4628034032,
        "lon" : -122.1417638298,
        "time" : "20140616T162632-0700"
      }, {
        "lat" : 37.4625906459,
        "lon" : -122.1403848222,
        "time" : "20140616T162648-0700"
      }, {
        "lat" : 37.4622356804,
        "lon" : -122.1385210455,
        "time" : "20140616T162709-0700"
      }, {
        "lat" : 37.4624025851,
        "lon" : -122.1369687661,
        "time" : "20140616T162725-0700"
      }, {
        "lat" : 37.462612498,
        "lon" : -122.1346995078,
        "time" : "20140616T162755-0700"
      }, {
        "lat" : 37.4633059071,
        "lon" : -122.1336433445,
        "time" : "20140616T162817-0700"
      }, {
        "lat" : 37.4633329175,
        "lon" : -122.13251768,
        "time" : "20140616T162832-0700"
      }, {
        "lat" : 37.4633570393,
        "lon" : -122.1312405987,
        "time" : "20140616T162848-0700"
      }, {
        "lat" : 37.4633530222,
        "lon" : -122.130272443,
        "time" : "20140616T162905-0700"
      }, {
        "lat" : 37.4639324675,
        "lon" : -122.1297880341,
        "time" : "20140616T162932-0700"
      }, {
        "lat" : 37.4639473091,
        "lon" : -122.1287296503,
        "time" : "20140616T162947-0700"
      }, {
        "lat" : 37.4640609873,
        "lon" : -122.1285669556,
        "time" : "20140616T163004-0700"
      } ]
    } ],
    "lastUpdate" : "20140617T021359Z"
  }, {
    "type" : "place",
    "startTime" : "20140616T163004-0700",
    "endTime" : "20140616T180807-0700",
    "place" : {
      "id" : 73056560,
      "type" : "unknown",
      "location" : {
        "lat" : 37.4640609873,
        "lon" : -122.1285669556
      }
    },
    "activities" : [ {
      "activity" : "walking",
      "group" : "walking",
      "manual" : false,
      "startTime" : "20140616T163412-0700",
      "endTime" : "20140616T163442-0700",
      "duration" : 30.0,
      "distance" : 15.0,
      "steps" : 30,
      "trackPoints" : [ ]
    } ],
    "lastUpdate" : "20140617T092655Z"
  }, {
    "type" : "move",
    "startTime" : "20140616T180807-0700",
    "endTime" : "20140616T191243-0700",
    "activities" : [ {
      "activity" : "transport",
      "group" : "transport",
      "manual" : false,
      "startTime" : "20140616T180807-0700",
      "endTime" : "20140616T191243-0700",
      "duration" : 3876.0,
      "distance" : 70296.0,
      "trackPoints" : [ {
        "lat" : 37.4640609873,
        "lon" : -122.1285669556,
        "time" : "20140616T180807-0700"
      }, {
        "lat" : 37.4654286277,
        "lon" : -122.1301818846,
        "time" : "20140616T180820-0700"
      }, {
        "lat" : 37.4671835705,
        "lon" : -122.1302471377,
        "time" : "20140616T180836-0700"
      }, {
        "lat" : 37.4686960064,
        "lon" : -122.1303431258,
        "time" : "20140616T180856-0700"
      }, {
        "lat" : 37.4714933584,
        "lon" : -122.1310748069,
        "time" : "20140616T180923-0700"
      }, {
        "lat" : 37.4729266232,
        "lon" : -122.1319109993,
        "time" : "20140616T180940-0700"
      }, {
        "lat" : 37.4718389882,
        "lon" : -122.1350189816,
        "time" : "20140616T181007-0700"
      }, {
        "lat" : 37.4718148027,
        "lon" : -122.1363363267,
        "time" : "20140616T181023-0700"
      }, {
        "lat" : 37.4718510847,
        "lon" : -122.1393573412,
        "time" : "20140616T181049-0700"
      }, {
        "lat" : 37.4718592276,
        "lon" : -122.139394192,
        "time" : "20140616T181105-0700"
      }, {
        "lat" : 37.4718711312,
        "lon" : -122.1394205017,
        "time" : "20140616T181138-0700"
      }, {
        "lat" : 37.4743982364,
        "lon" : -122.1395355702,
        "time" : "20140616T181204-0700"
      }, {
        "lat" : 37.4748372794,
        "lon" : -122.1395639067,
        "time" : "20140616T181219-0700"
      }, {
        "lat" : 37.4762090881,
        "lon" : -122.1395939565,
        "time" : "20140616T181240-0700"
      }, {
        "lat" : 37.4793540805,
        "lon" : -122.1397313966,
        "time" : "20140616T181302-0700"
      }, {
        "lat" : 37.4827081963,
        "lon" : -122.1402767307,
        "time" : "20140616T181326-0700"
      }, {
        "lat" : 37.4842431008,
        "lon" : -122.1409077863,
        "time" : "20140616T181349-0700"
      }, {
        "lat" : 37.4842296215,
        "lon" : -122.1409226693,
        "time" : "20140616T181420-0700"
      }, {
        "lat" : 37.4842658871,
        "lon" : -122.140901854,
        "time" : "20140616T181436-0700"
      }, {
        "lat" : 37.503469154,
        "lon" : -122.1220922895,
        "time" : "20140616T181754-0700"
      }, {
        "lat" : 37.5057820799,
        "lon" : -122.1185746118,
        "time" : "20140616T181809-0700"
      }, {
        "lat" : 37.5103056828,
        "lon" : -122.1121196689,
        "time" : "20140616T181838-0700"
      }, {
        "lat" : 37.5422298718,
        "lon" : -122.0647378172,
        "time" : "20140616T182155-0700"
      }, {
        "lat" : 37.545088911,
        "lon" : -122.0609788468,
        "time" : "20140616T182210-0700"
      }, {
        "lat" : 37.5486101046,
        "lon" : -122.0563245644,
        "time" : "20140616T182230-0700"
      }, {
        "lat" : 37.5507533516,
        "lon" : -122.0534768987,
        "time" : "20140616T182247-0700"
      }, {
        "lat" : 37.5528329803,
        "lon" : -122.0495855228,
        "time" : "20140616T182348-0700"
      }, {
        "lat" : 37.5589247255,
        "lon" : -122.0421804068,
        "time" : "20140616T182615-0700"
      }, {
        "lat" : 37.5598460207,
        "lon" : -122.0413267801,
        "time" : "20140616T182636-0700"
      }, {
        "lat" : 37.5598716004,
        "lon" : -122.0413085339,
        "time" : "20140616T182653-0700"
      }, {
        "lat" : 37.5799939019,
        "lon" : -122.0487291932,
        "time" : "20140616T183007-0700"
      }, {
        "lat" : 37.5861378132,
        "lon" : -122.0518577483,
        "time" : "20140616T183034-0700"
      }, {
        "lat" : 37.5889161994,
        "lon" : -122.0538212538,
        "time" : "20140616T183052-0700"
      }, {
        "lat" : 37.6047286134,
        "lon" : -122.0650042367,
        "time" : "20140616T183226-0700"
      }, {
        "lat" : 37.6121628958,
        "lon" : -122.0704901222,
        "time" : "20140616T183409-0700"
      }, {
        "lat" : 37.6132218502,
        "lon" : -122.0711892188,
        "time" : "20140616T183427-0700"
      }, {
        "lat" : 37.6147292937,
        "lon" : -122.0722607265,
        "time" : "20140616T183443-0700"
      }, {
        "lat" : 37.6484479593,
        "lon" : -122.0964007617,
        "time" : "20140616T183835-0700"
      }, {
        "lat" : 37.6509294256,
        "lon" : -122.0980231807,
        "time" : "20140616T183851-0700"
      }, {
        "lat" : 37.653312961,
        "lon" : -122.0995403849,
        "time" : "20140616T183906-0700"
      }, {
        "lat" : 37.6660264508,
        "lon" : -122.1073731208,
        "time" : "20140616T184015-0700"
      }, {
        "lat" : 37.677434673,
        "lon" : -122.1187059332,
        "time" : "20140616T184117-0700"
      }, {
        "lat" : 37.682865563,
        "lon" : -122.1267645549,
        "time" : "20140616T184154-0700"
      }, {
        "lat" : 37.6898117702,
        "lon" : -122.1365699558,
        "time" : "20140616T184234-0700"
      }, {
        "lat" : 37.6925209312,
        "lon" : -122.1404948848,
        "time" : "20140616T184250-0700"
      }, {
        "lat" : 37.6952791054,
        "lon" : -122.1444893503,
        "time" : "20140616T184306-0700"
      }, {
        "lat" : 37.6980833742,
        "lon" : -122.1485532033,
        "time" : "20140616T184322-0700"
      }, {
        "lat" : 37.7077381607,
        "lon" : -122.1627958991,
        "time" : "20140616T184423-0700"
      }, {
        "lat" : 37.7347943725,
        "lon" : -122.1911987388,
        "time" : "20140616T184641-0700"
      }, {
        "lat" : 37.7390277889,
        "lon" : -122.1949154912,
        "time" : "20140616T184700-0700"
      }, {
        "lat" : 37.7428514981,
        "lon" : -122.1982760912,
        "time" : "20140616T184717-0700"
      }, {
        "lat" : 37.7478922675,
        "lon" : -122.202889835,
        "time" : "20140616T184741-0700"
      }, {
        "lat" : 37.7643392846,
        "lon" : -122.2171485008,
        "time" : "20140616T184901-0700"
      }, {
        "lat" : 37.7708136338,
        "lon" : -122.2228422371,
        "time" : "20140616T184931-0700"
      }, {
        "lat" : 37.7796108781,
        "lon" : -122.238056337,
        "time" : "20140616T185034-0700"
      }, {
        "lat" : 37.783181801,
        "lon" : -122.2399314368,
        "time" : "20140616T185050-0700"
      }, {
        "lat" : 37.7854533795,
        "lon" : -122.24370873,
        "time" : "20140616T185106-0700"
      }, {
        "lat" : 37.7874584691,
        "lon" : -122.2478215137,
        "time" : "20140616T185122-0700"
      }, {
        "lat" : 37.7952442212,
        "lon" : -122.2669830414,
        "time" : "20140616T185238-0700"
      }, {
        "lat" : 37.8022682783,
        "lon" : -122.2978659185,
        "time" : "20140616T185431-0700"
      }, {
        "lat" : 37.8037198943,
        "lon" : -122.3016398331,
        "time" : "20140616T185447-0700"
      }, {
        "lat" : 37.8065951292,
        "lon" : -122.3041767734,
        "time" : "20140616T185503-0700"
      }, {
        "lat" : 37.8108430066,
        "lon" : -122.3039992895,
        "time" : "20140616T185522-0700"
      }, {
        "lat" : 37.8368026817,
        "lon" : -122.2954149441,
        "time" : "20140616T185735-0700"
      }, {
        "lat" : 37.8412150241,
        "lon" : -122.2971403731,
        "time" : "20140616T185757-0700"
      }, {
        "lat" : 37.8521515788,
        "lon" : -122.2995112471,
        "time" : "20140616T185841-0700"
      }, {
        "lat" : 37.8576405296,
        "lon" : -122.301023439,
        "time" : "20140616T185905-0700"
      }, {
        "lat" : 37.8620390337,
        "lon" : -122.3022110022,
        "time" : "20140616T185924-0700"
      }, {
        "lat" : 37.865766084,
        "lon" : -122.2995647769,
        "time" : "20140616T185959-0700"
      }, {
        "lat" : 37.8657671337,
        "lon" : -122.2995640316,
        "time" : "20140616T190000-0700"
      }, {
        "lat" : 37.8679620924,
        "lon" : -122.2980055994,
        "time" : "20140616T190020-0700"
      }, {
        "lat" : 37.868459428,
        "lon" : -122.2951453672,
        "time" : "20140616T190040-0700"
      }, {
        "lat" : 37.868967823,
        "lon" : -122.2931978803,
        "time" : "20140616T190114-0700"
      }, {
        "lat" : 37.8691938011,
        "lon" : -122.2918764448,
        "time" : "20140616T190129-0700"
      }, {
        "lat" : 37.869418803,
        "lon" : -122.2899639801,
        "time" : "20140616T190145-0700"
      }, {
        "lat" : 37.8696099535,
        "lon" : -122.2884233891,
        "time" : "20140616T190204-0700"
      }, {
        "lat" : 37.8697367182,
        "lon" : -122.2867228625,
        "time" : "20140616T190241-0700"
      }, {
        "lat" : 37.8699659757,
        "lon" : -122.2850771406,
        "time" : "20140616T190256-0700"
      }, {
        "lat" : 37.8702781382,
        "lon" : -122.2823846164,
        "time" : "20140616T190317-0700"
      }, {
        "lat" : 37.87061899,
        "lon" : -122.2803426911,
        "time" : "20140616T190337-0700"
      }, {
        "lat" : 37.8708278947,
        "lon" : -122.2789642892,
        "time" : "20140616T190357-0700"
      }, {
        "lat" : 37.8710865574,
        "lon" : -122.2767897699,
        "time" : "20140616T190416-0700"
      }, {
        "lat" : 37.8714731963,
        "lon" : -122.2742946992,
        "time" : "20140616T190436-0700"
      }, {
        "lat" : 37.871491666,
        "lon" : -122.2736157258,
        "time" : "20140616T190452-0700"
      }, {
        "lat" : 37.8715050208,
        "lon" : -122.273041464,
        "time" : "20140616T190514-0700"
      }, {
        "lat" : 37.871676323,
        "lon" : -122.2717409078,
        "time" : "20140616T190541-0700"
      }, {
        "lat" : 37.8716696374,
        "lon" : -122.2710915289,
        "time" : "20140616T190613-0700"
      }, {
        "lat" : 37.8718573353,
        "lon" : -122.2701887991,
        "time" : "20140616T190629-0700"
      }, {
        "lat" : 37.8720439023,
        "lon" : -122.269105405,
        "time" : "20140616T190658-0700"
      }, {
        "lat" : 37.8721635079,
        "lon" : -122.2683187124,
        "time" : "20140616T190731-0700"
      }, {
        "lat" : 37.8721675348,
        "lon" : -122.2681288314,
        "time" : "20140616T190749-0700"
      }, {
        "lat" : 37.8721799838,
        "lon" : -122.267881759,
        "time" : "20140616T190805-0700"
      }, {
        "lat" : 37.8722033584,
        "lon" : -122.2672099023,
        "time" : "20140616T190823-0700"
      }, {
        "lat" : 37.8721724269,
        "lon" : -122.2666752839,
        "time" : "20140616T190839-0700"
      }, {
        "lat" : 37.8718080413,
        "lon" : -122.2662411986,
        "time" : "20140616T190855-0700"
      }, {
        "lat" : 37.870659981,
        "lon" : -122.2662575158,
        "time" : "20140616T190916-0700"
      }, {
        "lat" : 37.8704722929,
        "lon" : -122.2662132151,
        "time" : "20140616T190935-0700"
      }, {
        "lat" : 37.870289057,
        "lon" : -122.2658842001,
        "time" : "20140616T190958-0700"
      }, {
        "lat" : 37.869049363,
        "lon" : -122.2662914818,
        "time" : "20140616T191017-0700"
      }, {
        "lat" : 37.8679879368,
        "lon" : -122.2660621603,
        "time" : "20140616T191035-0700"
      }, {
        "lat" : 37.8679314831,
        "lon" : -122.2660279456,
        "time" : "20140616T191051-0700"
      }, {
        "lat" : 37.8678261913,
        "lon" : -122.2659871925,
        "time" : "20140616T191107-0700"
      }, {
        "lat" : 37.8673802108,
        "lon" : -122.2658486562,
        "time" : "20140616T191123-0700"
      }, {
        "lat" : 37.8672023017,
        "lon" : -122.265355794,
        "time" : "20140616T191143-0700"
      }, {
        "lat" : 37.8672056904,
        "lon" : -122.2652037578,
        "time" : "20140616T191206-0700"
      }, {
        "lat" : 37.8675405347,
        "lon" : -122.2650438724,
        "time" : "20140616T191243-0700"
      } ]
    } ],
    "lastUpdate" : "20140617T092655Z"
  }, {
    "type" : "place",
    "startTime" : "20140616T191243-0700",
    "endTime" : "20140616T191508-0700",
    "place" : {
      "id" : 76934583,
      "type" : "unknown",
      "location" : {
        "lat" : 37.8675405347,
        "lon" : -122.2650438724
      }
    },
    "activities" : [ {
      "activity" : "walking",
      "group" : "walking",
      "manual" : false,
      "startTime" : "20140616T191243-0700",
      "endTime" : "20140616T191341-0700",
      "duration" : 58.0,
      "distance" : 39.0,
      "steps" : 78,
      "trackPoints" : [ ]
    } ],
    "lastUpdate" : "20140617T092655Z"
  }, {
    "type" : "move",
    "startTime" : "20140616T191508-0700",
    "endTime" : "20140616T191851-0700",
    "activities" : [ {
      "activity" : "walking",
      "group" : "walking",
      "manual" : false,
      "startTime" : "20140616T191508-0700",
      "endTime" : "20140616T191851-0700",
      "duration" : 223.0,
      "distance" : 380.0,
      "steps" : 317,
      "trackPoints" : [ {
        "lat" : 37.8675405347,
        "lon" : -122.2650438724,
        "time" : "20140616T191508-0700"
      }, {
        "lat" : 37.8680876327,
        "lon" : -122.2638193753,
        "time" : "20140616T191611-0700"
      }, {
        "lat" : 37.8682273018,
        "lon" : -122.263297799,
        "time" : "20140616T191704-0700"
      }, {
        "lat" : 37.8683170156,
        "lon" : -122.2630088657,
        "time" : "20140616T191722-0700"
      }, {
        "lat" : 37.8684272197,
        "lon" : -122.2625095678,
        "time" : "20140616T191748-0700"
      }, {
        "lat" : 37.8684794598,
        "lon" : -122.2624549247,
        "time" : "20140616T191803-0700"
      }, {
        "lat" : 37.8685185399,
        "lon" : -122.2622970966,
        "time" : "20140616T191818-0700"
      }, {
        "lat" : 37.8693516962,
        "lon" : -122.2624896863,
        "time" : "20140616T191851-0700"
      } ]
    } ],
    "lastUpdate" : "20140617T092655Z"
  }, {
    "type" : "place",
    "startTime" : "20140616T191851-0700",
    "endTime" : "20140616T210327-0700",
    "place" : {
      "id" : 72458029,
      "name" : "Recreational Sports Facility (RSF)",
      "type" : "foursquare",
      "foursquareId" : "4a68deb9f964a52028cb1fe3",
      "foursquareCategoryIds" : [ "4bf58dd8d48988d1b2941735" ],
      "location" : {
        "lat" : 37.8686826907337,
        "lon" : -122.262618027927
      }
    },
    "activities" : [ {
      "activity" : "walking",
      "group" : "walking",
      "manual" : false,
      "startTime" : "20140616T191851-0700",
      "endTime" : "20140616T191926-0700",
      "duration" : 35.0,
      "distance" : 33.0,
      "steps" : 67,
      "trackPoints" : [ ]
    } ],
    "lastUpdate" : "20140617T092702Z"
  }, {
    "type" : "move",
    "startTime" : "20140616T210327-0700",
    "endTime" : "20140616T211537-0700",
    "activities" : [ {
      "activity" : "walking",
      "group" : "walking",
      "manual" : false,
      "startTime" : "20140616T210327-0700",
      "endTime" : "20140616T211019-0700",
      "duration" : 412.0,
      "distance" : 454.0,
      "steps" : 829,
      "trackPoints" : [ {
        "lat" : 37.8686826907,
        "lon" : -122.2626180279,
        "time" : "20140616T210327-0700"
      }, {
        "lat" : 37.868199521,
        "lon" : -122.2631190653,
        "time" : "20140616T210434-0700"
      }, {
        "lat" : 37.8681640101,
        "lon" : -122.2633975658,
        "time" : "20140616T210456-0700"
      }, {
        "lat" : 37.8679634183,
        "lon" : -122.2636723266,
        "time" : "20140616T210524-0700"
      }, {
        "lat" : 37.8673548903,
        "lon" : -122.2631631743,
        "time" : "20140616T210639-0700"
      }, {
        "lat" : 37.8673462079,
        "lon" : -122.2629283545,
        "time" : "20140616T210702-0700"
      }, {
        "lat" : 37.8674471186,
        "lon" : -122.2627699675,
        "time" : "20140616T210725-0700"
      }, {
        "lat" : 37.8673148342,
        "lon" : -122.2628899709,
        "time" : "20140616T210748-0700"
      }, {
        "lat" : 37.8672679846,
        "lon" : -122.2631709022,
        "time" : "20140616T210815-0700"
      }, {
        "lat" : 37.867279148,
        "lon" : -122.2633486999,
        "time" : "20140616T210836-0700"
      }, {
        "lat" : 37.8672041823,
        "lon" : -122.2636190863,
        "time" : "20140616T210853-0700"
      }, {
        "lat" : 37.8671554838,
        "lon" : -122.2638584089,
        "time" : "20140616T210910-0700"
      }, {
        "lat" : 37.867123999,
        "lon" : -122.2641951777,
        "time" : "20140616T210929-0700"
      }, {
        "lat" : 37.8671124421,
        "lon" : -122.2645661541,
        "time" : "20140616T210953-0700"
      }, {
        "lat" : 37.867136668,
        "lon" : -122.264756538,
        "time" : "20140616T211019-0700"
      } ]
    }, {
      "activity" : "transport",
      "group" : "transport",
      "manual" : false,
      "startTime" : "20140616T211019-0700",
      "endTime" : "20140616T211537-0700",
      "duration" : 318.0,
      "distance" : 1496.0,
      "trackPoints" : [ {
        "lat" : 37.867136668,
        "lon" : -122.264756538,
        "time" : "20140616T211019-0700"
      }, {
        "lat" : 37.8671675206,
        "lon" : -122.2646921758,
        "time" : "20140616T211050-0700"
      }, {
        "lat" : 37.8673041863,
        "lon" : -122.2642383748,
        "time" : "20140616T211113-0700"
      }, {
        "lat" : 37.8676394422,
        "lon" : -122.2641770135,
        "time" : "20140616T211136-0700"
      }, {
        "lat" : 37.8680879488,
        "lon" : -122.2643669684,
        "time" : "20140616T211156-0700"
      }, {
        "lat" : 37.8688029734,
        "lon" : -122.2664340984,
        "time" : "20140616T211220-0700"
      }, {
        "lat" : 37.8703584619,
        "lon" : -122.2659145179,
        "time" : "20140616T211241-0700"
      }, {
        "lat" : 37.8704462466,
        "lon" : -122.2658402871,
        "time" : "20140616T211259-0700"
      }, {
        "lat" : 37.8705182898,
        "lon" : -122.2658314847,
        "time" : "20140616T211319-0700"
      }, {
        "lat" : 37.8721231841,
        "lon" : -122.2664952797,
        "time" : "20140616T211342-0700"
      }, {
        "lat" : 37.8721929414,
        "lon" : -122.2683209688,
        "time" : "20140616T211425-0700"
      }, {
        "lat" : 37.8720606634,
        "lon" : -122.2692535986,
        "time" : "20140616T211442-0700"
      }, {
        "lat" : 37.8719633154,
        "lon" : -122.2704881543,
        "time" : "20140616T211503-0700"
      }, {
        "lat" : 37.8717128894,
        "lon" : -122.2719951202,
        "time" : "20140616T211522-0700"
      }, {
        "lat" : 37.8717346586,
        "lon" : -122.2731595893,
        "time" : "20140616T211537-0700"
      } ]
    } ],
    "lastUpdate" : "20140617T092702Z"
  }, {
    "type" : "place",
    "startTime" : "20140616T211537-0700",
    "endTime" : "20140616T213631-0700",
    "place" : {
      "id" : 76998232,
      "type" : "unknown",
      "location" : {
        "lat" : 37.8717346586,
        "lon" : -122.2731595893
      }
    },
    "activities" : [ {
      "activity" : "walking",
      "group" : "walking",
      "manual" : false,
      "startTime" : "20140616T211820-0700",
      "endTime" : "20140616T211950-0700",
      "duration" : 90.0,
      "distance" : 86.0,
      "steps" : 173,
      "trackPoints" : [ ]
    } ],
    "lastUpdate" : "20140617T092708Z"
  }, {
    "type" : "move",
    "startTime" : "20140616T213631-0700",
    "endTime" : "20140616T213949-0700",
    "activities" : [ {
      "activity" : "transport",
      "group" : "transport",
      "manual" : false,
      "startTime" : "20140616T213631-0700",
      "endTime" : "20140616T213949-0700",
      "duration" : 198.0,
      "distance" : 1500.0,
      "trackPoints" : [ {
        "lat" : 37.8717346586,
        "lon" : -122.2731595893,
        "time" : "20140616T213631-0700"
      }, {
        "lat" : 37.8712266879,
        "lon" : -122.2755442565,
        "time" : "20140616T213704-0700"
      }, {
        "lat" : 37.870748739,
        "lon" : -122.2794624987,
        "time" : "20140616T213734-0700"
      }, {
        "lat" : 37.870594227,
        "lon" : -122.2810034295,
        "time" : "20140616T213752-0700"
      }, {
        "lat" : 37.8689123138,
        "lon" : -122.2818312941,
        "time" : "20140616T213827-0700"
      }, {
        "lat" : 37.8673507392,
        "lon" : -122.281707992,
        "time" : "20140616T213845-0700"
      }, {
        "lat" : 37.8651493645,
        "lon" : -122.282029798,
        "time" : "20140616T213949-0700"
      } ]
    } ],
    "lastUpdate" : "20140617T092708Z"
  }, {
    "type" : "place",
    "startTime" : "20140616T213950-0700",
    "endTime" : "20140617T151152-0700",
    "place" : {
      "id" : 72187887,
      "name" : "Home",
      "type" : "home",
      "location" : {
        "lat" : 37.8651493645,
        "lon" : -122.282029798
      }
    },
    "activities" : [ {
      "activity" : "walking",
      "group" : "walking",
      "manual" : false,
      "startTime" : "20140616T214220-0700",
      "endTime" : "20140616T214650-0700",
      "duration" : 270.0,
      "distance" : 274.0,
      "steps" : 366,
      "trackPoints" : [ ]
    } ],
    "lastUpdate" : "20140618T065202Z"
  } ],
  "lastUpdate" : "20140618T065202Z"
} ]