[ {
  "date" : "20140613",
  "summary" : [ {
    "activity" : "walking",
    "group" : "walking",
    "duration" : 3609.0,
    "distance" : 3439.0,
    "steps" : 5016
  }, {
    "activity" : "transport",
    "group" : "transport",
    "duration" : 13496.0,
    "distance" : 183812.0
  }, {
    "activity" : "cycling",
    "group" : "cycling",
    "duration" : 363.0,
    "distance" : 364.0
  } ],
  "segments" : [ {
    "type" : "place",
    "startTime" : "20140612T182827-0700",
    "endTime" : "20140613T085656-0700",
    "place" : {
      "id" : 72187887,
      "name" : "Home",
      "type" : "home",
      "location" : {
        "lat" : 37.8651493645,
        "lon" : -122.282029798
      }
    },
    "lastUpdate" : "20140613T232722Z"
  }, {
    "type" : "move",
    "startTime" : "20140613T085656-0700",
    "endTime" : "20140613T091216-0700",
    "activities" : [ {
      "activity" : "transport",
      "group" : "transport",
      "manual" : false,
      "startTime" : "20140613T085656-0700",
      "endTime" : "20140613T090645-0700",
      "duration" : 589.0,
      "distance" : 2575.0,
      "trackPoints" : [ {
        "lat" : 37.8651493645,
        "lon" : -122.282029798,
        "time" : "20140613T085656-0700"
      }, {
        "lat" : 37.8661074091,
        "lon" : -122.2793403108,
        "time" : "20140613T085801-0700"
      }, {
        "lat" : 37.8662996752,
        "lon" : -122.2776043918,
        "time" : "20140613T085829-0700"
      }, {
        "lat" : 37.8664738805,
        "lon" : -122.2760916872,
        "time" : "20140613T085853-0700"
      }, {
        "lat" : 37.8666346542,
        "lon" : -122.2751866892,
        "time" : "20140613T085913-0700"
      }, {
        "lat" : 37.8667633592,
        "lon" : -122.274625645,
        "time" : "20140613T085928-0700"
      }, {
        "lat" : 37.8670431584,
        "lon" : -122.2738379433,
        "time" : "20140613T085944-0700"
      }, {
        "lat" : 37.8673260244,
        "lon" : -122.2731343907,
        "time" : "20140613T085959-0700"
      }, {
        "lat" : 37.8673262046,
        "lon" : -122.2731339425,
        "time" : "20140613T090000-0700"
      }, {
        "lat" : 37.8675476659,
        "lon" : -122.2725831175,
        "time" : "20140613T090012-0700"
      }, {
        "lat" : 37.8683296853,
        "lon" : -122.2722593747,
        "time" : "20140613T090031-0700"
      }, {
        "lat" : 37.8696824028,
        "lon" : -122.2722799566,
        "time" : "20140613T090058-0700"
      }, {
        "lat" : 37.8696971759,
        "lon" : -122.2714692273,
        "time" : "20140613T090117-0700"
      }, {
        "lat" : 37.8699127362,
        "lon" : -122.2707158017,
        "time" : "20140613T090132-0700"
      }, {
        "lat" : 37.8703641063,
        "lon" : -122.268862744,
        "time" : "20140613T090215-0700"
      }, {
        "lat" : 37.870351538,
        "lon" : -122.2682218856,
        "time" : "20140613T090233-0700"
      }, {
        "lat" : 37.8703352669,
        "lon" : -122.2681426396,
        "time" : "20140613T090251-0700"
      }, {
        "lat" : 37.8703869823,
        "lon" : -122.2678074412,
        "time" : "20140613T090315-0700"
      }, {
        "lat" : 37.8704903493,
        "lon" : -122.2672860651,
        "time" : "20140613T090331-0700"
      }, {
        "lat" : 37.8709384654,
        "lon" : -122.2666444423,
        "time" : "20140613T090356-0700"
      }, {
        "lat" : 37.8713323448,
        "lon" : -122.2660218164,
        "time" : "20140613T090418-0700"
      }, {
        "lat" : 37.8722246612,
        "lon" : -122.2636157414,
        "time" : "20140613T090456-0700"
      }, {
        "lat" : 37.8726318828,
        "lon" : -122.2629628837,
        "time" : "20140613T090519-0700"
      }, {
        "lat" : 37.8727319607,
        "lon" : -122.2624139391,
        "time" : "20140613T090553-0700"
      }, {
        "lat" : 37.8732090603,
        "lon" : -122.2604547472,
        "time" : "20140613T090618-0700"
      }, {
        "lat" : 37.8733921325,
        "lon" : -122.2596778389,
        "time" : "20140613T090644-0700"
      } ]
    }, {
      "activity" : "walking",
      "group" : "walking",
      "manual" : false,
      "startTime" : "20140613T090644-0700",
      "endTime" : "20140613T091215-0700",
      "duration" : 331.0,
      "distance" : 318.0,
      "steps" : 438,
      "trackPoints" : [ {
        "lat" : 37.8733921325,
        "lon" : -122.2596778389,
        "time" : "20140613T090644-0700"
      }, {
        "lat" : 37.8735782506,
        "lon" : -122.2596752547,
        "time" : "20140613T090707-0700"
      }, {
        "lat" : 37.873993741,
        "lon" : -122.2598822256,
        "time" : "20140613T090738-0700"
      }, {
        "lat" : 37.8745341654,
        "lon" : -122.2600128182,
        "time" : "20140613T090806-0700"
      }, {
        "lat" : 37.8747700928,
        "lon" : -122.2599475214,
        "time" : "20140613T090830-0700"
      }, {
        "lat" : 37.8746238657,
        "lon" : -122.2596722138,
        "time" : "20140613T090900-0700"
      }, {
        "lat" : 37.8746813431,
        "lon" : -122.2594368187,
        "time" : "20140613T090916-0700"
      }, {
        "lat" : 37.8747684232,
        "lon" : -122.2590979486,
        "time" : "20140613T090949-0700"
      }, {
        "lat" : 37.8748192412,
        "lon" : -122.2590057257,
        "time" : "20140613T091016-0700"
      }, {
        "lat" : 37.8748447271,
        "lon" : -122.2589595006,
        "time" : "20140613T091131-0700"
      }, {
        "lat" : 37.8748140216,
        "lon" : -122.258710535,
        "time" : "20140613T091147-0700"
      }, {
        "lat" : 37.8748152837,
        "lon" : -122.2583994269,
        "time" : "20140613T091216-0700"
      } ]
    } ],
    "lastUpdate" : "20140613T232722Z"
  }, {
    "type" : "place",
    "startTime" : "20140613T091216-0700",
    "endTime" : "20140613T104516-0700",
    "place" : {
      "id" : 73323513,
      "name" : "Sutardja Dai Hall - CITRIS Building",
      "type" : "foursquare",
      "foursquareId" : "4a68c693f964a520fcca1fe3",
      "foursquareCategoryIds" : [ "4bf58dd8d48988d19f941735" ],
      "location" : {
        "lat" : 37.87481528371463,
        "lon" : -122.2583994269371
      }
    },
    "lastUpdate" : "20140613T232722Z"
  }, {
    "type" : "move",
    "startTime" : "20140613T104516-0700",
    "endTime" : "20140613T105504-0700",
    "activities" : [ {
      "activity" : "transport",
      "group" : "transport",
      "manual" : false,
      "startTime" : "20140613T104516-0700",
      "endTime" : "20140613T105504-0700",
      "duration" : 588.0,
      "distance" : 3035.0,
      "trackPoints" : [ {
        "lat" : 37.8748152837,
        "lon" : -122.2583994269,
        "time" : "20140613T104516-0700"
      }, {
        "lat" : 37.8726496889,
        "lon" : -122.2624022324,
        "time" : "20140613T104647-0700"
      }, {
        "lat" : 37.8721094231,
        "lon" : -122.2638197126,
        "time" : "20140613T104705-0700"
      }, {
        "lat" : 37.8722290573,
        "lon" : -122.2652522531,
        "time" : "20140613T104724-0700"
      }, {
        "lat" : 37.8725195228,
        "lon" : -122.2661512082,
        "time" : "20140613T104739-0700"
      }, {
        "lat" : 37.8721152025,
        "lon" : -122.2680166139,
        "time" : "20140613T104806-0700"
      }, {
        "lat" : 37.8720825257,
        "lon" : -122.268679624,
        "time" : "20140613T104841-0700"
      }, {
        "lat" : 37.8719901895,
        "lon" : -122.2695742642,
        "time" : "20140613T104904-0700"
      }, {
        "lat" : 37.871858902,
        "lon" : -122.2706705114,
        "time" : "20140613T104922-0700"
      }, {
        "lat" : 37.8715320117,
        "lon" : -122.2732204122,
        "time" : "20140613T105009-0700"
      }, {
        "lat" : 37.8712826337,
        "lon" : -122.2753198159,
        "time" : "20140613T105031-0700"
      }, {
        "lat" : 37.8709877107,
        "lon" : -122.2778750262,
        "time" : "20140613T105053-0700"
      }, {
        "lat" : 37.8707619588,
        "lon" : -122.2796719265,
        "time" : "20140613T105120-0700"
      }, {
        "lat" : 37.8707498842,
        "lon" : -122.2796961695,
        "time" : "20140613T105136-0700"
      }, {
        "lat" : 37.87053263,
        "lon" : -122.2816107585,
        "time" : "20140613T105215-0700"
      }, {
        "lat" : 37.8704412419,
        "lon" : -122.2818406949,
        "time" : "20140613T105245-0700"
      }, {
        "lat" : 37.8702798612,
        "lon" : -122.2817383404,
        "time" : "20140613T105303-0700"
      }, {
        "lat" : 37.8701560346,
        "lon" : -122.2816884233,
        "time" : "20140613T105331-0700"
      }, {
        "lat" : 37.8686668044,
        "lon" : -122.2817659466,
        "time" : "20140613T105359-0700"
      }, {
        "lat" : 37.8673142444,
        "lon" : -122.281741743,
        "time" : "20140613T105426-0700"
      }, {
        "lat" : 37.866092914,
        "lon" : -122.2816453433,
        "time" : "20140613T105448-0700"
      }, {
        "lat" : 37.8651493645,
        "lon" : -122.282029798,
        "time" : "20140613T105504-0700"
      } ]
    } ],
    "lastUpdate" : "20140613T232722Z"
  }, {
    "type" : "place",
    "startTime" : "20140613T105504-0700",
    "endTime" : "20140613T112209-0700",
    "place" : {
      "id" : 72187887,
      "name" : "Home",
      "type" : "home",
      "location" : {
        "lat" : 37.8651493645,
        "lon" : -122.282029798
      }
    },
    "lastUpdate" : "20140613T232722Z"
  }, {
    "type" : "move",
    "startTime" : "20140613T112209-0700",
    "endTime" : "20140613T120500-0700",
    "activities" : [ {
      "activity" : "transport",
      "group" : "transport",
      "manual" : false,
      "startTime" : "20140613T112209-0700",
      "endTime" : "20140613T120500-0700",
      "duration" : 2571.0,
      "distance" : 53563.0,
      "trackPoints" : [ {
        "lat" : 37.8651493645,
        "lon" : -122.282029798,
        "time" : "20140613T112209-0700"
      }, {
        "lat" : 37.8652370109,
        "lon" : -122.2825462909,
        "time" : "20140613T112211-0700"
      }, {
        "lat" : 37.8652477591,
        "lon" : -122.2825021624,
        "time" : "20140613T112232-0700"
      }, {
        "lat" : 37.8652446026,
        "lon" : -122.2824972913,
        "time" : "20140613T112248-0700"
      }, {
        "lat" : 37.865253531,
        "lon" : -122.2824974753,
        "time" : "20140613T112306-0700"
      }, {
        "lat" : 37.8653210345,
        "lon" : -122.2824578589,
        "time" : "20140613T112328-0700"
      }, {
        "lat" : 37.8654825086,
        "lon" : -122.2820926132,
        "time" : "20140613T112351-0700"
      }, {
        "lat" : 37.8652029381,
        "lon" : -122.2813974147,
        "time" : "20140613T112406-0700"
      }, {
        "lat" : 37.863337774,
        "lon" : -122.281213649,
        "time" : "20140613T112423-0700"
      }, {
        "lat" : 37.8602836366,
        "lon" : -122.2805137414,
        "time" : "20140613T112441-0700"
      }, {
        "lat" : 37.8579274217,
        "lon" : -122.2800789032,
        "time" : "20140613T112502-0700"
      }, {
        "lat" : 37.8550696932,
        "lon" : -122.279484614,
        "time" : "20140613T112528-0700"
      }, {
        "lat" : 37.8534030737,
        "lon" : -122.2791024961,
        "time" : "20140613T112551-0700"
      }, {
        "lat" : 37.853394127,
        "lon" : -122.2791038654,
        "time" : "20140613T112610-0700"
      }, {
        "lat" : 37.8533730574,
        "lon" : -122.279084424,
        "time" : "20140613T112631-0700"
      }, {
        "lat" : 37.8513699281,
        "lon" : -122.278589366,
        "time" : "20140613T112650-0700"
      }, {
        "lat" : 37.849270991,
        "lon" : -122.2781023448,
        "time" : "20140613T112705-0700"
      }, {
        "lat" : 37.8479903192,
        "lon" : -122.2777877775,
        "time" : "20140613T112730-0700"
      }, {
        "lat" : 37.8479609098,
        "lon" : -122.2777402448,
        "time" : "20140613T112804-0700"
      }, {
        "lat" : 37.8484342596,
        "lon" : -122.2737345768,
        "time" : "20140613T112831-0700"
      }, {
        "lat" : 37.8486803692,
        "lon" : -122.2718155926,
        "time" : "20140613T112851-0700"
      }, {
        "lat" : 37.8458659696,
        "lon" : -122.2710855379,
        "time" : "20140613T112928-0700"
      }, {
        "lat" : 37.8440328826,
        "lon" : -122.2705897087,
        "time" : "20140613T112945-0700"
      }, {
        "lat" : 37.8401344548,
        "lon" : -122.2698448453,
        "time" : "20140613T113012-0700"
      }, {
        "lat" : 37.8383328373,
        "lon" : -122.2692589605,
        "time" : "20140613T113028-0700"
      }, {
        "lat" : 37.8372338858,
        "lon" : -122.2686013477,
        "time" : "20140613T113059-0700"
      }, {
        "lat" : 37.8371520328,
        "lon" : -122.2684539361,
        "time" : "20140613T113114-0700"
      }, {
        "lat" : 37.8356673128,
        "lon" : -122.267216719,
        "time" : "20140613T113134-0700"
      }, {
        "lat" : 37.8336084955,
        "lon" : -122.2670071177,
        "time" : "20140613T113151-0700"
      }, {
        "lat" : 37.829134978,
        "lon" : -122.2676735204,
        "time" : "20140613T113215-0700"
      }, {
        "lat" : 37.8253676285,
        "lon" : -122.2695472372,
        "time" : "20140613T113238-0700"
      }, {
        "lat" : 37.8255463506,
        "lon" : -122.2722721914,
        "time" : "20140613T113254-0700"
      }, {
        "lat" : 37.8259227241,
        "lon" : -122.2740913385,
        "time" : "20140613T113311-0700"
      }, {
        "lat" : 37.8263513553,
        "lon" : -122.2761758867,
        "time" : "20140613T113329-0700"
      }, {
        "lat" : 37.8268295352,
        "lon" : -122.2783504758,
        "time" : "20140613T113345-0700"
      }, {
        "lat" : 37.8270364564,
        "lon" : -122.2891103434,
        "time" : "20140613T113430-0700"
      }, {
        "lat" : 37.8231687585,
        "lon" : -122.3203306179,
        "time" : "20140613T113624-0700"
      }, {
        "lat" : 37.8224244557,
        "lon" : -122.3240967424,
        "time" : "20140613T113641-0700"
      }, {
        "lat" : 37.8219058008,
        "lon" : -122.3305728485,
        "time" : "20140613T113706-0700"
      }, {
        "lat" : 37.8071748235,
        "lon" : -122.3681351444,
        "time" : "20140613T114023-0700"
      }, {
        "lat" : 37.8029055387,
        "lon" : -122.3726985557,
        "time" : "20140613T114050-0700"
      }, {
        "lat" : 37.8004213391,
        "lon" : -122.3753525999,
        "time" : "20140613T114106-0700"
      }, {
        "lat" : 37.7873761902,
        "lon" : -122.3893125383,
        "time" : "20140613T114227-0700"
      }, {
        "lat" : 37.7856014815,
        "lon" : -122.3910470954,
        "time" : "20140613T114244-0700"
      }, {
        "lat" : 37.7832804949,
        "lon" : -122.3947108993,
        "time" : "20140613T114301-0700"
      }, {
        "lat" : 37.7807249859,
        "lon" : -122.3979232766,
        "time" : "20140613T114318-0700"
      }, {
        "lat" : 37.7764303646,
        "lon" : -122.4036863583,
        "time" : "20140613T114344-0700"
      }, {
        "lat" : 37.7712810496,
        "lon" : -122.4062009769,
        "time" : "20140613T114414-0700"
      }, {
        "lat" : 37.7691923911,
        "lon" : -122.4054999099,
        "time" : "20140613T114430-0700"
      }, {
        "lat" : 37.7673192266,
        "lon" : -122.4053067014,
        "time" : "20140613T114447-0700"
      }, {
        "lat" : 37.7653702446,
        "lon" : -122.4051296454,
        "time" : "20140613T114503-0700"
      }, {
        "lat" : 37.7618336815,
        "lon" : -122.406919101,
        "time" : "20140613T114522-0700"
      }, {
        "lat" : 37.7574907959,
        "lon" : -122.4041152078,
        "time" : "20140613T114546-0700"
      }, {
        "lat" : 37.7514207098,
        "lon" : -122.4029513719,
        "time" : "20140613T114611-0700"
      }, {
        "lat" : 37.7445442008,
        "lon" : -122.4054371428,
        "time" : "20140613T114640-0700"
      }, {
        "lat" : 37.7403247581,
        "lon" : -122.4076171533,
        "time" : "20140613T114658-0700"
      }, {
        "lat" : 37.7341938332,
        "lon" : -122.4062184481,
        "time" : "20140613T114723-0700"
      }, {
        "lat" : 37.7312649489,
        "lon" : -122.4043429215,
        "time" : "20140613T114738-0700"
      }, {
        "lat" : 37.724907751,
        "lon" : -122.4015946679,
        "time" : "20140613T114804-0700"
      }, {
        "lat" : 37.7204093369,
        "lon" : -122.4001274811,
        "time" : "20140613T114820-0700"
      }, {
        "lat" : 37.71380754,
        "lon" : -122.3971061547,
        "time" : "20140613T114848-0700"
      }, {
        "lat" : 37.7091931348,
        "lon" : -122.3952522792,
        "time" : "20140613T114906-0700"
      }, {
        "lat" : 37.6597638774,
        "lon" : -122.4047754492,
        "time" : "20140613T115222-0700"
      }, {
        "lat" : 37.6541345214,
        "lon" : -122.4070699569,
        "time" : "20140613T115244-0700"
      }, {
        "lat" : 37.6496599184,
        "lon" : -122.4067367426,
        "time" : "20140613T115301-0700"
      }, {
        "lat" : 37.6429263994,
        "lon" : -122.4049369094,
        "time" : "20140613T115331-0700"
      }, {
        "lat" : 37.6246876759,
        "lon" : -122.401062492,
        "time" : "20140613T115437-0700"
      }, {
        "lat" : 37.6002679572,
        "lon" : -122.3770051549,
        "time" : "20140613T115623-0700"
      }, {
        "lat" : 37.5977456579,
        "lon" : -122.3731132615,
        "time" : "20140613T115639-0700"
      }, {
        "lat" : 37.5951202095,
        "lon" : -122.3690707907,
        "time" : "20140613T115655-0700"
      }, {
        "lat" : 37.592436696,
        "lon" : -122.3649188901,
        "time" : "20140613T115711-0700"
      }, {
        "lat" : 37.5893175411,
        "lon" : -122.3596252913,
        "time" : "20140613T115729-0700"
      }, {
        "lat" : 37.5870857853,
        "lon" : -122.3504630146,
        "time" : "20140613T115802-0700"
      }, {
        "lat" : 37.5868879328,
        "lon" : -122.3403242768,
        "time" : "20140613T115831-0700"
      }, {
        "lat" : 37.5854245514,
        "lon" : -122.3307542047,
        "time" : "20140613T115906-0700"
      }, {
        "lat" : 37.5803190907,
        "lon" : -122.3244839053,
        "time" : "20140613T115938-0700"
      }, {
        "lat" : 37.5768092593,
        "lon" : -122.320503631,
        "time" : "20140613T115959-0700"
      }, {
        "lat" : 37.5768076594,
        "lon" : -122.3205018167,
        "time" : "20140613T120000-0700"
      }, {
        "lat" : 37.5760315448,
        "lon" : -122.319621675,
        "time" : "20140613T120004-0700"
      }, {
        "lat" : 37.5720195217,
        "lon" : -122.3155951269,
        "time" : "20140613T120026-0700"
      }, {
        "lat" : 37.570191657,
        "lon" : -122.3157021392,
        "time" : "20140613T120042-0700"
      }, {
        "lat" : 37.5699554966,
        "lon" : -122.3160509999,
        "time" : "20140613T120058-0700"
      }, {
        "lat" : 37.5693143316,
        "lon" : -122.3169510494,
        "time" : "20140613T120113-0700"
      }, {
        "lat" : 37.5684716339,
        "lon" : -122.3181813248,
        "time" : "20140613T120137-0700"
      }, {
        "lat" : 37.5674847965,
        "lon" : -122.3196176452,
        "time" : "20140613T120212-0700"
      }, {
        "lat" : 37.5673223336,
        "lon" : -122.3200871562,
        "time" : "20140613T120227-0700"
      }, {
        "lat" : 37.5639036022,
        "lon" : -122.3246557671,
        "time" : "20140613T120320-0700"
      }, {
        "lat" : 37.5637292876,
        "lon" : -122.3252240339,
        "time" : "20140613T120500-0700"
      } ]
    } ],
    "lastUpdate" : "20140613T232722Z"
  }, {
    "type" : "place",
    "startTime" : "20140613T120500-0700",
    "endTime" : "20140613T135352-0700",
    "place" : {
      "id" : 75828891,
      "type" : "unknown",
      "location" : {
        "lat" : 37.5637292876,
        "lon" : -122.3252240339
      }
    },
    "activities" : [ {
      "activity" : "walking",
      "group" : "walking",
      "manual" : false,
      "startTime" : "20140613T120927-0700",
      "endTime" : "20140613T121227-0700",
      "duration" : 180.0,
      "distance" : 176.0,
      "steps" : 234,
      "trackPoints" : [ ]
    } ],
    "lastUpdate" : "20140613T232729Z"
  }, {
    "type" : "move",
    "startTime" : "20140613T135352-0700",
    "endTime" : "20140613T140039-0700",
    "activities" : [ {
      "activity" : "walking",
      "group" : "walking",
      "manual" : false,
      "startTime" : "20140613T135352-0700",
      "endTime" : "20140613T140040-0700",
      "duration" : 408.0,
      "distance" : 387.0,
      "steps" : 437,
      "trackPoints" : [ {
        "lat" : 37.5637292876,
        "lon" : -122.3252240339,
        "time" : "20140613T135352-0700"
      }, {
        "lat" : 37.5638264512,
        "lon" : -122.3248680464,
        "time" : "20140613T135425-0700"
      }, {
        "lat" : 37.5643039915,
        "lon" : -122.3242238173,
        "time" : "20140613T135454-0700"
      }, {
        "lat" : 37.5641314811,
        "lon" : -122.324182629,
        "time" : "20140613T135510-0700"
      }, {
        "lat" : 37.5641272872,
        "lon" : -122.3241965149,
        "time" : "20140613T135529-0700"
      }, {
        "lat" : 37.5641537816,
        "lon" : -122.3241954467,
        "time" : "20140613T135551-0700"
      }, {
        "lat" : 37.564171819,
        "lon" : -122.3241932943,
        "time" : "20140613T135607-0700"
      }, {
        "lat" : 37.5641902343,
        "lon" : -122.3241893703,
        "time" : "20140613T135624-0700"
      }, {
        "lat" : 37.5642707474,
        "lon" : -122.324096135,
        "time" : "20140613T135643-0700"
      }, {
        "lat" : 37.5643732579,
        "lon" : -122.3240020497,
        "time" : "20140613T135706-0700"
      }, {
        "lat" : 37.564585026,
        "lon" : -122.3237558761,
        "time" : "20140613T135736-0700"
      }, {
        "lat" : 37.5648325749,
        "lon" : -122.3234705968,
        "time" : "20140613T135812-0700"
      }, {
        "lat" : 37.5648966996,
        "lon" : -122.3233145409,
        "time" : "20140613T135831-0700"
      }, {
        "lat" : 37.5649804013,
        "lon" : -122.3232198124,
        "time" : "20140613T135849-0700"
      }, {
        "lat" : 37.5649836343,
        "lon" : -122.3230851471,
        "time" : "20140613T135906-0700"
      }, {
        "lat" : 37.5650872632,
        "lon" : -122.3229335574,
        "time" : "20140613T135921-0700"
      }, {
        "lat" : 37.5652052093,
        "lon" : -122.3228871102,
        "time" : "20140613T135943-0700"
      }, {
        "lat" : 37.5653028785,
        "lon" : -122.3226838793,
        "time" : "20140613T135959-0700"
      }, {
        "lat" : 37.5653029395,
        "lon" : -122.3226837523,
        "time" : "20140613T140000-0700"
      }, {
        "lat" : 37.5653736784,
        "lon" : -122.3225365581,
        "time" : "20140613T140011-0700"
      }, {
        "lat" : 37.5652941153,
        "lon" : -122.3222786276,
        "time" : "20140613T140039-0700"
      } ]
    } ],
    "lastUpdate" : "20140613T232729Z"
  }, {
    "type" : "place",
    "startTime" : "20140613T140039-0700",
    "endTime" : "20140613T144603-0700",
    "place" : {
      "id" : 75828918,
      "type" : "unknown",
      "location" : {
        "lat" : 37.5652941153,
        "lon" : -122.3222786276
      }
    },
    "lastUpdate" : "20140613T232731Z"
  }, {
    "type" : "move",
    "startTime" : "20140613T144603-0700",
    "endTime" : "20140613T150035-0700",
    "activities" : [ {
      "activity" : "walking",
      "group" : "walking",
      "manual" : false,
      "startTime" : "20140613T144603-0700",
      "endTime" : "20140613T145223-0700",
      "duration" : 380.0,
      "distance" : 480.0,
      "steps" : 763,
      "trackPoints" : [ {
        "lat" : 37.5652941153,
        "lon" : -122.3222786276,
        "time" : "20140613T144603-0700"
      }, {
        "lat" : 37.563809985,
        "lon" : -122.32480657,
        "time" : "20140613T145008-0700"
      }, {
        "lat" : 37.5636144787,
        "lon" : -122.3251030104,
        "time" : "20140613T145034-0700"
      }, {
        "lat" : 37.5633867497,
        "lon" : -122.3254133271,
        "time" : "20140613T145059-0700"
      }, {
        "lat" : 37.5631950111,
        "lon" : -122.325691116,
        "time" : "20140613T145119-0700"
      }, {
        "lat" : 37.5630336163,
        "lon" : -122.3259590164,
        "time" : "20140613T145142-0700"
      }, {
        "lat" : 37.5628592362,
        "lon" : -122.3259004013,
        "time" : "20140613T145223-0700"
      } ]
    }, {
      "activity" : "transport",
      "group" : "transport",
      "manual" : false,
      "startTime" : "20140613T145223-0700",
      "endTime" : "20140613T145753-0700",
      "duration" : 330.0,
      "distance" : 2003.0,
      "trackPoints" : [ {
        "lat" : 37.5628592362,
        "lon" : -122.3259004013,
        "time" : "20140613T145223-0700"
      }, {
        "lat" : 37.5624660796,
        "lon" : -122.3255023296,
        "time" : "20140613T145245-0700"
      }, {
        "lat" : 37.5595807926,
        "lon" : -122.3222930708,
        "time" : "20140613T145403-0700"
      }, {
        "lat" : 37.5582425985,
        "lon" : -122.320879274,
        "time" : "20140613T145423-0700"
      }, {
        "lat" : 37.5567873272,
        "lon" : -122.3191604523,
        "time" : "20140613T145440-0700"
      }, {
        "lat" : 37.5548257372,
        "lon" : -122.317067551,
        "time" : "20140613T145506-0700"
      }, {
        "lat" : 37.5533574338,
        "lon" : -122.3154549252,
        "time" : "20140613T145532-0700"
      }, {
        "lat" : 37.5527339228,
        "lon" : -122.314778697,
        "time" : "20140613T145548-0700"
      }, {
        "lat" : 37.5526853246,
        "lon" : -122.3147418164,
        "time" : "20140613T145607-0700"
      }, {
        "lat" : 37.5526277608,
        "lon" : -122.3146893726,
        "time" : "20140613T145624-0700"
      }, {
        "lat" : 37.552341487,
        "lon" : -122.3143986305,
        "time" : "20140613T145644-0700"
      }, {
        "lat" : 37.5505552689,
        "lon" : -122.3154399811,
        "time" : "20140613T145713-0700"
      }, {
        "lat" : 37.5506174613,
        "lon" : -122.3159554266,
        "time" : "20140613T145731-0700"
      }, {
        "lat" : 37.550936843,
        "lon" : -122.3163469429,
        "time" : "20140613T145753-0700"
      } ]
    }, {
      "activity" : "walking",
      "group" : "walking",
      "manual" : false,
      "startTime" : "20140613T145753-0700",
      "endTime" : "20140613T150036-0700",
      "duration" : 163.0,
      "distance" : 115.0,
      "steps" : 231,
      "trackPoints" : [ {
        "lat" : 37.550936843,
        "lon" : -122.3163469429,
        "time" : "20140613T145753-0700"
      }, {
        "lat" : 37.5507200154,
        "lon" : -122.3163066187,
        "time" : "20140613T145818-0700"
      }, {
        "lat" : 37.5505460336,
        "lon" : -122.3162598941,
        "time" : "20140613T145833-0700"
      }, {
        "lat" : 37.5504394808,
        "lon" : -122.3161895045,
        "time" : "20140613T145853-0700"
      }, {
        "lat" : 37.5503897651,
        "lon" : -122.316179347,
        "time" : "20140613T145932-0700"
      }, {
        "lat" : 37.5503832767,
        "lon" : -122.3161512463,
        "time" : "20140613T145952-0700"
      }, {
        "lat" : 37.5503871716,
        "lon" : -122.3161851823,
        "time" : "20140613T145959-0700"
      }, {
        "lat" : 37.5503871766,
        "lon" : -122.3161852262,
        "time" : "20140613T150000-0700"
      }, {
        "lat" : 37.5503973918,
        "lon" : -122.316274232,
        "time" : "20140613T150020-0700"
      }, {
        "lat" : 37.5503678749,
        "lon" : -122.3164331437,
        "time" : "20140613T150035-0700"
      } ]
    } ],
    "lastUpdate" : "20140613T232731Z"
  }, {
    "type" : "place",
    "startTime" : "20140613T150035-0700",
    "endTime" : "20140613T162448-0700",
    "place" : {
      "id" : 75869091,
      "type" : "unknown",
      "location" : {
        "lat" : 37.5504006563,
        "lon" : -122.3162247302
      }
    },
    "lastUpdate" : "20140614T024033Z"
  }, {
    "type" : "move",
    "startTime" : "20140613T162448-0700",
    "endTime" : "20140613T162835-0700",
    "activities" : [ {
      "activity" : "walking",
      "group" : "walking",
      "manual" : false,
      "startTime" : "20140613T162448-0700",
      "endTime" : "20140613T162835-0700",
      "duration" : 227.0,
      "distance" : 239.0,
      "steps" : 348,
      "trackPoints" : [ {
        "lat" : 37.5504006563,
        "lon" : -122.3162247302,
        "time" : "20140613T162448-0700"
      }, {
        "lat" : 37.5506906033,
        "lon" : -122.3144879399,
        "time" : "20140613T162724-0700"
      }, {
        "lat" : 37.5505105324,
        "lon" : -122.3143604287,
        "time" : "20140613T162750-0700"
      }, {
        "lat" : 37.5503294495,
        "lon" : -122.314348929,
        "time" : "20140613T162806-0700"
      }, {
        "lat" : 37.5501982316,
        "lon" : -122.3144280598,
        "time" : "20140613T162835-0700"
      } ]
    } ],
    "lastUpdate" : "20140614T024033Z"
  }, {
    "type" : "place",
    "startTime" : "20140613T162835-0700",
    "endTime" : "20140613T163921-0700",
    "place" : {
      "id" : 75869127,
      "type" : "unknown",
      "location" : {
        "lat" : 37.5504006563,
        "lon" : -122.3162247302
      }
    },
    "activities" : [ {
      "activity" : "walking",
      "group" : "walking",
      "manual" : false,
      "startTime" : "20140613T163035-0700",
      "endTime" : "20140613T163435-0700",
      "duration" : 240.0,
      "distance" : 274.0,
      "steps" : 365,
      "trackPoints" : [ ]
    } ],
    "lastUpdate" : "20140614T024033Z"
  }, {
    "type" : "move",
    "startTime" : "20140613T163921-0700",
    "endTime" : "20140613T173400-0700",
    "activities" : [ {
      "activity" : "transport",
      "group" : "transport",
      "manual" : false,
      "startTime" : "20140613T163921-0700",
      "endTime" : "20140613T173401-0700",
      "duration" : 3280.0,
      "distance" : 34902.0,
      "trackPoints" : [ {
        "lat" : 37.5503264756,
        "lon" : -122.3143339514,
        "time" : "20140613T163921-0700"
      }, {
        "lat" : 37.5509221518,
        "lon" : -122.310781744,
        "time" : "20140613T164056-0700"
      }, {
        "lat" : 37.5521317681,
        "lon" : -122.308526201,
        "time" : "20140613T164112-0700"
      }, {
        "lat" : 37.5525005221,
        "lon" : -122.3025664617,
        "time" : "20140613T164135-0700"
      }, {
        "lat" : 37.5491892288,
        "lon" : -122.2921226642,
        "time" : "20140613T164222-0700"
      }, {
        "lat" : 37.545689878,
        "lon" : -122.2894146152,
        "time" : "20140613T164240-0700"
      }, {
        "lat" : 37.5427784562,
        "lon" : -122.2859584404,
        "time" : "20140613T164256-0700"
      }, {
        "lat" : 37.5316747529,
        "lon" : -122.2759578029,
        "time" : "20140613T164353-0700"
      }, {
        "lat" : 37.5282849672,
        "lon" : -122.2724193524,
        "time" : "20140613T164413-0700"
      }, {
        "lat" : 37.5202876185,
        "lon" : -122.2633700294,
        "time" : "20140613T164452-0700"
      }, {
        "lat" : 37.5171010888,
        "lon" : -122.2597819232,
        "time" : "20140613T164507-0700"
      }, {
        "lat" : 37.5140033472,
        "lon" : -122.2562743332,
        "time" : "20140613T164523-0700"
      }, {
        "lat" : 37.5111714967,
        "lon" : -122.2530673903,
        "time" : "20140613T164538-0700"
      }, {
        "lat" : 37.5077032875,
        "lon" : -122.2494127238,
        "time" : "20140613T164559-0700"
      }, {
        "lat" : 37.5001372696,
        "lon" : -122.2407661938,
        "time" : "20140613T164638-0700"
      }, {
        "lat" : 37.4966948653,
        "lon" : -122.2347634729,
        "time" : "20140613T164702-0700"
      }, {
        "lat" : 37.49414559,
        "lon" : -122.2256623439,
        "time" : "20140613T164737-0700"
      }, {
        "lat" : 37.49272476,
        "lon" : -122.2223018942,
        "time" : "20140613T164800-0700"
      }, {
        "lat" : 37.4873958354,
        "lon" : -122.2053721758,
        "time" : "20140613T164857-0700"
      }, {
        "lat" : 37.4868718433,
        "lon" : -122.2010769608,
        "time" : "20140613T164913-0700"
      }, {
        "lat" : 37.4862915963,
        "lon" : -122.1960458364,
        "time" : "20140613T164932-0700"
      }, {
        "lat" : 37.4857581634,
        "lon" : -122.1913600078,
        "time" : "20140613T164951-0700"
      }, {
        "lat" : 37.484572683,
        "lon" : -122.1846615061,
        "time" : "20140613T165022-0700"
      }, {
        "lat" : 37.4793516343,
        "lon" : -122.1734377755,
        "time" : "20140613T165259-0700"
      }, {
        "lat" : 37.4786679742,
        "lon" : -122.1722486044,
        "time" : "20140613T165315-0700"
      }, {
        "lat" : 37.4780369145,
        "lon" : -122.1711808003,
        "time" : "20140613T165331-0700"
      }, {
        "lat" : 37.4727273404,
        "lon" : -122.1617798133,
        "time" : "20140613T165626-0700"
      }, {
        "lat" : 37.4705057562,
        "lon" : -122.1581858321,
        "time" : "20140613T165656-0700"
      }, {
        "lat" : 37.4691467455,
        "lon" : -122.1559193386,
        "time" : "20140613T165726-0700"
      }, {
        "lat" : 37.4682909601,
        "lon" : -122.1545722001,
        "time" : "20140613T165742-0700"
      }, {
        "lat" : 37.4672497853,
        "lon" : -122.1526858182,
        "time" : "20140613T165814-0700"
      }, {
        "lat" : 37.4638783805,
        "lon" : -122.1467860584,
        "time" : "20140613T165959-0700"
      }, {
        "lat" : 37.4638780622,
        "lon" : -122.1467855013,
        "time" : "20140613T170000-0700"
      }, {
        "lat" : 37.4623538521,
        "lon" : -122.1441182234,
        "time" : "20140613T170047-0700"
      }, {
        "lat" : 37.4611455978,
        "lon" : -122.142252288,
        "time" : "20140613T170115-0700"
      }, {
        "lat" : 37.4603325489,
        "lon" : -122.1409997051,
        "time" : "20140613T170131-0700"
      }, {
        "lat" : 37.459675786,
        "lon" : -122.1398055839,
        "time" : "20140613T170146-0700"
      }, {
        "lat" : 37.4582968619,
        "lon" : -122.1373299201,
        "time" : "20140613T170208-0700"
      }, {
        "lat" : 37.4568576936,
        "lon" : -122.1348296342,
        "time" : "20140613T170238-0700"
      }, {
        "lat" : 37.4565304536,
        "lon" : -122.1341890833,
        "time" : "20140613T170255-0700"
      }, {
        "lat" : 37.4557599003,
        "lon" : -122.1327562165,
        "time" : "20140613T170324-0700"
      }, {
        "lat" : 37.4551365018,
        "lon" : -122.1317472418,
        "time" : "20140613T170343-0700"
      }, {
        "lat" : 37.4544666583,
        "lon" : -122.1307321455,
        "time" : "20140613T170403-0700"
      }, {
        "lat" : 37.4532401159,
        "lon" : -122.1286357599,
        "time" : "20140613T170436-0700"
      }, {
        "lat" : 37.4525181486,
        "lon" : -122.1276902081,
        "time" : "20140613T170455-0700"
      }, {
        "lat" : 37.451672738,
        "lon" : -122.126727356,
        "time" : "20140613T170511-0700"
      }, {
        "lat" : 37.4512703417,
        "lon" : -122.1262461966,
        "time" : "20140613T170527-0700"
      }, {
        "lat" : 37.4507288644,
        "lon" : -122.125211693,
        "time" : "20140613T170543-0700"
      }, {
        "lat" : 37.4499370086,
        "lon" : -122.1243343615,
        "time" : "20140613T170559-0700"
      }, {
        "lat" : 37.4456930404,
        "lon" : -122.1199677734,
        "time" : "20140613T170811-0700"
      }, {
        "lat" : 37.4441658993,
        "lon" : -122.1185172844,
        "time" : "20140613T170839-0700"
      }, {
        "lat" : 37.4421605694,
        "lon" : -122.1161000569,
        "time" : "20140613T170915-0700"
      }, {
        "lat" : 37.4416289194,
        "lon" : -122.1156083927,
        "time" : "20140613T170931-0700"
      }, {
        "lat" : 37.4400980604,
        "lon" : -122.1139995321,
        "time" : "20140613T170955-0700"
      }, {
        "lat" : 37.4386715536,
        "lon" : -122.1125125012,
        "time" : "20140613T171019-0700"
      }, {
        "lat" : 37.4376201236,
        "lon" : -122.1113328198,
        "time" : "20140613T171038-0700"
      }, {
        "lat" : 37.4364079164,
        "lon" : -122.1101017083,
        "time" : "20140613T171058-0700"
      }, {
        "lat" : 37.4345583241,
        "lon" : -122.1081592093,
        "time" : "20140613T171122-0700"
      }, {
        "lat" : 37.4248996107,
        "lon" : -122.0979710445,
        "time" : "20140613T171337-0700"
      }, {
        "lat" : 37.4239801889,
        "lon" : -122.0966079582,
        "time" : "20140613T171359-0700"
      }, {
        "lat" : 37.4096597197,
        "lon" : -122.0781764658,
        "time" : "20140613T171733-0700"
      }, {
        "lat" : 37.4086820353,
        "lon" : -122.0782041715,
        "time" : "20140613T171750-0700"
      }, {
        "lat" : 37.4085730907,
        "lon" : -122.0781810538,
        "time" : "20140613T171808-0700"
      }, {
        "lat" : 37.4077801145,
        "lon" : -122.0781278795,
        "time" : "20140613T171827-0700"
      }, {
        "lat" : 37.4075760073,
        "lon" : -122.0782682938,
        "time" : "20140613T171845-0700"
      }, {
        "lat" : 37.4070673458,
        "lon" : -122.0797556442,
        "time" : "20140613T171919-0700"
      }, {
        "lat" : 37.4063416606,
        "lon" : -122.0823178047,
        "time" : "20140613T171954-0700"
      }, {
        "lat" : 37.404438526,
        "lon" : -122.0826436971,
        "time" : "20140613T172023-0700"
      }, {
        "lat" : 37.4031259712,
        "lon" : -122.0836869054,
        "time" : "20140613T172044-0700"
      }, {
        "lat" : 37.4028370338,
        "lon" : -122.0842066259,
        "time" : "20140613T172101-0700"
      }, {
        "lat" : 37.4030611709,
        "lon" : -122.085622014,
        "time" : "20140613T172128-0700"
      }, {
        "lat" : 37.403106696,
        "lon" : -122.0857267818,
        "time" : "20140613T172143-0700"
      }, {
        "lat" : 37.4031081248,
        "lon" : -122.0857722596,
        "time" : "20140613T172207-0700"
      }, {
        "lat" : 37.4031069916,
        "lon" : -122.0857648567,
        "time" : "20140613T172225-0700"
      }, {
        "lat" : 37.403099633,
        "lon" : -122.0857613543,
        "time" : "20140613T172243-0700"
      }, {
        "lat" : 37.4030868038,
        "lon" : -122.0857525276,
        "time" : "20140613T172311-0700"
      }, {
        "lat" : 37.4030770774,
        "lon" : -122.0857454793,
        "time" : "20140613T172331-0700"
      }, {
        "lat" : 37.4030713618,
        "lon" : -122.0857413727,
        "time" : "20140613T172351-0700"
      }, {
        "lat" : 37.4030605728,
        "lon" : -122.0857466052,
        "time" : "20140613T172415-0700"
      }, {
        "lat" : 37.4031199955,
        "lon" : -122.0856955704,
        "time" : "20140613T172433-0700"
      }, {
        "lat" : 37.4026646961,
        "lon" : -122.0851397668,
        "time" : "20140613T172459-0700"
      }, {
        "lat" : 37.4030191614,
        "lon" : -122.0848005188,
        "time" : "20140613T172518-0700"
      }, {
        "lat" : 37.4039492014,
        "lon" : -122.0862694892,
        "time" : "20140613T172536-0700"
      }, {
        "lat" : 37.4044507272,
        "lon" : -122.0878247447,
        "time" : "20140613T172554-0700"
      }, {
        "lat" : 37.4047715414,
        "lon" : -122.0888641107,
        "time" : "20140613T172610-0700"
      }, {
        "lat" : 37.4051614396,
        "lon" : -122.0907170009,
        "time" : "20140613T172631-0700"
      }, {
        "lat" : 37.4056451913,
        "lon" : -122.091940016,
        "time" : "20140613T172647-0700"
      }, {
        "lat" : 37.4068976637,
        "lon" : -122.0950556635,
        "time" : "20140613T172715-0700"
      }, {
        "lat" : 37.4069190239,
        "lon" : -122.095084716,
        "time" : "20140613T172733-0700"
      }, {
        "lat" : 37.408120109,
        "lon" : -122.0945231864,
        "time" : "20140613T172750-0700"
      }, {
        "lat" : 37.410377689,
        "lon" : -122.0932093013,
        "time" : "20140613T172809-0700"
      }, {
        "lat" : 37.4112200477,
        "lon" : -122.0926957217,
        "time" : "20140613T172826-0700"
      }, {
        "lat" : 37.4112248404,
        "lon" : -122.0926807006,
        "time" : "20140613T172842-0700"
      }, {
        "lat" : 37.4112719922,
        "lon" : -122.0926454873,
        "time" : "20140613T172910-0700"
      }, {
        "lat" : 37.4126681583,
        "lon" : -122.092412973,
        "time" : "20140613T172925-0700"
      }, {
        "lat" : 37.4145869218,
        "lon" : -122.0927232335,
        "time" : "20140613T172941-0700"
      }, {
        "lat" : 37.4170391611,
        "lon" : -122.0930607456,
        "time" : "20140613T172959-0700"
      }, {
        "lat" : 37.4185188598,
        "lon" : -122.0932575351,
        "time" : "20140613T173015-0700"
      }, {
        "lat" : 37.4189849651,
        "lon" : -122.0935682906,
        "time" : "20140613T173042-0700"
      }, {
        "lat" : 37.4191293162,
        "lon" : -122.0948890038,
        "time" : "20140613T173059-0700"
      }, {
        "lat" : 37.4195520468,
        "lon" : -122.0948476013,
        "time" : "20140613T173116-0700"
      }, {
        "lat" : 37.4195547439,
        "lon" : -122.0942472895,
        "time" : "20140613T173132-0700"
      }, {
        "lat" : 37.4195357024,
        "lon" : -122.0939203761,
        "time" : "20140613T173148-0700"
      }, {
        "lat" : 37.4195126363,
        "lon" : -122.0938726849,
        "time" : "20140613T173215-0700"
      }, {
        "lat" : 37.4191793938,
        "lon" : -122.0939685735,
        "time" : "20140613T173241-0700"
      }, {
        "lat" : 37.419496496,
        "lon" : -122.0940571512,
        "time" : "20140613T173258-0700"
      }, {
        "lat" : 37.4195914951,
        "lon" : -122.0948145284,
        "time" : "20140613T173317-0700"
      }, {
        "lat" : 37.4196435279,
        "lon" : -122.095762907,
        "time" : "20140613T173345-0700"
      }, {
        "lat" : 37.419920589,
        "lon" : -122.0957517532,
        "time" : "20140613T173400-0700"
      } ]
    } ],
    "lastUpdate" : "20140614T024033Z"
  }, {
    "type" : "place",
    "startTime" : "20140613T173400-0700",
    "endTime" : "20140613T173652-0700",
    "place" : {
      "id" : 75869106,
      "type" : "unknown",
      "location" : {
        "lat" : 37.419920589,
        "lon" : -122.0957517532
      }
    },
    "activities" : [ {
      "activity" : "walking",
      "group" : "walking",
      "manual" : false,
      "startTime" : "20140613T173429-0700",
      "endTime" : "20140613T173529-0700",
      "duration" : 60.0,
      "distance" : 55.0,
      "steps" : 111,
      "trackPoints" : [ ]
    } ],
    "lastUpdate" : "20140614T024033Z"
  }, {
    "type" : "move",
    "startTime" : "20140613T173652-0700",
    "endTime" : "20140613T180749-0700",
    "activities" : [ {
      "activity" : "walking",
      "group" : "walking",
      "manual" : false,
      "startTime" : "20140613T173652-0700",
      "endTime" : "20140613T173930-0700",
      "duration" : 158.0,
      "distance" : 85.0,
      "steps" : 171,
      "trackPoints" : [ {
        "lat" : 37.419920589,
        "lon" : -122.0957517532,
        "time" : "20140613T173652-0700"
      }, {
        "lat" : 37.4200182745,
        "lon" : -122.0958767357,
        "time" : "20140613T173726-0700"
      }, {
        "lat" : 37.4200202695,
        "lon" : -122.0958740014,
        "time" : "20140613T173749-0700"
      }, {
        "lat" : 37.4200233435,
        "lon" : -122.0958715578,
        "time" : "20140613T173807-0700"
      }, {
        "lat" : 37.4200365455,
        "lon" : -122.0958740911,
        "time" : "20140613T173825-0700"
      }, {
        "lat" : 37.4199366633,
        "lon" : -122.0957829771,
        "time" : "20140613T173843-0700"
      }, {
        "lat" : 37.419830686,
        "lon" : -122.0956473948,
        "time" : "20140613T173901-0700"
      }, {
        "lat" : 37.419818678,
        "lon" : -122.0956640291,
        "time" : "20140613T173930-0700"
      } ]
    }, {
      "activity" : "transport",
      "group" : "transport",
      "manual" : false,
      "startTime" : "20140613T173930-0700",
      "endTime" : "20140613T175241-0700",
      "duration" : 791.0,
      "distance" : 3915.0,
      "trackPoints" : [ {
        "lat" : 37.419818678,
        "lon" : -122.0956640291,
        "time" : "20140613T173930-0700"
      }, {
        "lat" : 37.4197362241,
        "lon" : -122.0950120515,
        "time" : "20140613T173951-0700"
      }, {
        "lat" : 37.4196912556,
        "lon" : -122.094093083,
        "time" : "20140613T174009-0700"
      }, {
        "lat" : 37.4202075381,
        "lon" : -122.0937260338,
        "time" : "20140613T174037-0700"
      }, {
        "lat" : 37.420255097,
        "lon" : -122.0937217536,
        "time" : "20140613T174053-0700"
      }, {
        "lat" : 37.4215525323,
        "lon" : -122.095645874,
        "time" : "20140613T174323-0700"
      }, {
        "lat" : 37.4216119465,
        "lon" : -122.0965916837,
        "time" : "20140613T174339-0700"
      }, {
        "lat" : 37.4216169022,
        "lon" : -122.0966504913,
        "time" : "20140613T174355-0700"
      }, {
        "lat" : 37.421773355,
        "lon" : -122.0999297528,
        "time" : "20140613T174424-0700"
      }, {
        "lat" : 37.4218679169,
        "lon" : -122.1012862497,
        "time" : "20140613T174447-0700"
      }, {
        "lat" : 37.4218738229,
        "lon" : -122.1013207563,
        "time" : "20140613T174516-0700"
      }, {
        "lat" : 37.4200425229,
        "lon" : -122.1019957608,
        "time" : "20140613T174537-0700"
      }, {
        "lat" : 37.4178015388,
        "lon" : -122.1027943971,
        "time" : "20140613T174554-0700"
      }, {
        "lat" : 37.4173727218,
        "lon" : -122.1029771542,
        "time" : "20140613T174610-0700"
      }, {
        "lat" : 37.417354448,
        "lon" : -122.1029923548,
        "time" : "20140613T174627-0700"
      }, {
        "lat" : 37.4155892305,
        "lon" : -122.1037467331,
        "time" : "20140613T174655-0700"
      }, {
        "lat" : 37.4133761698,
        "lon" : -122.1048906359,
        "time" : "20140613T174714-0700"
      }, {
        "lat" : 37.4115053482,
        "lon" : -122.1065199492,
        "time" : "20140613T174730-0700"
      }, {
        "lat" : 37.4081722764,
        "lon" : -122.1084003542,
        "time" : "20140613T174757-0700"
      }, {
        "lat" : 37.4070057381,
        "lon" : -122.1100940432,
        "time" : "20140613T174812-0700"
      }, {
        "lat" : 37.405347236,
        "lon" : -122.1112358016,
        "time" : "20140613T174835-0700"
      }, {
        "lat" : 37.4035434544,
        "lon" : -122.1122546373,
        "time" : "20140613T174902-0700"
      }, {
        "lat" : 37.4035295458,
        "lon" : -122.1122630401,
        "time" : "20140613T174920-0700"
      }, {
        "lat" : 37.4035188556,
        "lon" : -122.1122705466,
        "time" : "20140613T174936-0700"
      }, {
        "lat" : 37.4034443974,
        "lon" : -122.1123154328,
        "time" : "20140613T174951-0700"
      }, {
        "lat" : 37.4028712012,
        "lon" : -122.1119198674,
        "time" : "20140613T175007-0700"
      }, {
        "lat" : 37.4032977103,
        "lon" : -122.1111693895,
        "time" : "20140613T175027-0700"
      }, {
        "lat" : 37.4031946446,
        "lon" : -122.1107066369,
        "time" : "20140613T175043-0700"
      }, {
        "lat" : 37.4031244996,
        "lon" : -122.1104535562,
        "time" : "20140613T175058-0700"
      }, {
        "lat" : 37.4027855896,
        "lon" : -122.1090347961,
        "time" : "20140613T175128-0700"
      }, {
        "lat" : 37.4025746004,
        "lon" : -122.1080682924,
        "time" : "20140613T175152-0700"
      }, {
        "lat" : 37.4020706459,
        "lon" : -122.10727223,
        "time" : "20140613T175208-0700"
      }, {
        "lat" : 37.4016500947,
        "lon" : -122.1073490865,
        "time" : "20140613T175224-0700"
      }, {
        "lat" : 37.4015396611,
        "lon" : -122.1067747996,
        "time" : "20140613T175240-0700"
      } ]
    }, {
      "activity" : "walking",
      "group" : "walking",
      "manual" : false,
      "startTime" : "20140613T175240-0700",
      "endTime" : "20140613T175910-0700",
      "duration" : 390.0,
      "distance" : 279.0,
      "steps" : 447,
      "trackPoints" : [ {
        "lat" : 37.4015396611,
        "lon" : -122.1067747996,
        "time" : "20140613T175240-0700"
      }, {
        "lat" : 37.4014803887,
        "lon" : -122.1067090022,
        "time" : "20140613T175256-0700"
      }, {
        "lat" : 37.401208197,
        "lon" : -122.1063359099,
        "time" : "20140613T175316-0700"
      }, {
        "lat" : 37.4010832262,
        "lon" : -122.1062326593,
        "time" : "20140613T175337-0700"
      }, {
        "lat" : 37.4009577439,
        "lon" : -122.1061674446,
        "time" : "20140613T175404-0700"
      }, {
        "lat" : 37.4008669224,
        "lon" : -122.106170512,
        "time" : "20140613T175425-0700"
      }, {
        "lat" : 37.4008541397,
        "lon" : -122.1061858653,
        "time" : "20140613T175456-0700"
      }, {
        "lat" : 37.4008518525,
        "lon" : -122.1061799817,
        "time" : "20140613T175512-0700"
      }, {
        "lat" : 37.4008431481,
        "lon" : -122.1061690454,
        "time" : "20140613T175528-0700"
      }, {
        "lat" : 37.4008048386,
        "lon" : -122.106148674,
        "time" : "20140613T175548-0700"
      }, {
        "lat" : 37.4007530717,
        "lon" : -122.1060994731,
        "time" : "20140613T175604-0700"
      }, {
        "lat" : 37.4006861276,
        "lon" : -122.1060301642,
        "time" : "20140613T175629-0700"
      }, {
        "lat" : 37.4006899609,
        "lon" : -122.1060446351,
        "time" : "20140613T175647-0700"
      }, {
        "lat" : 37.4006564357,
        "lon" : -122.1062506538,
        "time" : "20140613T175708-0700"
      }, {
        "lat" : 37.4007515768,
        "lon" : -122.1062845059,
        "time" : "20140613T175724-0700"
      }, {
        "lat" : 37.4008837733,
        "lon" : -122.1062977565,
        "time" : "20140613T175740-0700"
      }, {
        "lat" : 37.4009973037,
        "lon" : -122.106303064,
        "time" : "20140613T175801-0700"
      }, {
        "lat" : 37.4011818712,
        "lon" : -122.1064810252,
        "time" : "20140613T175833-0700"
      }, {
        "lat" : 37.4014547271,
        "lon" : -122.1069420562,
        "time" : "20140613T175854-0700"
      }, {
        "lat" : 37.4015941281,
        "lon" : -122.1069963664,
        "time" : "20140613T175911-0700"
      } ]
    }, {
      "activity" : "transport",
      "group" : "transport",
      "manual" : false,
      "startTime" : "20140613T175911-0700",
      "endTime" : "20140613T180750-0700",
      "duration" : 519.0,
      "distance" : 3095.0,
      "trackPoints" : [ {
        "lat" : 37.4015941281,
        "lon" : -122.1069963664,
        "time" : "20140613T175911-0700"
      }, {
        "lat" : 37.4015418168,
        "lon" : -122.1067768613,
        "time" : "20140613T175934-0700"
      }, {
        "lat" : 37.4016456429,
        "lon" : -122.1069423225,
        "time" : "20140613T175959-0700"
      }, {
        "lat" : 37.4016559495,
        "lon" : -122.1069401403,
        "time" : "20140613T175959-0700"
      }, {
        "lat" : 37.4016563178,
        "lon" : -122.1069400623,
        "time" : "20140613T180000-0700"
      }, {
        "lat" : 37.4026840058,
        "lon" : -122.1067224711,
        "time" : "20140613T180027-0700"
      }, {
        "lat" : 37.4016804143,
        "lon" : -122.1045153481,
        "time" : "20140613T180054-0700"
      }, {
        "lat" : 37.4003884563,
        "lon" : -122.1021636287,
        "time" : "20140613T180115-0700"
      }, {
        "lat" : 37.3993262814,
        "lon" : -122.10066119,
        "time" : "20140613T180135-0700"
      }, {
        "lat" : 37.3991279723,
        "lon" : -122.1001688718,
        "time" : "20140613T180207-0700"
      }, {
        "lat" : 37.4013593727,
        "lon" : -122.0983187292,
        "time" : "20140613T180231-0700"
      }, {
        "lat" : 37.4017864384,
        "lon" : -122.0982285851,
        "time" : "20140613T180259-0700"
      }, {
        "lat" : 37.4018221091,
        "lon" : -122.0982512509,
        "time" : "20140613T180318-0700"
      }, {
        "lat" : 37.4018238417,
        "lon" : -122.0982447951,
        "time" : "20140613T180336-0700"
      }, {
        "lat" : 37.401857307,
        "lon" : -122.0980430867,
        "time" : "20140613T180400-0700"
      }, {
        "lat" : 37.4025389888,
        "lon" : -122.0952757507,
        "time" : "20140613T180443-0700"
      }, {
        "lat" : 37.4005653872,
        "lon" : -122.0908988771,
        "time" : "20140613T180508-0700"
      }, {
        "lat" : 37.4007333597,
        "lon" : -122.0907086681,
        "time" : "20140613T180535-0700"
      }, {
        "lat" : 37.4006873563,
        "lon" : -122.0907342156,
        "time" : "20140613T180558-0700"
      }, {
        "lat" : 37.4021068335,
        "lon" : -122.0901000892,
        "time" : "20140613T180632-0700"
      }, {
        "lat" : 37.4025060128,
        "lon" : -122.089201516,
        "time" : "20140613T180651-0700"
      }, {
        "lat" : 37.4018831931,
        "lon" : -122.0871223432,
        "time" : "20140613T180711-0700"
      }, {
        "lat" : 37.4037647898,
        "lon" : -122.0865468136,
        "time" : "20140613T180731-0700"
      }, {
        "lat" : 37.4033396014,
        "lon" : -122.0854525385,
        "time" : "20140613T180749-0700"
      } ]
    } ],
    "lastUpdate" : "20140614T024033Z"
  }, {
    "type" : "place",
    "startTime" : "20140613T180749-0700",
    "endTime" : "20140613T184515-0700",
    "place" : {
      "id" : 75869123,
      "type" : "unknown",
      "location" : {
        "lat" : 37.4033396014,
        "lon" : -122.0854525385
      }
    },
    "activities" : [ {
      "activity" : "walking",
      "group" : "walking",
      "manual" : false,
      "startTime" : "20140613T180842-0700",
      "endTime" : "20140613T181242-0700",
      "duration" : 240.0,
      "distance" : 266.0,
      "steps" : 354,
      "trackPoints" : [ ]
    } ],
    "lastUpdate" : "20140614T024042Z"
  }, {
    "type" : "move",
    "startTime" : "20140613T184515-0700",
    "endTime" : "20140613T185033-0700",
    "activities" : [ {
      "activity" : "transport",
      "group" : "transport",
      "manual" : false,
      "startTime" : "20140613T184515-0700",
      "endTime" : "20140613T185033-0700",
      "duration" : 318.0,
      "distance" : 2584.0,
      "trackPoints" : [ {
        "lat" : 37.4033396014,
        "lon" : -122.0854525385,
        "time" : "20140613T184515-0700"
      }, {
        "lat" : 37.3935169023,
        "lon" : -122.0846223467,
        "time" : "20140613T184742-0700"
      }, {
        "lat" : 37.3910851488,
        "lon" : -122.0862023222,
        "time" : "20140613T184807-0700"
      }, {
        "lat" : 37.3895579296,
        "lon" : -122.087493742,
        "time" : "20140613T184823-0700"
      }, {
        "lat" : 37.3888309564,
        "lon" : -122.0879331986,
        "time" : "20140613T184843-0700"
      }, {
        "lat" : 37.3886239018,
        "lon" : -122.0881586329,
        "time" : "20140613T184914-0700"
      }, {
        "lat" : 37.3884499245,
        "lon" : -122.0892579017,
        "time" : "20140613T184937-0700"
      }, {
        "lat" : 37.3897917472,
        "lon" : -122.0920633049,
        "time" : "20140613T184958-0700"
      }, {
        "lat" : 37.3905365585,
        "lon" : -122.094347096,
        "time" : "20140613T185016-0700"
      }, {
        "lat" : 37.3904241358,
        "lon" : -122.0948432734,
        "time" : "20140613T185033-0700"
      } ]
    } ],
    "lastUpdate" : "20140614T024042Z"
  }, {
    "type" : "place",
    "startTime" : "20140613T185033-0700",
    "endTime" : "20140613T192238-0700",
    "place" : {
      "id" : 75869156,
      "type" : "unknown",
      "location" : {
        "lat" : 37.3904241358,
        "lon" : -122.0948432734
      }
    },
    "activities" : [ {
      "activity" : "walking",
      "group" : "walking",
      "manual" : false,
      "startTime" : "20140613T185325-0700",
      "endTime" : "20140613T185525-0700",
      "duration" : 120.0,
      "distance" : 137.0,
      "steps" : 183,
      "trackPoints" : [ ]
    }, {
      "activity" : "walking",
      "group" : "walking",
      "manual" : false,
      "startTime" : "20140613T190544-0700",
      "endTime" : "20140613T190817-0700",
      "duration" : 153.0,
      "distance" : 218.0,
      "steps" : 290,
      "trackPoints" : [ ]
    } ],
    "lastUpdate" : "20140614T055024Z"
  }, {
    "type" : "move",
    "startTime" : "20140613T192238-0700",
    "endTime" : "20140613T193036-0700",
    "activities" : [ {
      "activity" : "transport",
      "group" : "transport",
      "manual" : false,
      "startTime" : "20140613T192238-0700",
      "endTime" : "20140613T193036-0700",
      "duration" : 478.0,
      "distance" : 5016.0,
      "trackPoints" : [ {
        "lat" : 37.3904241358,
        "lon" : -122.0948432734,
        "time" : "20140613T192238-0700"
      }, {
        "lat" : 37.3901591918,
        "lon" : -122.0958776758,
        "time" : "20140613T192258-0700"
      }, {
        "lat" : 37.3892548423,
        "lon" : -122.0960368358,
        "time" : "20140613T192314-0700"
      }, {
        "lat" : 37.3860659759,
        "lon" : -122.0961485461,
        "time" : "20140613T192345-0700"
      }, {
        "lat" : 37.3846616768,
        "lon" : -122.097668368,
        "time" : "20140613T192407-0700"
      }, {
        "lat" : 37.3733172527,
        "lon" : -122.1083281807,
        "time" : "20140613T192628-0700"
      }, {
        "lat" : 37.3711543676,
        "lon" : -122.1102934795,
        "time" : "20140613T192654-0700"
      }, {
        "lat" : 37.3697852948,
        "lon" : -122.1116417855,
        "time" : "20140613T192711-0700"
      }, {
        "lat" : 37.3650903638,
        "lon" : -122.1161174738,
        "time" : "20140613T192751-0700"
      }, {
        "lat" : 37.3605032989,
        "lon" : -122.125238605,
        "time" : "20140613T193021-0700"
      }, {
        "lat" : 37.3604759671,
        "lon" : -122.1249748322,
        "time" : "20140613T193036-0700"
      } ]
    } ],
    "lastUpdate" : "20140614T055024Z"
  }, {
    "type" : "place",
    "startTime" : "20140613T193036-0700",
    "endTime" : "20140613T205334-0700",
    "place" : {
      "id" : 75906258,
      "type" : "unknown",
      "location" : {
        "lat" : 37.3603739596,
        "lon" : -122.1242441011
      }
    },
    "activities" : [ {
      "activity" : "walking",
      "group" : "walking",
      "manual" : false,
      "startTime" : "20140613T193733-0700",
      "endTime" : "20140613T194051-0700",
      "duration" : 198.0,
      "distance" : 201.0,
      "steps" : 269,
      "trackPoints" : [ ]
    }, {
      "activity" : "walking",
      "group" : "walking",
      "manual" : false,
      "startTime" : "20140613T203627-0700",
      "endTime" : "20140613T203727-0700",
      "duration" : 60.0,
      "distance" : 30.0,
      "steps" : 60,
      "trackPoints" : [ ]
    } ],
    "lastUpdate" : "20140614T055043Z"
  }, {
    "type" : "move",
    "startTime" : "20140613T205334-0700",
    "endTime" : "20140613T205936-0700",
    "activities" : [ {
      "activity" : "cycling",
      "group" : "cycling",
      "manual" : false,
      "startTime" : "20140613T205334-0700",
      "endTime" : "20140613T205937-0700",
      "duration" : 363.0,
      "distance" : 364.0,
      "trackPoints" : [ {
        "lat" : 37.3603739596,
        "lon" : -122.1242441011,
        "time" : "20140613T205334-0700"
      }, {
        "lat" : 37.3614045639,
        "lon" : -122.1235648188,
        "time" : "20140613T205357-0700"
      }, {
        "lat" : 37.3615171099,
        "lon" : -122.1234901262,
        "time" : "20140613T205424-0700"
      }, {
        "lat" : 37.3616161946,
        "lon" : -122.1234404853,
        "time" : "20140613T205449-0700"
      }, {
        "lat" : 37.3615651474,
        "lon" : -122.1234980645,
        "time" : "20140613T205514-0700"
      }, {
        "lat" : 37.3604008644,
        "lon" : -122.1242310709,
        "time" : "20140613T205610-0700"
      }, {
        "lat" : 37.3604019553,
        "lon" : -122.1242317828,
        "time" : "20140613T205628-0700"
      }, {
        "lat" : 37.3604018067,
        "lon" : -122.1242315292,
        "time" : "20140613T205645-0700"
      }, {
        "lat" : 37.3603829086,
        "lon" : -122.1242200161,
        "time" : "20140613T205724-0700"
      }, {
        "lat" : 37.3603718953,
        "lon" : -122.1241968837,
        "time" : "20140613T205837-0700"
      }, {
        "lat" : 37.3603739596,
        "lon" : -122.1242441011,
        "time" : "20140613T205936-0700"
      } ]
    } ],
    "lastUpdate" : "20140614T055043Z"
  }, {
    "type" : "place",
    "startTime" : "20140613T205937-0700",
    "endTime" : "20140613T214034-0700",
    "place" : {
      "id" : 75906258,
      "type" : "unknown",
      "location" : {
        "lat" : 37.3603739596,
        "lon" : -122.1242441011
      }
    },
    "activities" : [ {
      "activity" : "walking",
      "group" : "walking",
      "manual" : false,
      "startTime" : "20140613T212804-0700",
      "endTime" : "20140613T212834-0700",
      "duration" : 30.0,
      "distance" : 15.0,
      "steps" : 20,
      "trackPoints" : [ ]
    } ],
    "lastUpdate" : "20140614T085437Z"
  }, {
    "type" : "move",
    "startTime" : "20140613T214034-0700",
    "endTime" : "20140613T225016-0700",
    "activities" : [ {
      "activity" : "walking",
      "group" : "walking",
      "manual" : false,
      "startTime" : "20140613T214034-0700",
      "endTime" : "20140613T214305-0700",
      "duration" : 151.0,
      "distance" : 104.0,
      "steps" : 184,
      "trackPoints" : [ {
        "lat" : 37.3603739596,
        "lon" : -122.1242441011,
        "time" : "20140613T214034-0700"
      }, {
        "lat" : 37.3605522495,
        "lon" : -122.1243501676,
        "time" : "20140613T214049-0700"
      }, {
        "lat" : 37.3605694515,
        "lon" : -122.1244831904,
        "time" : "20140613T214105-0700"
      }, {
        "lat" : 37.3605361368,
        "lon" : -122.1246050827,
        "time" : "20140613T214129-0700"
      }, {
        "lat" : 37.3605118072,
        "lon" : -122.1246692897,
        "time" : "20140613T214146-0700"
      }, {
        "lat" : 37.3604654848,
        "lon" : -122.1247896697,
        "time" : "20140613T214210-0700"
      }, {
        "lat" : 37.3603926847,
        "lon" : -122.1249348526,
        "time" : "20140613T214235-0700"
      }, {
        "lat" : 37.3602993621,
        "lon" : -122.12511469,
        "time" : "20140613T214305-0700"
      } ]
    }, {
      "activity" : "transport",
      "group" : "transport",
      "manual" : false,
      "startTime" : "20140613T214305-0700",
      "endTime" : "20140613T225017-0700",
      "duration" : 4032.0,
      "distance" : 73124.0,
      "trackPoints" : [ {
        "lat" : 37.3602993621,
        "lon" : -122.12511469,
        "time" : "20140613T214305-0700"
      }, {
        "lat" : 37.360215696,
        "lon" : -122.125229416,
        "time" : "20140613T214324-0700"
      }, {
        "lat" : 37.3600483862,
        "lon" : -122.1263968925,
        "time" : "20140613T214505-0700"
      }, {
        "lat" : 37.3599468651,
        "lon" : -122.1264907275,
        "time" : "20140613T214528-0700"
      }, {
        "lat" : 37.3597977654,
        "lon" : -122.124095906,
        "time" : "20140613T214547-0700"
      }, {
        "lat" : 37.3629417001,
        "lon" : -122.1183055177,
        "time" : "20140613T214701-0700"
      }, {
        "lat" : 37.3673403934,
        "lon" : -122.1139437786,
        "time" : "20140613T214736-0700"
      }, {
        "lat" : 37.3693201429,
        "lon" : -122.1119249006,
        "time" : "20140613T214754-0700"
      }, {
        "lat" : 37.3703753029,
        "lon" : -122.1107661916,
        "time" : "20140613T214813-0700"
      }, {
        "lat" : 37.3719778135,
        "lon" : -122.1093060476,
        "time" : "20140613T214839-0700"
      }, {
        "lat" : 37.3742261646,
        "lon" : -122.1075476387,
        "time" : "20140613T214900-0700"
      }, {
        "lat" : 37.3755344374,
        "lon" : -122.1062000292,
        "time" : "20140613T214915-0700"
      }, {
        "lat" : 37.3776331834,
        "lon" : -122.1042839236,
        "time" : "20140613T214943-0700"
      }, {
        "lat" : 37.3798521834,
        "lon" : -122.102179569,
        "time" : "20140613T215004-0700"
      }, {
        "lat" : 37.3818634583,
        "lon" : -122.1009483132,
        "time" : "20140613T215023-0700"
      }, {
        "lat" : 37.3828032409,
        "lon" : -122.0993286316,
        "time" : "20140613T215038-0700"
      }, {
        "lat" : 37.3849667734,
        "lon" : -122.0974351599,
        "time" : "20140613T215057-0700"
      }, {
        "lat" : 37.3873147987,
        "lon" : -122.0959785297,
        "time" : "20140613T215130-0700"
      }, {
        "lat" : 37.3905920825,
        "lon" : -122.0956868591,
        "time" : "20140613T215152-0700"
      }, {
        "lat" : 37.391735709,
        "lon" : -122.0955829585,
        "time" : "20140613T215208-0700"
      }, {
        "lat" : 37.3916689785,
        "lon" : -122.0953938845,
        "time" : "20140613T215228-0700"
      }, {
        "lat" : 37.3901539618,
        "lon" : -122.0929121905,
        "time" : "20140613T215255-0700"
      }, {
        "lat" : 37.3883594665,
        "lon" : -122.0893463214,
        "time" : "20140613T215317-0700"
      }, {
        "lat" : 37.3881517774,
        "lon" : -122.0886649768,
        "time" : "20140613T215333-0700"
      }, {
        "lat" : 37.3881483747,
        "lon" : -122.0881125465,
        "time" : "20140613T215349-0700"
      }, {
        "lat" : 37.3902951472,
        "lon" : -122.0864789655,
        "time" : "20140613T215413-0700"
      }, {
        "lat" : 37.3927409943,
        "lon" : -122.0849911018,
        "time" : "20140613T215448-0700"
      }, {
        "lat" : 37.3938104762,
        "lon" : -122.0844390496,
        "time" : "20140613T215511-0700"
      }, {
        "lat" : 37.3951942561,
        "lon" : -122.083428596,
        "time" : "20140613T215532-0700"
      }, {
        "lat" : 37.4004253021,
        "lon" : -122.0847313652,
        "time" : "20140613T215712-0700"
      }, {
        "lat" : 37.4011794622,
        "lon" : -122.0848754968,
        "time" : "20140613T215728-0700"
      }, {
        "lat" : 37.4030470705,
        "lon" : -122.0856098631,
        "time" : "20140613T215755-0700"
      }, {
        "lat" : 37.4031138877,
        "lon" : -122.0856620369,
        "time" : "20140613T215813-0700"
      }, {
        "lat" : 37.4031731347,
        "lon" : -122.0855843068,
        "time" : "20140613T215828-0700"
      }, {
        "lat" : 37.4032006661,
        "lon" : -122.0855022821,
        "time" : "20140613T215857-0700"
      }, {
        "lat" : 37.4032881676,
        "lon" : -122.0854350877,
        "time" : "20140613T215920-0700"
      }, {
        "lat" : 37.4033952893,
        "lon" : -122.0855036923,
        "time" : "20140613T215937-0700"
      }, {
        "lat" : 37.4033952893,
        "lon" : -122.0855036923,
        "time" : "20140613T215959-0700"
      }, {
        "lat" : 37.4033952893,
        "lon" : -122.0855036923,
        "time" : "20140613T215959-0700"
      }, {
        "lat" : 37.4033952893,
        "lon" : -122.0855036923,
        "time" : "20140613T220000-0700"
      }, {
        "lat" : 37.4033952893,
        "lon" : -122.0855036923,
        "time" : "20140613T220024-0700"
      }, {
        "lat" : 37.4033373093,
        "lon" : -122.085409928,
        "time" : "20140613T220048-0700"
      }, {
        "lat" : 37.4032891851,
        "lon" : -122.0854027922,
        "time" : "20140613T220103-0700"
      }, {
        "lat" : 37.4032849362,
        "lon" : -122.085429417,
        "time" : "20140613T220120-0700"
      }, {
        "lat" : 37.4032802564,
        "lon" : -122.0854558184,
        "time" : "20140613T220140-0700"
      }, {
        "lat" : 37.4032802564,
        "lon" : -122.0854558184,
        "time" : "20140613T220203-0700"
      }, {
        "lat" : 37.4032803319,
        "lon" : -122.0854555522,
        "time" : "20140613T220227-0700"
      }, {
        "lat" : 37.4032812138,
        "lon" : -122.0854529388,
        "time" : "20140613T220251-0700"
      }, {
        "lat" : 37.4032820746,
        "lon" : -122.0854491394,
        "time" : "20140613T220311-0700"
      }, {
        "lat" : 37.4032795057,
        "lon" : -122.0854513515,
        "time" : "20140613T220334-0700"
      }, {
        "lat" : 37.4032685611,
        "lon" : -122.0854630178,
        "time" : "20140613T220355-0700"
      }, {
        "lat" : 37.4032475516,
        "lon" : -122.0854931335,
        "time" : "20140613T220420-0700"
      }, {
        "lat" : 37.4032298373,
        "lon" : -122.0855225177,
        "time" : "20140613T220437-0700"
      }, {
        "lat" : 37.4030893715,
        "lon" : -122.0857364487,
        "time" : "20140613T220458-0700"
      }, {
        "lat" : 37.40304144,
        "lon" : -122.0856058532,
        "time" : "20140613T220517-0700"
      }, {
        "lat" : 37.4029144046,
        "lon" : -122.08471993,
        "time" : "20140613T220547-0700"
      }, {
        "lat" : 37.4029244271,
        "lon" : -122.0838291851,
        "time" : "20140613T220603-0700"
      }, {
        "lat" : 37.4030098974,
        "lon" : -122.0834561529,
        "time" : "20140613T220620-0700"
      }, {
        "lat" : 37.4055668673,
        "lon" : -122.0828945126,
        "time" : "20140613T220650-0700"
      }, {
        "lat" : 37.4072800946,
        "lon" : -122.0811968051,
        "time" : "20140613T220714-0700"
      }, {
        "lat" : 37.407119746,
        "lon" : -122.0798887306,
        "time" : "20140613T220736-0700"
      }, {
        "lat" : 37.4063473473,
        "lon" : -122.0782996801,
        "time" : "20140613T220757-0700"
      }, {
        "lat" : 37.4063102849,
        "lon" : -122.0783531601,
        "time" : "20140613T220829-0700"
      }, {
        "lat" : 37.4083743292,
        "lon" : -122.0780613898,
        "time" : "20140613T220856-0700"
      }, {
        "lat" : 37.4103533736,
        "lon" : -122.0781030437,
        "time" : "20140613T220911-0700"
      }, {
        "lat" : 37.3996415776,
        "lon" : -122.0702203986,
        "time" : "20140613T221050-0700"
      }, {
        "lat" : 37.3789826087,
        "lon" : -122.0680762865,
        "time" : "20140613T221202-0700"
      }, {
        "lat" : 37.3737810031,
        "lon" : -122.0676121076,
        "time" : "20140613T221217-0700"
      }, {
        "lat" : 37.3697592833,
        "lon" : -122.0656180365,
        "time" : "20140613T221232-0700"
      }, {
        "lat" : 37.3647593743,
        "lon" : -122.0630641945,
        "time" : "20140613T221251-0700"
      }, {
        "lat" : 37.3602998078,
        "lon" : -122.063016913,
        "time" : "20140613T221307-0700"
      }, {
        "lat" : 37.353836084,
        "lon" : -122.0614415975,
        "time" : "20140613T221331-0700"
      }, {
        "lat" : 37.3483050922,
        "lon" : -122.0599571358,
        "time" : "20140613T221351-0700"
      }, {
        "lat" : 37.342637257,
        "lon" : -122.0599027494,
        "time" : "20140613T221411-0700"
      }, {
        "lat" : 37.3340651432,
        "lon" : -122.0577064685,
        "time" : "20140613T221444-0700"
      }, {
        "lat" : 37.3307146647,
        "lon" : -122.0540896825,
        "time" : "20140613T221500-0700"
      }, {
        "lat" : 37.3269154068,
        "lon" : -122.051138861,
        "time" : "20140613T221515-0700"
      }, {
        "lat" : 37.3188528518,
        "lon" : -122.0477166476,
        "time" : "20140613T221545-0700"
      }, {
        "lat" : 37.3059376372,
        "lon" : -122.0380100759,
        "time" : "20140613T221637-0700"
      }, {
        "lat" : 37.3024858274,
        "lon" : -122.0341282118,
        "time" : "20140613T221653-0700"
      }, {
        "lat" : 37.2952379308,
        "lon" : -122.0270395587,
        "time" : "20140613T221725-0700"
      }, {
        "lat" : 37.2902328946,
        "lon" : -122.0227864766,
        "time" : "20140613T221743-0700"
      }, {
        "lat" : 37.2847099225,
        "lon" : -122.0179461085,
        "time" : "20140613T221808-0700"
      }, {
        "lat" : 37.2787565059,
        "lon" : -122.0103099992,
        "time" : "20140613T221834-0700"
      }, {
        "lat" : 37.2754940089,
        "lon" : -122.0053425408,
        "time" : "20140613T221851-0700"
      }, {
        "lat" : 37.2733721259,
        "lon" : -122.0005223525,
        "time" : "20140613T221906-0700"
      }, {
        "lat" : 37.2718475229,
        "lon" : -121.9955034016,
        "time" : "20140613T221921-0700"
      }, {
        "lat" : 37.2680720903,
        "lon" : -121.9872636275,
        "time" : "20140613T221948-0700"
      }, {
        "lat" : 37.2593317356,
        "lon" : -121.9684794524,
        "time" : "20140613T222045-0700"
      }, {
        "lat" : 37.2580028621,
        "lon" : -121.9615076584,
        "time" : "20140613T222107-0700"
      }, {
        "lat" : 37.2391436372,
        "lon" : -121.9685352137,
        "time" : "20140613T222234-0700"
      }, {
        "lat" : 37.2320349842,
        "lon" : -121.9721211874,
        "time" : "20140613T222300-0700"
      }, {
        "lat" : 37.2264777128,
        "lon" : -121.9752379274,
        "time" : "20140613T222321-0700"
      }, {
        "lat" : 37.22179949,
        "lon" : -121.9815462237,
        "time" : "20140613T222347-0700"
      }, {
        "lat" : 37.1876775672,
        "lon" : -121.9914073946,
        "time" : "20140613T222634-0700"
      }, {
        "lat" : 37.1833196141,
        "lon" : -121.9926189468,
        "time" : "20140613T222653-0700"
      }, {
        "lat" : 37.179797103,
        "lon" : -121.9945534453,
        "time" : "20140613T222710-0700"
      }, {
        "lat" : 37.1584388058,
        "lon" : -121.9826532047,
        "time" : "20140613T222931-0700"
      }, {
        "lat" : 37.1534867748,
        "lon" : -121.9853315215,
        "time" : "20140613T223006-0700"
      }, {
        "lat" : 37.1445291551,
        "lon" : -121.9846647787,
        "time" : "20140613T223059-0700"
      }, {
        "lat" : 37.1412379196,
        "lon" : -121.9851465121,
        "time" : "20140613T223115-0700"
      }, {
        "lat" : 37.1361338925,
        "lon" : -121.9844509516,
        "time" : "20140613T223141-0700"
      }, {
        "lat" : 37.1335005222,
        "lon" : -121.9818625363,
        "time" : "20140613T223158-0700"
      }, {
        "lat" : 37.1305409509,
        "lon" : -121.978714126,
        "time" : "20140613T223217-0700"
      }, {
        "lat" : 37.1259364001,
        "lon" : -121.9736628774,
        "time" : "20140613T223244-0700"
      }, {
        "lat" : 37.12175621,
        "lon" : -121.9743379821,
        "time" : "20140613T223307-0700"
      }, {
        "lat" : 37.1190490833,
        "lon" : -121.9756427616,
        "time" : "20140613T223324-0700"
      }, {
        "lat" : 37.1147548032,
        "lon" : -121.9748278864,
        "time" : "20140613T223346-0700"
      }, {
        "lat" : 37.1117734084,
        "lon" : -121.9760935731,
        "time" : "20140613T223403-0700"
      }, {
        "lat" : 37.1082689068,
        "lon" : -121.977225993,
        "time" : "20140613T223420-0700"
      }, {
        "lat" : 37.1057823462,
        "lon" : -121.9751022721,
        "time" : "20140613T223436-0700"
      }, {
        "lat" : 37.1022792474,
        "lon" : -121.9777497722,
        "time" : "20140613T223458-0700"
      }, {
        "lat" : 37.098467002,
        "lon" : -121.9754808255,
        "time" : "20140613T223516-0700"
      }, {
        "lat" : 37.0954349102,
        "lon" : -121.9766067704,
        "time" : "20140613T223532-0700"
      }, {
        "lat" : 37.0919775492,
        "lon" : -121.9786397346,
        "time" : "20140613T223550-0700"
      }, {
        "lat" : 37.087737682,
        "lon" : -121.9785161576,
        "time" : "20140613T223610-0700"
      }, {
        "lat" : 37.0841293499,
        "lon" : -121.9775344481,
        "time" : "20140613T223629-0700"
      }, {
        "lat" : 37.0806119365,
        "lon" : -121.977525782,
        "time" : "20140613T223645-0700"
      }, {
        "lat" : 37.077956064,
        "lon" : -121.9808942144,
        "time" : "20140613T223701-0700"
      }, {
        "lat" : 37.0765508452,
        "lon" : -121.9855350266,
        "time" : "20140613T223717-0700"
      }, {
        "lat" : 37.0731615269,
        "lon" : -121.9898525056,
        "time" : "20140613T223737-0700"
      }, {
        "lat" : 37.0696497284,
        "lon" : -121.9933915201,
        "time" : "20140613T223755-0700"
      }, {
        "lat" : 37.0666300171,
        "lon" : -121.9978709016,
        "time" : "20140613T223812-0700"
      }, {
        "lat" : 37.0641687141,
        "lon" : -122.0026528595,
        "time" : "20140613T223829-0700"
      }, {
        "lat" : 37.0603289798,
        "lon" : -122.0051459544,
        "time" : "20140613T223846-0700"
      }, {
        "lat" : 37.0558472075,
        "lon" : -122.0074515937,
        "time" : "20140613T223903-0700"
      }, {
        "lat" : 37.0498747793,
        "lon" : -122.011355173,
        "time" : "20140613T223927-0700"
      }, {
        "lat" : 37.0457582033,
        "lon" : -122.0143972672,
        "time" : "20140613T223942-0700"
      }, {
        "lat" : 37.0412188118,
        "lon" : -122.0165377607,
        "time" : "20140613T223958-0700"
      }, {
        "lat" : 37.0368532323,
        "lon" : -122.0191439431,
        "time" : "20140613T224015-0700"
      }, {
        "lat" : 37.0312011547,
        "lon" : -122.0229398034,
        "time" : "20140613T224040-0700"
      }, {
        "lat" : 37.0272993045,
        "lon" : -122.0250009963,
        "time" : "20140613T224056-0700"
      }, {
        "lat" : 37.0226600549,
        "lon" : -122.0268770931,
        "time" : "20140613T224115-0700"
      }, {
        "lat" : 37.0186618799,
        "lon" : -122.0279717469,
        "time" : "20140613T224131-0700"
      }, {
        "lat" : 37.0146974394,
        "lon" : -122.025451465,
        "time" : "20140613T224149-0700"
      }, {
        "lat" : 37.0088137278,
        "lon" : -122.0217934713,
        "time" : "20140613T224213-0700"
      }, {
        "lat" : 37.0039156148,
        "lon" : -122.0206447956,
        "time" : "20140613T224230-0700"
      }, {
        "lat" : 37.0000883437,
        "lon" : -122.0216290037,
        "time" : "20140613T224246-0700"
      }, {
        "lat" : 36.9958290645,
        "lon" : -122.0195690866,
        "time" : "20140613T224305-0700"
      }, {
        "lat" : 36.9920149497,
        "lon" : -122.0200917136,
        "time" : "20140613T224321-0700"
      }, {
        "lat" : 36.9879163799,
        "lon" : -122.0235203711,
        "time" : "20140613T224341-0700"
      }, {
        "lat" : 36.9856568709,
        "lon" : -122.0258169312,
        "time" : "20140613T224357-0700"
      }, {
        "lat" : 36.9846791882,
        "lon" : -122.0294013748,
        "time" : "20140613T224425-0700"
      }, {
        "lat" : 36.9844656169,
        "lon" : -122.029902629,
        "time" : "20140613T224451-0700"
      }, {
        "lat" : 36.9829443055,
        "lon" : -122.0318907332,
        "time" : "20140613T224506-0700"
      }, {
        "lat" : 36.9798973842,
        "lon" : -122.0322285543,
        "time" : "20140613T224522-0700"
      }, {
        "lat" : 36.977230814,
        "lon" : -122.0319850171,
        "time" : "20140613T224538-0700"
      }, {
        "lat" : 36.9765919302,
        "lon" : -122.0328828336,
        "time" : "20140613T224553-0700"
      }, {
        "lat" : 36.9777612031,
        "lon" : -122.033267024,
        "time" : "20140613T224611-0700"
      }, {
        "lat" : 36.9777470455,
        "lon" : -122.0341565525,
        "time" : "20140613T224629-0700"
      }, {
        "lat" : 36.9774819825,
        "lon" : -122.0354669625,
        "time" : "20140613T224651-0700"
      }, {
        "lat" : 36.9770999281,
        "lon" : -122.0382586351,
        "time" : "20140613T224714-0700"
      }, {
        "lat" : 36.9775460723,
        "lon" : -122.0408768951,
        "time" : "20140613T224732-0700"
      }, {
        "lat" : 36.9778823445,
        "lon" : -122.0430174912,
        "time" : "20140613T224753-0700"
      }, {
        "lat" : 36.9782586264,
        "lon" : -122.0455076259,
        "time" : "20140613T224809-0700"
      }, {
        "lat" : 36.9778888148,
        "lon" : -122.0480357988,
        "time" : "20140613T224827-0700"
      }, {
        "lat" : 36.9770561901,
        "lon" : -122.0518190927,
        "time" : "20140613T224850-0700"
      }, {
        "lat" : 36.9771687325,
        "lon" : -122.0534421295,
        "time" : "20140613T224906-0700"
      }, {
        "lat" : 36.9771939129,
        "lon" : -122.0535006814,
        "time" : "20140613T224924-0700"
      }, {
        "lat" : 36.9773854101,
        "lon" : -122.0555585271,
        "time" : "20140613T224940-0700"
      }, {
        "lat" : 36.9787384256,
        "lon" : -122.0578056477,
        "time" : "20140613T224957-0700"
      }, {
        "lat" : 36.9803702941,
        "lon" : -122.0603293345,
        "time" : "20140613T225016-0700"
      } ]
    } ],
    "lastUpdate" : "20140614T085437Z"
  }, {
    "type" : "place",
    "startTime" : "20140613T225016-0700",
    "endTime" : "20140614T084653-0700",
    "place" : {
      "id" : 75945996,
      "type" : "unknown",
      "location" : {
        "lat" : 36.9803702941,
        "lon" : -122.0603293345
      }
    },
    "activities" : [ {
      "activity" : "walking",
      "group" : "walking",
      "manual" : false,
      "startTime" : "20140613T225104-0700",
      "endTime" : "20140613T225204-0700",
      "duration" : 60.0,
      "distance" : 30.0,
      "steps" : 61,
      "trackPoints" : [ ]
    }, {
      "activity" : "walking",
      "group" : "walking",
      "manual" : false,
      "startTime" : "20140613T232859-0700",
      "endTime" : "20140613T232959-0700",
      "duration" : 60.0,
      "distance" : 30.0,
      "steps" : 50,
      "trackPoints" : [ ]
    } ],
    "lastUpdate" : "20140614T230256Z"
  } ],
  "lastUpdate" : "20140614T230256Z"
} ]