[ {
  "date" : "20140701",
  "summary" : [ {
    "activity" : "cycling",
    "group" : "cycling",
    "duration" : 940.0,
    "distance" : 4665.0
  }, {
    "activity" : "walking",
    "group" : "walking",
    "duration" : 1029.0,
    "distance" : 1179.0,
    "steps" : 1457
  } ],
  "segments" : [ {
    "type" : "place",
    "startTime" : "20140630T220531-0700",
    "endTime" : "20140701T135126-0700",
    "place" : {
      "id" : 72187887,
      "name" : "Home",
      "type" : "home",
      "location" : {
        "lat" : 37.8651493645,
        "lon" : -122.282029798
      }
    },
    "lastUpdate" : "20140701T222316Z"
  }, {
    "type" : "move",
    "startTime" : "20140701T135126-0700",
    "endTime" : "20140701T135814-0700",
    "activities" : [ {
      "activity" : "cycling",
      "group" : "cycling",
      "manual" : false,
      "startTime" : "20140701T135126-0700",
      "endTime" : "20140701T135814-0700",
      "duration" : 408.0,
      "distance" : 1896.0,
      "trackPoints" : [ {
        "lat" : 37.8651493645,
        "lon" : -122.282029798,
        "time" : "20140701T135126-0700"
      }, {
        "lat" : 37.8676776545,
        "lon" : -122.2810751661,
        "time" : "20140701T135233-0700"
      }, {
        "lat" : 37.8678776602,
        "lon" : -122.2800265507,
        "time" : "20140701T135252-0700"
      }, {
        "lat" : 37.8680602512,
        "lon" : -122.2790872979,
        "time" : "20140701T135310-0700"
      }, {
        "lat" : 37.8681674689,
        "lon" : -122.2779973259,
        "time" : "20140701T135335-0700"
      }, {
        "lat" : 37.8683580408,
        "lon" : -122.2766131265,
        "time" : "20140701T135403-0700"
      }, {
        "lat" : 37.8684580849,
        "lon" : -122.275747213,
        "time" : "20140701T135420-0700"
      }, {
        "lat" : 37.8686782566,
        "lon" : -122.2744989203,
        "time" : "20140701T135444-0700"
      }, {
        "lat" : 37.868999699,
        "lon" : -122.2730083165,
        "time" : "20140701T135514-0700"
      }, {
        "lat" : 37.8693068572,
        "lon" : -122.2726941398,
        "time" : "20140701T135530-0700"
      }, {
        "lat" : 37.8695390395,
        "lon" : -122.2727176918,
        "time" : "20140701T135548-0700"
      }, {
        "lat" : 37.8703331073,
        "lon" : -122.2729158614,
        "time" : "20140701T135613-0700"
      }, {
        "lat" : 37.8707924344,
        "lon" : -122.2722721787,
        "time" : "20140701T135630-0700"
      }, {
        "lat" : 37.8709484002,
        "lon" : -122.2711824526,
        "time" : "20140701T135647-0700"
      }, {
        "lat" : 37.8710449459,
        "lon" : -122.2706544832,
        "time" : "20140701T135707-0700"
      }, {
        "lat" : 37.8710469937,
        "lon" : -122.2693628966,
        "time" : "20140701T135735-0700"
      }, {
        "lat" : 37.8710440902,
        "lon" : -122.268898297,
        "time" : "20140701T135753-0700"
      }, {
        "lat" : 37.8704362297,
        "lon" : -122.2662692272,
        "time" : "20140701T135814-0700"
      } ]
    } ],
    "lastUpdate" : "20140701T222316Z"
  }, {
    "type" : "place",
    "startTime" : "20140701T135814-0700",
    "endTime" : "20140701T151147-0700",
    "place" : {
      "id" : 77843155,
      "name" : "Siemens Berkeley",
      "type" : "work",
      "location" : {
        "lat" : 37.8704362297,
        "lon" : -122.2662692272
      }
    },
    "activities" : [ {
      "activity" : "walking",
      "group" : "walking",
      "manual" : false,
      "startTime" : "20140701T135814-0700",
      "endTime" : "20140701T135843-0700",
      "duration" : 29.0,
      "distance" : 34.0,
      "steps" : 68,
      "trackPoints" : [ ]
    }, {
      "activity" : "walking",
      "group" : "walking",
      "manual" : false,
      "startTime" : "20140701T140143-0700",
      "endTime" : "20140701T140213-0700",
      "duration" : 30.0,
      "distance" : 20.0,
      "steps" : 41,
      "trackPoints" : [ ]
    } ],
    "lastUpdate" : "20140703T003709Z"
  }, {
    "type" : "move",
    "startTime" : "20140701T151147-0700",
    "endTime" : "20140701T152657-0700",
    "activities" : [ {
      "activity" : "walking",
      "group" : "walking",
      "manual" : false,
      "startTime" : "20140701T151147-0700",
      "endTime" : "20140701T152657-0700",
      "duration" : 910.0,
      "distance" : 1079.0,
      "steps" : 1257,
      "trackPoints" : [ {
        "lat" : 37.8704362297,
        "lon" : -122.2662692272,
        "time" : "20140701T151147-0700"
      }, {
        "lat" : 37.8715857259,
        "lon" : -122.266259334,
        "time" : "20140701T151342-0700"
      }, {
        "lat" : 37.8715913897,
        "lon" : -122.2660633477,
        "time" : "20140701T151357-0700"
      }, {
        "lat" : 37.8715782023,
        "lon" : -122.2658630316,
        "time" : "20140701T151413-0700"
      }, {
        "lat" : 37.8714901719,
        "lon" : -122.2658628852,
        "time" : "20140701T151429-0700"
      }, {
        "lat" : 37.8713097515,
        "lon" : -122.265845385,
        "time" : "20140701T151445-0700"
      }, {
        "lat" : 37.8711543123,
        "lon" : -122.2659621852,
        "time" : "20140701T151505-0700"
      }, {
        "lat" : 37.8709022963,
        "lon" : -122.2659782907,
        "time" : "20140701T151524-0700"
      }, {
        "lat" : 37.8707613173,
        "lon" : -122.2657685986,
        "time" : "20140701T151555-0700"
      }, {
        "lat" : 37.8707897255,
        "lon" : -122.2652565516,
        "time" : "20140701T151623-0700"
      }, {
        "lat" : 37.870758716,
        "lon" : -122.2650552779,
        "time" : "20140701T151650-0700"
      }, {
        "lat" : 37.8709801647,
        "lon" : -122.2643880438,
        "time" : "20140701T151731-0700"
      }, {
        "lat" : 37.8711114624,
        "lon" : -122.2640424837,
        "time" : "20140701T151755-0700"
      }, {
        "lat" : 37.8710526017,
        "lon" : -122.2637532639,
        "time" : "20140701T151819-0700"
      }, {
        "lat" : 37.870862408,
        "lon" : -122.2633054088,
        "time" : "20140701T151846-0700"
      }, {
        "lat" : 37.8708268177,
        "lon" : -122.2631642355,
        "time" : "20140701T151901-0700"
      }, {
        "lat" : 37.8708017749,
        "lon" : -122.2629887778,
        "time" : "20140701T151916-0700"
      }, {
        "lat" : 37.8707941662,
        "lon" : -122.2627745618,
        "time" : "20140701T151932-0700"
      }, {
        "lat" : 37.8708337595,
        "lon" : -122.2624843403,
        "time" : "20140701T151952-0700"
      }, {
        "lat" : 37.8710793398,
        "lon" : -122.2620034815,
        "time" : "20140701T152024-0700"
      }, {
        "lat" : 37.8712011696,
        "lon" : -122.2618044091,
        "time" : "20140701T152043-0700"
      }, {
        "lat" : 37.8712186865,
        "lon" : -122.2615516378,
        "time" : "20140701T152102-0700"
      }, {
        "lat" : 37.8713091546,
        "lon" : -122.2612135437,
        "time" : "20140701T152120-0700"
      }, {
        "lat" : 37.8713958698,
        "lon" : -122.2607710241,
        "time" : "20140701T152146-0700"
      }, {
        "lat" : 37.8714782501,
        "lon" : -122.2605271344,
        "time" : "20140701T152203-0700"
      }, {
        "lat" : 37.8715634624,
        "lon" : -122.2597688667,
        "time" : "20140701T152252-0700"
      }, {
        "lat" : 37.8717045699,
        "lon" : -122.2594270024,
        "time" : "20140701T152312-0700"
      }, {
        "lat" : 37.8717976948,
        "lon" : -122.2591507045,
        "time" : "20140701T152330-0700"
      }, {
        "lat" : 37.8719381925,
        "lon" : -122.2585728173,
        "time" : "20140701T152416-0700"
      }, {
        "lat" : 37.8718927866,
        "lon" : -122.2586511961,
        "time" : "20140701T152444-0700"
      }, {
        "lat" : 37.8717679565,
        "lon" : -122.2584871998,
        "time" : "20140701T152515-0700"
      }, {
        "lat" : 37.8715724314,
        "lon" : -122.258458541,
        "time" : "20140701T152610-0700"
      }, {
        "lat" : 37.8715471371,
        "lon" : -122.2584291779,
        "time" : "20140701T152642-0700"
      }, {
        "lat" : 37.8713575202,
        "lon" : -122.2584125748,
        "time" : "20140701T152657-0700"
      } ]
    } ],
    "lastUpdate" : "20140702T022644Z"
  }, {
    "type" : "place",
    "startTime" : "20140701T152657-0700",
    "endTime" : "20140701T192143-0700",
    "place" : {
      "id" : 72412230,
      "name" : "School of Information",
      "type" : "foursquare",
      "foursquareId" : "4f184661e4b0b34551aaa7cb",
      "foursquareCategoryIds" : [ "4bf58dd8d48988d19f941735" ],
      "location" : {
        "lat" : 37.87135752021174,
        "lon" : -122.2584125748343
      }
    },
    "lastUpdate" : "20140702T121316Z"
  }, {
    "type" : "move",
    "startTime" : "20140701T192143-0700",
    "endTime" : "20140701T193035-0700",
    "activities" : [ {
      "activity" : "cycling",
      "group" : "cycling",
      "manual" : false,
      "startTime" : "20140701T192143-0700",
      "endTime" : "20140701T193035-0700",
      "duration" : 532.0,
      "distance" : 2769.0,
      "trackPoints" : [ {
        "lat" : 37.8713575202,
        "lon" : -122.2584125748,
        "time" : "20140701T192143-0700"
      }, {
        "lat" : 37.8704678799,
        "lon" : -122.2739906249,
        "time" : "20140701T192642-0700"
      }, {
        "lat" : 37.8702013449,
        "lon" : -122.2758478229,
        "time" : "20140701T192706-0700"
      }, {
        "lat" : 37.8699535798,
        "lon" : -122.2781068237,
        "time" : "20140701T192734-0700"
      }, {
        "lat" : 37.86608026,
        "lon" : -122.2816722417,
        "time" : "20140701T192913-0700"
      }, {
        "lat" : 37.865700681,
        "lon" : -122.2826444447,
        "time" : "20140701T192929-0700"
      }, {
        "lat" : 37.8651493645,
        "lon" : -122.282029798,
        "time" : "20140701T193035-0700"
      } ]
    } ],
    "lastUpdate" : "20140702T121316Z"
  }, {
    "type" : "place",
    "startTime" : "20140701T193036-0700",
    "endTime" : "20140702T154254-0700",
    "place" : {
      "id" : 72187887,
      "name" : "Home",
      "type" : "home",
      "location" : {
        "lat" : 37.8651493645,
        "lon" : -122.282029798
      }
    },
    "activities" : [ {
      "activity" : "walking",
      "group" : "walking",
      "manual" : false,
      "startTime" : "20140701T193458-0700",
      "endTime" : "20140701T193558-0700",
      "duration" : 60.0,
      "distance" : 46.0,
      "steps" : 91,
      "trackPoints" : [ ]
    } ],
    "lastUpdate" : "20140703T003439Z"
  } ],
  "lastUpdate" : "20140703T003709Z"
} ]