[ {
  "date" : "20140605",
  "summary" : [ {
    "activity" : "cycling",
    "group" : "cycling",
    "duration" : 1284.0,
    "distance" : 5538.0
  }, {
    "activity" : "walking",
    "group" : "walking",
    "duration" : 2330.0,
    "distance" : 2952.0,
    "steps" : 4134
  }, {
    "activity" : "transport",
    "group" : "transport",
    "duration" : 8523.0,
    "distance" : 136786.0
  } ],
  "segments" : [ {
    "type" : "place",
    "startTime" : "20140604T183033-0700",
    "endTime" : "20140605T103641-0700",
    "place" : {
      "id" : 72187887,
      "name" : "Home",
      "type" : "home",
      "location" : {
        "lat" : 37.8651493645,
        "lon" : -122.282029798
      }
    },
    "lastUpdate" : "20140605T184840Z"
  }, {
    "type" : "move",
    "startTime" : "20140605T103641-0700",
    "endTime" : "20140605T105001-0700",
    "activities" : [ {
      "activity" : "cycling",
      "group" : "cycling",
      "manual" : false,
      "startTime" : "20140605T103641-0700",
      "endTime" : "20140605T105000-0700",
      "duration" : 799.0,
      "distance" : 2826.0,
      "trackPoints" : [ {
        "lat" : 37.8651493645,
        "lon" : -122.282029798,
        "time" : "20140605T103641-0700"
      }, {
        "lat" : 37.8647636103,
        "lon" : -122.2764686764,
        "time" : "20140605T103913-0700"
      }, {
        "lat" : 37.8647983746,
        "lon" : -122.2752942494,
        "time" : "20140605T103935-0700"
      }, {
        "lat" : 37.8649131684,
        "lon" : -122.2742331971,
        "time" : "20140605T103954-0700"
      }, {
        "lat" : 37.865076991,
        "lon" : -122.2733229385,
        "time" : "20140605T104016-0700"
      }, {
        "lat" : 37.8651448571,
        "lon" : -122.2723476178,
        "time" : "20140605T104047-0700"
      }, {
        "lat" : 37.865442803,
        "lon" : -122.2716106414,
        "time" : "20140605T104108-0700"
      }, {
        "lat" : 37.8655500785,
        "lon" : -122.2700584695,
        "time" : "20140605T104142-0700"
      }, {
        "lat" : 37.8656215862,
        "lon" : -122.2693474462,
        "time" : "20140605T104205-0700"
      }, {
        "lat" : 37.8657320427,
        "lon" : -122.267974141,
        "time" : "20140605T104239-0700"
      }, {
        "lat" : 37.865776307,
        "lon" : -122.2676383665,
        "time" : "20140605T104257-0700"
      }, {
        "lat" : 37.8658070294,
        "lon" : -122.267239438,
        "time" : "20140605T104316-0700"
      }, {
        "lat" : 37.8660668654,
        "lon" : -122.2658217325,
        "time" : "20140605T104343-0700"
      }, {
        "lat" : 37.8661816086,
        "lon" : -122.2650814074,
        "time" : "20140605T104402-0700"
      }, {
        "lat" : 37.866362075,
        "lon" : -122.2640377268,
        "time" : "20140605T104426-0700"
      }, {
        "lat" : 37.8664584831,
        "lon" : -122.2632369653,
        "time" : "20140605T104446-0700"
      }, {
        "lat" : 37.8665641035,
        "lon" : -122.2624079596,
        "time" : "20140605T104508-0700"
      }, {
        "lat" : 37.8666191364,
        "lon" : -122.2616125826,
        "time" : "20140605T104531-0700"
      }, {
        "lat" : 37.8667644177,
        "lon" : -122.2607661122,
        "time" : "20140605T104554-0700"
      }, {
        "lat" : 37.8668799481,
        "lon" : -122.2596268722,
        "time" : "20140605T104613-0700"
      }, {
        "lat" : 37.8669539289,
        "lon" : -122.2589859801,
        "time" : "20140605T104632-0700"
      }, {
        "lat" : 37.8669882762,
        "lon" : -122.2588108923,
        "time" : "20140605T104648-0700"
      }, {
        "lat" : 37.8670462124,
        "lon" : -122.2588030528,
        "time" : "20140605T104719-0700"
      }, {
        "lat" : 37.8674402874,
        "lon" : -122.2589902254,
        "time" : "20140605T104735-0700"
      }, {
        "lat" : 37.8679257938,
        "lon" : -122.2590539859,
        "time" : "20140605T104751-0700"
      }, {
        "lat" : 37.868566722,
        "lon" : -122.2592480112,
        "time" : "20140605T104809-0700"
      }, {
        "lat" : 37.8690108253,
        "lon" : -122.2588034886,
        "time" : "20140605T104838-0700"
      }, {
        "lat" : 37.8698116053,
        "lon" : -122.258640889,
        "time" : "20140605T104901-0700"
      }, {
        "lat" : 37.870572691,
        "lon" : -122.2581454773,
        "time" : "20140605T104927-0700"
      }, {
        "lat" : 37.8713575202,
        "lon" : -122.2584125748,
        "time" : "20140605T105001-0700"
      } ]
    } ],
    "lastUpdate" : "20140605T184840Z"
  }, {
    "type" : "place",
    "startTime" : "20140605T105001-0700",
    "endTime" : "20140605T105936-0700",
    "place" : {
      "id" : 72412230,
      "name" : "School of Information",
      "type" : "foursquare",
      "foursquareId" : "4f184661e4b0b34551aaa7cb",
      "foursquareCategoryIds" : [ "4bf58dd8d48988d19f941735" ],
      "location" : {
        "lat" : 37.87135752021174,
        "lon" : -122.2584125748343
      }
    },
    "activities" : [ {
      "activity" : "walking",
      "group" : "walking",
      "manual" : false,
      "startTime" : "20140605T105053-0700",
      "endTime" : "20140605T105423-0700",
      "duration" : 210.0,
      "distance" : 176.0,
      "steps" : 234,
      "trackPoints" : [ ]
    } ],
    "lastUpdate" : "20140605T184840Z"
  }, {
    "type" : "move",
    "startTime" : "20140605T105936-0700",
    "endTime" : "20140605T110322-0700",
    "activities" : [ {
      "activity" : "walking",
      "group" : "walking",
      "manual" : false,
      "startTime" : "20140605T105936-0700",
      "endTime" : "20140605T110323-0700",
      "duration" : 227.0,
      "distance" : 427.0,
      "steps" : 365,
      "trackPoints" : [ {
        "lat" : 37.8713575202,
        "lon" : -122.2584125748,
        "time" : "20140605T105936-0700"
      }, {
        "lat" : 37.8715928759,
        "lon" : -122.2582144136,
        "time" : "20140605T105954-0700"
      }, {
        "lat" : 37.8716051189,
        "lon" : -122.2582108221,
        "time" : "20140605T105959-0700"
      }, {
        "lat" : 37.8716051412,
        "lon" : -122.2582108155,
        "time" : "20140605T110000-0700"
      }, {
        "lat" : 37.8716708704,
        "lon" : -122.2581915336,
        "time" : "20140605T110029-0700"
      }, {
        "lat" : 37.8718249782,
        "lon" : -122.2581485212,
        "time" : "20140605T110053-0700"
      }, {
        "lat" : 37.8721569047,
        "lon" : -122.2582597035,
        "time" : "20140605T110118-0700"
      }, {
        "lat" : 37.8746003862,
        "lon" : -122.2587579188,
        "time" : "20140605T110322-0700"
      } ]
    } ],
    "lastUpdate" : "20140605T184840Z"
  }, {
    "type" : "place",
    "startTime" : "20140605T110323-0700",
    "endTime" : "20140605T123446-0700",
    "place" : {
      "id" : 72958759,
      "type" : "unknown",
      "location" : {
        "lat" : 37.8746003862,
        "lon" : -122.2587579188
      }
    },
    "activities" : [ {
      "activity" : "walking",
      "group" : "walking",
      "manual" : false,
      "startTime" : "20140605T110350-0700",
      "endTime" : "20140605T110650-0700",
      "duration" : 180.0,
      "distance" : 256.0,
      "steps" : 342,
      "trackPoints" : [ ]
    } ],
    "lastUpdate" : "20140605T211901Z"
  }, {
    "type" : "move",
    "startTime" : "20140605T123446-0700",
    "endTime" : "20140605T124040-0700",
    "activities" : [ {
      "activity" : "walking",
      "group" : "walking",
      "manual" : false,
      "startTime" : "20140605T123446-0700",
      "endTime" : "20140605T124039-0700",
      "duration" : 353.0,
      "distance" : 411.0,
      "steps" : 688,
      "trackPoints" : [ {
        "lat" : 37.8746003862,
        "lon" : -122.2587579188,
        "time" : "20140605T123446-0700"
      }, {
        "lat" : 37.873381942,
        "lon" : -122.2587316938,
        "time" : "20140605T123651-0700"
      }, {
        "lat" : 37.87323996,
        "lon" : -122.2586972142,
        "time" : "20140605T123713-0700"
      }, {
        "lat" : 37.8730465503,
        "lon" : -122.2587455083,
        "time" : "20140605T123732-0700"
      }, {
        "lat" : 37.8728844636,
        "lon" : -122.2587076474,
        "time" : "20140605T123748-0700"
      }, {
        "lat" : 37.8724473099,
        "lon" : -122.2584390692,
        "time" : "20140605T123813-0700"
      }, {
        "lat" : 37.872203842,
        "lon" : -122.2583434753,
        "time" : "20140605T123838-0700"
      }, {
        "lat" : 37.8719378061,
        "lon" : -122.2581982024,
        "time" : "20140605T123919-0700"
      }, {
        "lat" : 37.8718340692,
        "lon" : -122.2580887602,
        "time" : "20140605T123936-0700"
      }, {
        "lat" : 37.8717365884,
        "lon" : -122.2580930995,
        "time" : "20140605T123952-0700"
      }, {
        "lat" : 37.8715341374,
        "lon" : -122.2581504603,
        "time" : "20140605T124017-0700"
      }, {
        "lat" : 37.8713575202,
        "lon" : -122.2584125748,
        "time" : "20140605T124040-0700"
      } ]
    } ],
    "lastUpdate" : "20140605T211901Z"
  }, {
    "type" : "place",
    "startTime" : "20140605T124040-0700",
    "endTime" : "20140605T140925-0700",
    "place" : {
      "id" : 72412230,
      "name" : "School of Information",
      "type" : "foursquare",
      "foursquareId" : "4f184661e4b0b34551aaa7cb",
      "foursquareCategoryIds" : [ "4bf58dd8d48988d19f941735" ],
      "location" : {
        "lat" : 37.87135752021174,
        "lon" : -122.2584125748343
      }
    },
    "lastUpdate" : "20140606T011125Z"
  }, {
    "type" : "move",
    "startTime" : "20140605T140925-0700",
    "endTime" : "20140605T141730-0700",
    "activities" : [ {
      "activity" : "cycling",
      "group" : "cycling",
      "manual" : false,
      "startTime" : "20140605T140925-0700",
      "endTime" : "20140605T141730-0700",
      "duration" : 485.0,
      "distance" : 2712.0,
      "trackPoints" : [ {
        "lat" : 37.8713575202,
        "lon" : -122.2584125748,
        "time" : "20140605T140925-0700"
      }, {
        "lat" : 37.8683913284,
        "lon" : -122.2623733762,
        "time" : "20140605T141058-0700"
      }, {
        "lat" : 37.8681563446,
        "lon" : -122.2638630124,
        "time" : "20140605T141115-0700"
      }, {
        "lat" : 37.8679341667,
        "lon" : -122.2656269107,
        "time" : "20140605T141135-0700"
      }, {
        "lat" : 37.8677645094,
        "lon" : -122.2664960611,
        "time" : "20140605T141152-0700"
      }, {
        "lat" : 37.8677357124,
        "lon" : -122.2677145161,
        "time" : "20140605T141216-0700"
      }, {
        "lat" : 37.8677372398,
        "lon" : -122.2678248076,
        "time" : "20140605T141232-0700"
      }, {
        "lat" : 37.8677589082,
        "lon" : -122.2678710273,
        "time" : "20140605T141253-0700"
      }, {
        "lat" : 37.8675290777,
        "lon" : -122.268339618,
        "time" : "20140605T141318-0700"
      }, {
        "lat" : 37.8668059759,
        "lon" : -122.2700080495,
        "time" : "20140605T141354-0700"
      }, {
        "lat" : 37.865633029,
        "lon" : -122.270396737,
        "time" : "20140605T141421-0700"
      }, {
        "lat" : 37.8651474203,
        "lon" : -122.2719536091,
        "time" : "20140605T141445-0700"
      }, {
        "lat" : 37.8650523691,
        "lon" : -122.2722126566,
        "time" : "20140605T141502-0700"
      }, {
        "lat" : 37.8650097285,
        "lon" : -122.2735457056,
        "time" : "20140605T141522-0700"
      }, {
        "lat" : 37.8647506581,
        "lon" : -122.276024244,
        "time" : "20140605T141548-0700"
      }, {
        "lat" : 37.8643926909,
        "lon" : -122.2779558608,
        "time" : "20140605T141614-0700"
      }, {
        "lat" : 37.8642772251,
        "lon" : -122.2794547677,
        "time" : "20140605T141629-0700"
      }, {
        "lat" : 37.8638646605,
        "lon" : -122.2818179682,
        "time" : "20140605T141706-0700"
      }, {
        "lat" : 37.8651493645,
        "lon" : -122.282029798,
        "time" : "20140605T141730-0700"
      } ]
    } ],
    "lastUpdate" : "20140606T011125Z"
  }, {
    "type" : "place",
    "startTime" : "20140605T141730-0700",
    "endTime" : "20140605T155629-0700",
    "place" : {
      "id" : 72187887,
      "name" : "Home",
      "type" : "home",
      "location" : {
        "lat" : 37.8651493645,
        "lon" : -122.282029798
      }
    },
    "lastUpdate" : "20140606T011135Z"
  }, {
    "type" : "move",
    "startTime" : "20140605T155629-0700",
    "endTime" : "20140605T170506-0700",
    "activities" : [ {
      "activity" : "transport",
      "group" : "transport",
      "manual" : false,
      "startTime" : "20140605T155629-0700",
      "endTime" : "20140605T170506-0700",
      "duration" : 4117.0,
      "distance" : 66324.0,
      "trackPoints" : [ {
        "lat" : 37.8651493645,
        "lon" : -122.282029798,
        "time" : "20140605T155629-0700"
      }, {
        "lat" : 37.8641689715,
        "lon" : -122.2813760445,
        "time" : "20140605T155648-0700"
      }, {
        "lat" : 37.8629517228,
        "lon" : -122.2812962972,
        "time" : "20140605T155707-0700"
      }, {
        "lat" : 37.8612919508,
        "lon" : -122.2808311152,
        "time" : "20140605T155722-0700"
      }, {
        "lat" : 37.8589027547,
        "lon" : -122.2802627929,
        "time" : "20140605T155750-0700"
      }, {
        "lat" : 37.8568979279,
        "lon" : -122.2797803342,
        "time" : "20140605T155810-0700"
      }, {
        "lat" : 37.8545156292,
        "lon" : -122.279257661,
        "time" : "20140605T155848-0700"
      }, {
        "lat" : 37.8508968965,
        "lon" : -122.278648612,
        "time" : "20140605T155920-0700"
      }, {
        "lat" : 37.8484920323,
        "lon" : -122.2780936208,
        "time" : "20140605T155948-0700"
      }, {
        "lat" : 37.8482062837,
        "lon" : -122.2778174779,
        "time" : "20140605T155959-0700"
      }, {
        "lat" : 37.8482060426,
        "lon" : -122.2778172449,
        "time" : "20140605T160000-0700"
      }, {
        "lat" : 37.8481046553,
        "lon" : -122.2777192659,
        "time" : "20140605T160004-0700"
      }, {
        "lat" : 37.8480605753,
        "lon" : -122.2776805693,
        "time" : "20140605T160030-0700"
      }, {
        "lat" : 37.8480464964,
        "lon" : -122.2776328032,
        "time" : "20140605T160046-0700"
      }, {
        "lat" : 37.8480412235,
        "lon" : -122.2776197372,
        "time" : "20140605T160117-0700"
      }, {
        "lat" : 37.8480391712,
        "lon" : -122.2776140759,
        "time" : "20140605T160142-0700"
      }, {
        "lat" : 37.8485751678,
        "lon" : -122.2726769721,
        "time" : "20140605T160222-0700"
      }, {
        "lat" : 37.8486574939,
        "lon" : -122.2722683603,
        "time" : "20140605T160238-0700"
      }, {
        "lat" : 37.8486887596,
        "lon" : -122.2722591106,
        "time" : "20140605T160255-0700"
      }, {
        "lat" : 37.8466824702,
        "lon" : -122.2713756247,
        "time" : "20140605T160338-0700"
      }, {
        "lat" : 37.8450878682,
        "lon" : -122.2708147899,
        "time" : "20140605T160358-0700"
      }, {
        "lat" : 37.8441532387,
        "lon" : -122.2707430669,
        "time" : "20140605T160419-0700"
      }, {
        "lat" : 37.8414662826,
        "lon" : -122.270170184,
        "time" : "20140605T160442-0700"
      }, {
        "lat" : 37.8387806205,
        "lon" : -122.2694878011,
        "time" : "20140605T160508-0700"
      }, {
        "lat" : 37.8372191496,
        "lon" : -122.2686557148,
        "time" : "20140605T160525-0700"
      }, {
        "lat" : 37.8359739366,
        "lon" : -122.2675511641,
        "time" : "20140605T160546-0700"
      }, {
        "lat" : 37.8343614942,
        "lon" : -122.2666994042,
        "time" : "20140605T160607-0700"
      }, {
        "lat" : 37.8309700929,
        "lon" : -122.2673933192,
        "time" : "20140605T160628-0700"
      }, {
        "lat" : 37.826659586,
        "lon" : -122.2679644838,
        "time" : "20140605T160651-0700"
      }, {
        "lat" : 37.8208075487,
        "lon" : -122.269577435,
        "time" : "20140605T160715-0700"
      }, {
        "lat" : 37.8176402506,
        "lon" : -122.2703800766,
        "time" : "20140605T160730-0700"
      }, {
        "lat" : 37.8117922453,
        "lon" : -122.2743995148,
        "time" : "20140605T160754-0700"
      }, {
        "lat" : 37.8039853077,
        "lon" : -122.2797894199,
        "time" : "20140605T160824-0700"
      }, {
        "lat" : 37.7996746611,
        "lon" : -122.2784031191,
        "time" : "20140605T160844-0700"
      }, {
        "lat" : 37.7982886715,
        "lon" : -122.2748079692,
        "time" : "20140605T160900-0700"
      }, {
        "lat" : 37.7967502489,
        "lon" : -122.2712031811,
        "time" : "20140605T160928-0700"
      }, {
        "lat" : 37.7962028306,
        "lon" : -122.2695514038,
        "time" : "20140605T160950-0700"
      }, {
        "lat" : 37.7958527513,
        "lon" : -122.268907357,
        "time" : "20140605T161019-0700"
      }, {
        "lat" : 37.7949545233,
        "lon" : -122.2670436986,
        "time" : "20140605T161051-0700"
      }, {
        "lat" : 37.7935844862,
        "lon" : -122.264383849,
        "time" : "20140605T161118-0700"
      }, {
        "lat" : 37.7893236361,
        "lon" : -122.2554782525,
        "time" : "20140605T161214-0700"
      }, {
        "lat" : 37.7885919543,
        "lon" : -122.2516444937,
        "time" : "20140605T161229-0700"
      }, {
        "lat" : 37.7872906749,
        "lon" : -122.2477939857,
        "time" : "20140605T161251-0700"
      }, {
        "lat" : 37.7853994249,
        "lon" : -122.2439855654,
        "time" : "20140605T161316-0700"
      }, {
        "lat" : 37.7836289077,
        "lon" : -122.2409578536,
        "time" : "20140605T161340-0700"
      }, {
        "lat" : 37.7827129967,
        "lon" : -122.2397144641,
        "time" : "20140605T161355-0700"
      }, {
        "lat" : 37.7805246837,
        "lon" : -122.2384151309,
        "time" : "20140605T161417-0700"
      }, {
        "lat" : 37.7769859851,
        "lon" : -122.2365423395,
        "time" : "20140605T161450-0700"
      }, {
        "lat" : 37.7756641169,
        "lon" : -122.2346098721,
        "time" : "20140605T161509-0700"
      }, {
        "lat" : 37.7744419554,
        "lon" : -122.2317781278,
        "time" : "20140605T161533-0700"
      }, {
        "lat" : 37.7729308745,
        "lon" : -122.2268003946,
        "time" : "20140605T161557-0700"
      }, {
        "lat" : 37.7702661274,
        "lon" : -122.221923107,
        "time" : "20140605T161622-0700"
      }, {
        "lat" : 37.7677648338,
        "lon" : -122.220105258,
        "time" : "20140605T161638-0700"
      }, {
        "lat" : 37.7664654736,
        "lon" : -122.2191159265,
        "time" : "20140605T161653-0700"
      }, {
        "lat" : 37.7641583696,
        "lon" : -122.2170835634,
        "time" : "20140605T161719-0700"
      }, {
        "lat" : 37.7629686134,
        "lon" : -122.2160145628,
        "time" : "20140605T161737-0700"
      }, {
        "lat" : 37.7505617737,
        "lon" : -122.2052042628,
        "time" : "20140605T162028-0700"
      }, {
        "lat" : 37.7488738652,
        "lon" : -122.2037363326,
        "time" : "20140605T162046-0700"
      }, {
        "lat" : 37.7465396345,
        "lon" : -122.2017127328,
        "time" : "20140605T162103-0700"
      }, {
        "lat" : 37.7429154077,
        "lon" : -122.1986623877,
        "time" : "20140605T162128-0700"
      }, {
        "lat" : 37.7382071014,
        "lon" : -122.1945934271,
        "time" : "20140605T162152-0700"
      }, {
        "lat" : 37.7203148664,
        "lon" : -122.1781235766,
        "time" : "20140605T162418-0700"
      }, {
        "lat" : 37.7167270828,
        "lon" : -122.1744056678,
        "time" : "20140605T162438-0700"
      }, {
        "lat" : 37.7140080349,
        "lon" : -122.1716103458,
        "time" : "20140605T162453-0700"
      }, {
        "lat" : 37.7116997358,
        "lon" : -122.1685054605,
        "time" : "20140605T162508-0700"
      }, {
        "lat" : 37.6864756219,
        "lon" : -122.1320420735,
        "time" : "20140605T162820-0700"
      }, {
        "lat" : 37.6860836392,
        "lon" : -122.1314522688,
        "time" : "20140605T162835-0700"
      }, {
        "lat" : 37.6843621766,
        "lon" : -122.1289689069,
        "time" : "20140605T162905-0700"
      }, {
        "lat" : 37.6779595597,
        "lon" : -122.1195871746,
        "time" : "20140605T163043-0700"
      }, {
        "lat" : 37.6721668168,
        "lon" : -122.1115174925,
        "time" : "20140605T163144-0700"
      }, {
        "lat" : 37.6698492194,
        "lon" : -122.10976564,
        "time" : "20140605T163203-0700"
      }, {
        "lat" : 37.6664741401,
        "lon" : -122.1078561201,
        "time" : "20140605T163230-0700"
      }, {
        "lat" : 37.6636741799,
        "lon" : -122.1061254711,
        "time" : "20140605T163252-0700"
      }, {
        "lat" : 37.6610837759,
        "lon" : -122.1045053518,
        "time" : "20140605T163310-0700"
      }, {
        "lat" : 37.6505197072,
        "lon" : -122.0976288699,
        "time" : "20140605T163417-0700"
      }, {
        "lat" : 37.6372336552,
        "lon" : -122.0884876688,
        "time" : "20140605T163619-0700"
      }, {
        "lat" : 37.6364012218,
        "lon" : -122.0879333022,
        "time" : "20140605T163634-0700"
      }, {
        "lat" : 37.6330789429,
        "lon" : -122.0855816025,
        "time" : "20140605T163658-0700"
      }, {
        "lat" : 37.6165526271,
        "lon" : -122.073719426,
        "time" : "20140605T163941-0700"
      }, {
        "lat" : 37.6114764142,
        "lon" : -122.0701554822,
        "time" : "20140605T164018-0700"
      }, {
        "lat" : 37.6087981365,
        "lon" : -122.0682640509,
        "time" : "20140605T164033-0700"
      }, {
        "lat" : 37.6061754984,
        "lon" : -122.066380526,
        "time" : "20140605T164049-0700"
      }, {
        "lat" : 37.6024627706,
        "lon" : -122.0637690927,
        "time" : "20140605T164110-0700"
      }, {
        "lat" : 37.5933606103,
        "lon" : -122.0572956533,
        "time" : "20140605T164200-0700"
      }, {
        "lat" : 37.5797280511,
        "lon" : -122.0486891014,
        "time" : "20140605T164320-0700"
      }, {
        "lat" : 37.5646289019,
        "lon" : -122.0401422865,
        "time" : "20140605T164431-0700"
      }, {
        "lat" : 37.5618330491,
        "lon" : -122.0401555621,
        "time" : "20140605T164446-0700"
      }, {
        "lat" : 37.558393355,
        "lon" : -122.0429238628,
        "time" : "20140605T164504-0700"
      }, {
        "lat" : 37.552345501,
        "lon" : -122.0505294114,
        "time" : "20140605T164527-0700"
      }, {
        "lat" : 37.5465776092,
        "lon" : -122.0593763133,
        "time" : "20140605T164607-0700"
      }, {
        "lat" : 37.5270960226,
        "lon" : -122.096898534,
        "time" : "20140605T164829-0700"
      }, {
        "lat" : 37.5207669427,
        "lon" : -122.1036693134,
        "time" : "20140605T164856-0700"
      }, {
        "lat" : 37.5163032766,
        "lon" : -122.1068642061,
        "time" : "20140605T164912-0700"
      }, {
        "lat" : 37.4868889871,
        "lon" : -122.1422861854,
        "time" : "20140605T165242-0700"
      }, {
        "lat" : 37.4867588486,
        "lon" : -122.14229898,
        "time" : "20140605T165257-0700"
      }, {
        "lat" : 37.4856054898,
        "lon" : -122.1417197229,
        "time" : "20140605T165315-0700"
      }, {
        "lat" : 37.4833516593,
        "lon" : -122.1405991322,
        "time" : "20140605T165331-0700"
      }, {
        "lat" : 37.479205279,
        "lon" : -122.1395792305,
        "time" : "20140605T165357-0700"
      }, {
        "lat" : 37.4771485754,
        "lon" : -122.1398339527,
        "time" : "20140605T165420-0700"
      }, {
        "lat" : 37.4734124685,
        "lon" : -122.1396029794,
        "time" : "20140605T165449-0700"
      }, {
        "lat" : 37.472341286,
        "lon" : -122.1394831134,
        "time" : "20140605T165520-0700"
      }, {
        "lat" : 37.4719077255,
        "lon" : -122.1396536615,
        "time" : "20140605T165546-0700"
      }, {
        "lat" : 37.4707759229,
        "lon" : -122.1399359696,
        "time" : "20140605T165601-0700"
      }, {
        "lat" : 37.4692824507,
        "lon" : -122.1409532911,
        "time" : "20140605T165618-0700"
      }, {
        "lat" : 37.4664669804,
        "lon" : -122.1415923682,
        "time" : "20140605T165651-0700"
      }, {
        "lat" : 37.4662951602,
        "lon" : -122.1415819691,
        "time" : "20140605T165707-0700"
      }, {
        "lat" : 37.4662932284,
        "lon" : -122.1415782006,
        "time" : "20140605T165724-0700"
      }, {
        "lat" : 37.4639634542,
        "lon" : -122.1417537672,
        "time" : "20140605T165748-0700"
      }, {
        "lat" : 37.4632029587,
        "lon" : -122.1416279419,
        "time" : "20140605T165808-0700"
      }, {
        "lat" : 37.4631026818,
        "lon" : -122.1415349069,
        "time" : "20140605T165825-0700"
      }, {
        "lat" : 37.4625313364,
        "lon" : -122.1396968569,
        "time" : "20140605T165850-0700"
      }, {
        "lat" : 37.4609157862,
        "lon" : -122.138052581,
        "time" : "20140605T165909-0700"
      }, {
        "lat" : 37.4607083309,
        "lon" : -122.1375005333,
        "time" : "20140605T165928-0700"
      }, {
        "lat" : 37.4605493393,
        "lon" : -122.1373836782,
        "time" : "20140605T165959-0700"
      }, {
        "lat" : 37.4605492888,
        "lon" : -122.1373836411,
        "time" : "20140605T170000-0700"
      }, {
        "lat" : 37.4605386988,
        "lon" : -122.1373758577,
        "time" : "20140605T170002-0700"
      }, {
        "lat" : 37.4607239906,
        "lon" : -122.136294524,
        "time" : "20140605T170032-0700"
      }, {
        "lat" : 37.4616310618,
        "lon" : -122.1357096799,
        "time" : "20140605T170101-0700"
      }, {
        "lat" : 37.4618728355,
        "lon" : -122.1356804759,
        "time" : "20140605T170118-0700"
      }, {
        "lat" : 37.4618493936,
        "lon" : -122.13569888,
        "time" : "20140605T170142-0700"
      }, {
        "lat" : 37.4617068121,
        "lon" : -122.1358857111,
        "time" : "20140605T170228-0700"
      }, {
        "lat" : 37.4620193597,
        "lon" : -122.1356498126,
        "time" : "20140605T170303-0700"
      }, {
        "lat" : 37.4624712653,
        "lon" : -122.1349546669,
        "time" : "20140605T170326-0700"
      }, {
        "lat" : 37.4632342987,
        "lon" : -122.1333580603,
        "time" : "20140605T170358-0700"
      }, {
        "lat" : 37.4639448531,
        "lon" : -122.1298934236,
        "time" : "20140605T170429-0700"
      }, {
        "lat" : 37.4639140332,
        "lon" : -122.1293140134,
        "time" : "20140605T170450-0700"
      }, {
        "lat" : 37.4640609873,
        "lon" : -122.1285669556,
        "time" : "20140605T170506-0700"
      } ]
    } ],
    "lastUpdate" : "20140606T011135Z"
  }, {
    "type" : "place",
    "startTime" : "20140605T170506-0700",
    "endTime" : "20140605T181106-0700",
    "place" : {
      "id" : 73056560,
      "type" : "unknown",
      "location" : {
        "lat" : 37.4640609873,
        "lon" : -122.1285669556
      }
    },
    "activities" : [ {
      "activity" : "walking",
      "group" : "walking",
      "manual" : false,
      "startTime" : "20140605T170627-0700",
      "endTime" : "20140605T170757-0700",
      "duration" : 90.0,
      "distance" : 66.0,
      "steps" : 132,
      "trackPoints" : [ ]
    } ],
    "lastUpdate" : "20140606T065035Z"
  }, {
    "type" : "move",
    "startTime" : "20140605T181106-0700",
    "endTime" : "20140605T192432-0700",
    "activities" : [ {
      "activity" : "transport",
      "group" : "transport",
      "manual" : false,
      "startTime" : "20140605T181106-0700",
      "endTime" : "20140605T192432-0700",
      "duration" : 4406.0,
      "distance" : 70462.0,
      "trackPoints" : [ {
        "lat" : 37.4640609873,
        "lon" : -122.1285669556,
        "time" : "20140605T181106-0700"
      }, {
        "lat" : 37.4617598875,
        "lon" : -122.1282980556,
        "time" : "20140605T181124-0700"
      }, {
        "lat" : 37.4610657955,
        "lon" : -122.1283115879,
        "time" : "20140605T181139-0700"
      }, {
        "lat" : 37.460991303,
        "lon" : -122.1300540725,
        "time" : "20140605T181207-0700"
      }, {
        "lat" : 37.4599219997,
        "lon" : -122.1300628478,
        "time" : "20140605T181227-0700"
      }, {
        "lat" : 37.4577981302,
        "lon" : -122.1300232888,
        "time" : "20140605T181250-0700"
      }, {
        "lat" : 37.4560289814,
        "lon" : -122.1302939224,
        "time" : "20140605T181313-0700"
      }, {
        "lat" : 37.455596042,
        "lon" : -122.1298014821,
        "time" : "20140605T181329-0700"
      }, {
        "lat" : 37.4550806168,
        "lon" : -122.1300083204,
        "time" : "20140605T181350-0700"
      }, {
        "lat" : 37.4548917503,
        "lon" : -122.1302827209,
        "time" : "20140605T181425-0700"
      }, {
        "lat" : 37.4546960374,
        "lon" : -122.1302653699,
        "time" : "20140605T181444-0700"
      }, {
        "lat" : 37.455773296,
        "lon" : -122.1324212454,
        "time" : "20140605T181510-0700"
      }, {
        "lat" : 37.4571399109,
        "lon" : -122.1345505481,
        "time" : "20140605T181530-0700"
      }, {
        "lat" : 37.457590507,
        "lon" : -122.1351998498,
        "time" : "20140605T181545-0700"
      }, {
        "lat" : 37.4589931067,
        "lon" : -122.1375639516,
        "time" : "20140605T181603-0700"
      }, {
        "lat" : 37.46045425,
        "lon" : -122.1380124068,
        "time" : "20140605T181626-0700"
      }, {
        "lat" : 37.4604815104,
        "lon" : -122.1380131398,
        "time" : "20140605T181642-0700"
      }, {
        "lat" : 37.4620338605,
        "lon" : -122.1382698829,
        "time" : "20140605T181702-0700"
      }, {
        "lat" : 37.4623336379,
        "lon" : -122.1386015866,
        "time" : "20140605T181718-0700"
      }, {
        "lat" : 37.4623803508,
        "lon" : -122.1386714017,
        "time" : "20140605T181737-0700"
      }, {
        "lat" : 37.4626281081,
        "lon" : -122.1395469722,
        "time" : "20140605T181806-0700"
      }, {
        "lat" : 37.4626284452,
        "lon" : -122.1400483313,
        "time" : "20140605T181822-0700"
      }, {
        "lat" : 37.4626766346,
        "lon" : -122.1406371329,
        "time" : "20140605T181843-0700"
      }, {
        "lat" : 37.4627170459,
        "lon" : -122.1415180681,
        "time" : "20140605T181900-0700"
      }, {
        "lat" : 37.4651801329,
        "lon" : -122.1415248402,
        "time" : "20140605T181928-0700"
      }, {
        "lat" : 37.4689270882,
        "lon" : -122.1409980015,
        "time" : "20140605T182006-0700"
      }, {
        "lat" : 37.4687417113,
        "lon" : -122.1412335683,
        "time" : "20140605T182025-0700"
      }, {
        "lat" : 37.470399821,
        "lon" : -122.1402888444,
        "time" : "20140605T182125-0700"
      }, {
        "lat" : 37.4704585266,
        "lon" : -122.1401936961,
        "time" : "20140605T182144-0700"
      }, {
        "lat" : 37.4704965785,
        "lon" : -122.1401559157,
        "time" : "20140605T182201-0700"
      }, {
        "lat" : 37.4705031046,
        "lon" : -122.1401494334,
        "time" : "20140605T182219-0700"
      }, {
        "lat" : 37.4706053592,
        "lon" : -122.1400304737,
        "time" : "20140605T182241-0700"
      }, {
        "lat" : 37.4714663943,
        "lon" : -122.1393332833,
        "time" : "20140605T182321-0700"
      }, {
        "lat" : 37.471731012,
        "lon" : -122.139478656,
        "time" : "20140605T182341-0700"
      }, {
        "lat" : 37.4721621824,
        "lon" : -122.1395936796,
        "time" : "20140605T182406-0700"
      }, {
        "lat" : 37.4726737958,
        "lon" : -122.1397837631,
        "time" : "20140605T182422-0700"
      }, {
        "lat" : 37.474998016,
        "lon" : -122.1395911136,
        "time" : "20140605T182438-0700"
      }, {
        "lat" : 37.4835578003,
        "lon" : -122.1405343807,
        "time" : "20140605T182535-0700"
      }, {
        "lat" : 37.4835800985,
        "lon" : -122.1405440162,
        "time" : "20140605T182555-0700"
      }, {
        "lat" : 37.4836458324,
        "lon" : -122.140586134,
        "time" : "20140605T182614-0700"
      }, {
        "lat" : 37.4853528283,
        "lon" : -122.1413809535,
        "time" : "20140605T182928-0700"
      }, {
        "lat" : 37.4853256158,
        "lon" : -122.141346331,
        "time" : "20140605T182944-0700"
      }, {
        "lat" : 37.4853216163,
        "lon" : -122.1413410376,
        "time" : "20140605T183002-0700"
      }, {
        "lat" : 37.4853216479,
        "lon" : -122.1413408186,
        "time" : "20140605T183020-0700"
      }, {
        "lat" : 37.5015480941,
        "lon" : -122.1248693216,
        "time" : "20140605T183338-0700"
      }, {
        "lat" : 37.5043540493,
        "lon" : -122.1207026599,
        "time" : "20140605T183402-0700"
      }, {
        "lat" : 37.5063540736,
        "lon" : -122.1178467714,
        "time" : "20140605T183418-0700"
      }, {
        "lat" : 37.5233927451,
        "lon" : -122.1010831168,
        "time" : "20140605T183729-0700"
      }, {
        "lat" : 37.524208446,
        "lon" : -122.1001158016,
        "time" : "20140605T183744-0700"
      }, {
        "lat" : 37.5255782819,
        "lon" : -122.0985218193,
        "time" : "20140605T183801-0700"
      }, {
        "lat" : 37.5274121572,
        "lon" : -122.0964249624,
        "time" : "20140605T183817-0700"
      }, {
        "lat" : 37.5466999735,
        "lon" : -122.0591838007,
        "time" : "20140605T184109-0700"
      }, {
        "lat" : 37.5506417629,
        "lon" : -122.0536400863,
        "time" : "20140605T184132-0700"
      }, {
        "lat" : 37.5517712771,
        "lon" : -122.052091165,
        "time" : "20140605T184147-0700"
      }, {
        "lat" : 37.5523498036,
        "lon" : -122.0513007539,
        "time" : "20140605T184203-0700"
      }, {
        "lat" : 37.5527542704,
        "lon" : -122.0506626376,
        "time" : "20140605T184222-0700"
      }, {
        "lat" : 37.5588826763,
        "lon" : -122.042120292,
        "time" : "20140605T184532-0700"
      }, {
        "lat" : 37.5598258646,
        "lon" : -122.0413689818,
        "time" : "20140605T184555-0700"
      }, {
        "lat" : 37.5598528706,
        "lon" : -122.0413480381,
        "time" : "20140605T184612-0700"
      }, {
        "lat" : 37.5730248639,
        "lon" : -122.0463245234,
        "time" : "20140605T184846-0700"
      }, {
        "lat" : 37.576135106,
        "lon" : -122.047365938,
        "time" : "20140605T184910-0700"
      }, {
        "lat" : 37.5792592341,
        "lon" : -122.0482952657,
        "time" : "20140605T184929-0700"
      }, {
        "lat" : 37.5818134166,
        "lon" : -122.0492717422,
        "time" : "20140605T184948-0700"
      }, {
        "lat" : 37.5836372488,
        "lon" : -122.0501704657,
        "time" : "20140605T185003-0700"
      }, {
        "lat" : 37.586034739,
        "lon" : -122.0518316356,
        "time" : "20140605T185022-0700"
      }, {
        "lat" : 37.5966825378,
        "lon" : -122.0589539026,
        "time" : "20140605T185122-0700"
      }, {
        "lat" : 37.6012832238,
        "lon" : -122.0635089222,
        "time" : "20140605T185150-0700"
      }, {
        "lat" : 37.6060304669,
        "lon" : -122.0665832748,
        "time" : "20140605T185211-0700"
      }, {
        "lat" : 37.6112042728,
        "lon" : -122.0697936233,
        "time" : "20140605T185251-0700"
      }, {
        "lat" : 37.6113088691,
        "lon" : -122.0698487989,
        "time" : "20140605T185317-0700"
      }, {
        "lat" : 37.6131469868,
        "lon" : -122.071134217,
        "time" : "20140605T185336-0700"
      }, {
        "lat" : 37.6141501137,
        "lon" : -122.0718313042,
        "time" : "20140605T185351-0700"
      }, {
        "lat" : 37.615784326,
        "lon" : -122.0730248368,
        "time" : "20140605T185415-0700"
      }, {
        "lat" : 37.6291803822,
        "lon" : -122.082717792,
        "time" : "20140605T185551-0700"
      }, {
        "lat" : 37.6372482562,
        "lon" : -122.0884054129,
        "time" : "20140605T185628-0700"
      }, {
        "lat" : 37.6420152288,
        "lon" : -122.0919046962,
        "time" : "20140605T185655-0700"
      }, {
        "lat" : 37.6531031688,
        "lon" : -122.0993355445,
        "time" : "20140605T185743-0700"
      }, {
        "lat" : 37.658392735,
        "lon" : -122.1026294621,
        "time" : "20140605T185806-0700"
      }, {
        "lat" : 37.6621680899,
        "lon" : -122.104947946,
        "time" : "20140605T185823-0700"
      }, {
        "lat" : 37.6673950624,
        "lon" : -122.1080945482,
        "time" : "20140605T185853-0700"
      }, {
        "lat" : 37.6769343475,
        "lon" : -122.1180076774,
        "time" : "20140605T185940-0700"
      }, {
        "lat" : 37.6792057402,
        "lon" : -122.1213724536,
        "time" : "20140605T185959-0700"
      }, {
        "lat" : 37.679206898,
        "lon" : -122.1213741687,
        "time" : "20140605T190000-0700"
      }, {
        "lat" : 37.6806603593,
        "lon" : -122.1235272846,
        "time" : "20140605T190012-0700"
      }, {
        "lat" : 37.6875154572,
        "lon" : -122.1336094385,
        "time" : "20140605T190053-0700"
      }, {
        "lat" : 37.6958888214,
        "lon" : -122.1453159943,
        "time" : "20140605T190142-0700"
      }, {
        "lat" : 37.6985583732,
        "lon" : -122.1491584055,
        "time" : "20140605T190158-0700"
      }, {
        "lat" : 37.7018074363,
        "lon" : -122.1539054314,
        "time" : "20140605T190217-0700"
      }, {
        "lat" : 37.704525096,
        "lon" : -122.1578968464,
        "time" : "20140605T190235-0700"
      }, {
        "lat" : 37.7094237305,
        "lon" : -122.1638468149,
        "time" : "20140605T190257-0700"
      }, {
        "lat" : 37.7109152922,
        "lon" : -122.1669343391,
        "time" : "20140605T190312-0700"
      }, {
        "lat" : 37.7228736536,
        "lon" : -122.180424585,
        "time" : "20140605T190416-0700"
      }, {
        "lat" : 37.7393813127,
        "lon" : -122.1951550485,
        "time" : "20140605T190535-0700"
      }, {
        "lat" : 37.7422279278,
        "lon" : -122.1977311975,
        "time" : "20140605T190550-0700"
      }, {
        "lat" : 37.7453076495,
        "lon" : -122.2004312946,
        "time" : "20140605T190606-0700"
      }, {
        "lat" : 37.7486139069,
        "lon" : -122.2033195759,
        "time" : "20140605T190623-0700"
      }, {
        "lat" : 37.7722793196,
        "lon" : -122.2252893231,
        "time" : "20140605T190830-0700"
      }, {
        "lat" : 37.7758730131,
        "lon" : -122.2345306692,
        "time" : "20140605T190906-0700"
      }, {
        "lat" : 37.781653957,
        "lon" : -122.2387565104,
        "time" : "20140605T190931-0700"
      }, {
        "lat" : 37.7851167051,
        "lon" : -122.2429484018,
        "time" : "20140605T190950-0700"
      }, {
        "lat" : 37.7872254345,
        "lon" : -122.2471721797,
        "time" : "20140605T191006-0700"
      }, {
        "lat" : 37.7890367483,
        "lon" : -122.2527148227,
        "time" : "20140605T191024-0700"
      }, {
        "lat" : 37.7928446569,
        "lon" : -122.263277595,
        "time" : "20140605T191102-0700"
      }, {
        "lat" : 37.795329706,
        "lon" : -122.2674869296,
        "time" : "20140605T191123-0700"
      }, {
        "lat" : 37.7993274517,
        "lon" : -122.2771864125,
        "time" : "20140605T191152-0700"
      }, {
        "lat" : 37.8046781596,
        "lon" : -122.3025202963,
        "time" : "20140605T191303-0700"
      }, {
        "lat" : 37.8151509089,
        "lon" : -122.2992607765,
        "time" : "20140605T191345-0700"
      }, {
        "lat" : 37.818917024,
        "lon" : -122.2946769503,
        "time" : "20140605T191402-0700"
      }, {
        "lat" : 37.8231350502,
        "lon" : -122.29160337,
        "time" : "20140605T191419-0700"
      }, {
        "lat" : 37.8370276135,
        "lon" : -122.2948443624,
        "time" : "20140605T191516-0700"
      }, {
        "lat" : 37.8407468576,
        "lon" : -122.2970049912,
        "time" : "20140605T191536-0700"
      }, {
        "lat" : 37.8438852956,
        "lon" : -122.2973142926,
        "time" : "20140605T191556-0700"
      }, {
        "lat" : 37.8479072306,
        "lon" : -122.2970051036,
        "time" : "20140605T191616-0700"
      }, {
        "lat" : 37.8505687533,
        "lon" : -122.2922075759,
        "time" : "20140605T191650-0700"
      }, {
        "lat" : 37.8507836327,
        "lon" : -122.291626251,
        "time" : "20140605T191714-0700"
      }, {
        "lat" : 37.8507953739,
        "lon" : -122.2916166803,
        "time" : "20140605T191735-0700"
      }, {
        "lat" : 37.8517085617,
        "lon" : -122.2890091198,
        "time" : "20140605T191801-0700"
      }, {
        "lat" : 37.8521084173,
        "lon" : -122.2870623307,
        "time" : "20140605T191821-0700"
      }, {
        "lat" : 37.8521707917,
        "lon" : -122.2873652564,
        "time" : "20140605T191843-0700"
      }, {
        "lat" : 37.855548493,
        "lon" : -122.2877494278,
        "time" : "20140605T191953-0700"
      }, {
        "lat" : 37.8602940659,
        "lon" : -122.2893444268,
        "time" : "20140605T192031-0700"
      }, {
        "lat" : 37.8609093229,
        "lon" : -122.2895922889,
        "time" : "20140605T192050-0700"
      }, {
        "lat" : 37.8609961934,
        "lon" : -122.2895457451,
        "time" : "20140605T192109-0700"
      }, {
        "lat" : 37.8629257837,
        "lon" : -122.2896499656,
        "time" : "20140605T192141-0700"
      }, {
        "lat" : 37.8632032768,
        "lon" : -122.2873298581,
        "time" : "20140605T192209-0700"
      }, {
        "lat" : 37.863322694,
        "lon" : -122.2862944348,
        "time" : "20140605T192225-0700"
      }, {
        "lat" : 37.863614356,
        "lon" : -122.284256772,
        "time" : "20140605T192248-0700"
      }, {
        "lat" : 37.8639063873,
        "lon" : -122.2823619398,
        "time" : "20140605T192312-0700"
      }, {
        "lat" : 37.8651525005,
        "lon" : -122.282509062,
        "time" : "20140605T192342-0700"
      }, {
        "lat" : 37.8651262387,
        "lon" : -122.2822433167,
        "time" : "20140605T192400-0700"
      }, {
        "lat" : 37.8651226339,
        "lon" : -122.2822194628,
        "time" : "20140605T192416-0700"
      }, {
        "lat" : 37.8651493645,
        "lon" : -122.282029798,
        "time" : "20140605T192432-0700"
      } ]
    } ],
    "lastUpdate" : "20140606T065035Z"
  }, {
    "type" : "place",
    "startTime" : "20140605T192432-0700",
    "endTime" : "20140605T213359-0700",
    "place" : {
      "id" : 72187887,
      "name" : "Home",
      "type" : "home",
      "location" : {
        "lat" : 37.8651493645,
        "lon" : -122.282029798
      }
    },
    "activities" : [ {
      "activity" : "walking",
      "group" : "walking",
      "manual" : false,
      "startTime" : "20140605T192432-0700",
      "endTime" : "20140605T192440-0700",
      "duration" : 8.0,
      "distance" : 4.0,
      "steps" : 8,
      "trackPoints" : [ ]
    } ],
    "lastUpdate" : "20140606T065039Z"
  }, {
    "type" : "move",
    "startTime" : "20140605T213359-0700",
    "endTime" : "20140605T215331-0700",
    "activities" : [ {
      "activity" : "walking",
      "group" : "walking",
      "manual" : false,
      "startTime" : "20140605T213359-0700",
      "endTime" : "20140605T215331-0700",
      "duration" : 1172.0,
      "distance" : 1566.0,
      "steps" : 2273,
      "trackPoints" : [ {
        "lat" : 37.8651493645,
        "lon" : -122.282029798,
        "time" : "20140605T213359-0700"
      }, {
        "lat" : 37.8652133575,
        "lon" : -122.2844782705,
        "time" : "20140605T213649-0700"
      }, {
        "lat" : 37.8653522744,
        "lon" : -122.2847641198,
        "time" : "20140605T213712-0700"
      }, {
        "lat" : 37.8652613427,
        "lon" : -122.2852518793,
        "time" : "20140605T213739-0700"
      }, {
        "lat" : 37.8652192171,
        "lon" : -122.2857894766,
        "time" : "20140605T213804-0700"
      }, {
        "lat" : 37.8651985956,
        "lon" : -122.2863525725,
        "time" : "20140605T213836-0700"
      }, {
        "lat" : 37.8651543725,
        "lon" : -122.2866631072,
        "time" : "20140605T213910-0700"
      }, {
        "lat" : 37.8651397762,
        "lon" : -122.2871443803,
        "time" : "20140605T213941-0700"
      }, {
        "lat" : 37.8650751881,
        "lon" : -122.2875032013,
        "time" : "20140605T214001-0700"
      }, {
        "lat" : 37.8650227706,
        "lon" : -122.2879038228,
        "time" : "20140605T214025-0700"
      }, {
        "lat" : 37.8649626642,
        "lon" : -122.2880443339,
        "time" : "20140605T214041-0700"
      }, {
        "lat" : 37.8649814646,
        "lon" : -122.2884141804,
        "time" : "20140605T214058-0700"
      }, {
        "lat" : 37.8647937238,
        "lon" : -122.2886999812,
        "time" : "20140605T214115-0700"
      }, {
        "lat" : 37.8647787902,
        "lon" : -122.2889595888,
        "time" : "20140605T214131-0700"
      }, {
        "lat" : 37.8647484165,
        "lon" : -122.2893703483,
        "time" : "20140605T214200-0700"
      }, {
        "lat" : 37.8647289926,
        "lon" : -122.2897751405,
        "time" : "20140605T214223-0700"
      }, {
        "lat" : 37.8647480658,
        "lon" : -122.2904579791,
        "time" : "20140605T214259-0700"
      }, {
        "lat" : 37.8648612446,
        "lon" : -122.2907388865,
        "time" : "20140605T214318-0700"
      }, {
        "lat" : 37.8652056336,
        "lon" : -122.2909177149,
        "time" : "20140605T214346-0700"
      }, {
        "lat" : 37.8654780781,
        "lon" : -122.2909803823,
        "time" : "20140605T214410-0700"
      }, {
        "lat" : 37.86561999,
        "lon" : -122.2909759071,
        "time" : "20140605T214430-0700"
      }, {
        "lat" : 37.8658181713,
        "lon" : -122.2909704215,
        "time" : "20140605T214457-0700"
      }, {
        "lat" : 37.8661179883,
        "lon" : -122.2910474993,
        "time" : "20140605T214524-0700"
      }, {
        "lat" : 37.8663342116,
        "lon" : -122.2911313812,
        "time" : "20140605T214540-0700"
      }, {
        "lat" : 37.8665794834,
        "lon" : -122.2912306307,
        "time" : "20140605T214558-0700"
      }, {
        "lat" : 37.8668850884,
        "lon" : -122.291329553,
        "time" : "20140605T214621-0700"
      }, {
        "lat" : 37.8671784294,
        "lon" : -122.2914470116,
        "time" : "20140605T214643-0700"
      }, {
        "lat" : 37.8674076188,
        "lon" : -122.2915234795,
        "time" : "20140605T214706-0700"
      }, {
        "lat" : 37.8678059803,
        "lon" : -122.2917055076,
        "time" : "20140605T214741-0700"
      }, {
        "lat" : 37.8682331932,
        "lon" : -122.2918141755,
        "time" : "20140605T214815-0700"
      }, {
        "lat" : 37.8685081525,
        "lon" : -122.29177165,
        "time" : "20140605T214845-0700"
      }, {
        "lat" : 37.8686599606,
        "lon" : -122.2918265127,
        "time" : "20140605T214908-0700"
      }, {
        "lat" : 37.8688475573,
        "lon" : -122.2919289954,
        "time" : "20140605T214925-0700"
      }, {
        "lat" : 37.8690416001,
        "lon" : -122.2919933505,
        "time" : "20140605T214941-0700"
      }, {
        "lat" : 37.869213401,
        "lon" : -122.2920346295,
        "time" : "20140605T215000-0700"
      }, {
        "lat" : 37.8693798596,
        "lon" : -122.2921109149,
        "time" : "20140605T215018-0700"
      }, {
        "lat" : 37.8695444471,
        "lon" : -122.2922007211,
        "time" : "20140605T215044-0700"
      }, {
        "lat" : 37.8697298248,
        "lon" : -122.2923026044,
        "time" : "20140605T215106-0700"
      }, {
        "lat" : 37.8698410422,
        "lon" : -122.2923402217,
        "time" : "20140605T215123-0700"
      }, {
        "lat" : 37.8702390226,
        "lon" : -122.2925426282,
        "time" : "20140605T215158-0700"
      }, {
        "lat" : 37.8704068888,
        "lon" : -122.2926323847,
        "time" : "20140605T215217-0700"
      }, {
        "lat" : 37.8704930938,
        "lon" : -122.2926774471,
        "time" : "20140605T215237-0700"
      }, {
        "lat" : 37.8704875824,
        "lon" : -122.292738378,
        "time" : "20140605T215255-0700"
      }, {
        "lat" : 37.870544231,
        "lon" : -122.2928017363,
        "time" : "20140605T215311-0700"
      }, {
        "lat" : 37.870812308,
        "lon" : -122.2929270405,
        "time" : "20140605T215331-0700"
      } ]
    } ],
    "lastUpdate" : "20140606T065039Z"
  }, {
    "type" : "place",
    "startTime" : "20140605T215331-0700",
    "endTime" : "20140606T003642-0700",
    "place" : {
      "id" : 73109797,
      "type" : "unknown",
      "location" : {
        "lat" : 37.870812308,
        "lon" : -122.2929270405
      }
    },
    "activities" : [ {
      "activity" : "walking",
      "group" : "walking",
      "manual" : false,
      "startTime" : "20140605T235420-0700",
      "endTime" : "20140605T235550-0700",
      "duration" : 90.0,
      "distance" : 46.0,
      "steps" : 92,
      "trackPoints" : [ ]
    } ],
    "lastUpdate" : "20140606T155212Z"
  } ],
  "lastUpdate" : "20140606T155212Z"
} ]