[ {
  "date" : "20140624",
  "summary" : [ {
    "activity" : "walking",
    "group" : "walking",
    "duration" : 1514.0,
    "distance" : 1475.0,
    "steps" : 1621
  }, {
    "activity" : "transport",
    "group" : "transport",
    "duration" : 3630.0,
    "distance" : 87597.0
  }, {
    "activity" : "cycling",
    "group" : "cycling",
    "duration" : 1309.0,
    "distance" : 5065.0
  } ],
  "segments" : [ {
    "type" : "move",
    "startTime" : "20140623T235639-0700",
    "endTime" : "20140624T000421-0700",
    "activities" : [ {
      "activity" : "transport",
      "group" : "transport",
      "manual" : false,
      "startTime" : "20140624T000000-0700",
      "endTime" : "20140624T000128-0700",
      "duration" : 88.0,
      "distance" : 378.0,
      "trackPoints" : [ {
        "lat" : 37.8676381799,
        "lon" : -122.2806791465,
        "time" : "20140624T000000-0700"
      }, {
        "lat" : 37.8676080776,
        "lon" : -122.2808342963,
        "time" : "20140624T000001-0700"
      }, {
        "lat" : 37.867086184,
        "lon" : -122.2816011029,
        "time" : "20140624T000020-0700"
      }, {
        "lat" : 37.8655410782,
        "lon" : -122.2822912802,
        "time" : "20140624T000057-0700"
      }, {
        "lat" : 37.8650618684,
        "lon" : -122.2821094021,
        "time" : "20140624T000127-0700"
      } ]
    }, {
      "activity" : "walking",
      "group" : "walking",
      "manual" : false,
      "startTime" : "20140624T000127-0700",
      "endTime" : "20140624T000421-0700",
      "duration" : 174.0,
      "distance" : 87.0,
      "steps" : 98,
      "trackPoints" : [ {
        "lat" : 37.8650618684,
        "lon" : -122.2821094021,
        "time" : "20140624T000127-0700"
      }, {
        "lat" : 37.8650142034,
        "lon" : -122.2820581187,
        "time" : "20140624T000148-0700"
      }, {
        "lat" : 37.8650236044,
        "lon" : -122.2820392947,
        "time" : "20140624T000204-0700"
      }, {
        "lat" : 37.8650302601,
        "lon" : -122.2820368017,
        "time" : "20140624T000222-0700"
      }, {
        "lat" : 37.8651493645,
        "lon" : -122.282029798,
        "time" : "20140624T000421-0700"
      } ]
    } ],
    "lastUpdate" : "20140624T154406Z"
  }, {
    "type" : "place",
    "startTime" : "20140624T000422-0700",
    "endTime" : "20140624T084247-0700",
    "place" : {
      "id" : 72187887,
      "name" : "Home",
      "type" : "home",
      "location" : {
        "lat" : 37.8651493645,
        "lon" : -122.282029798
      }
    },
    "activities" : [ {
      "activity" : "walking",
      "group" : "walking",
      "manual" : false,
      "startTime" : "20140624T000527-0700",
      "endTime" : "20140624T000557-0700",
      "duration" : 30.0,
      "distance" : 21.0,
      "steps" : 41,
      "trackPoints" : [ ]
    } ],
    "lastUpdate" : "20140624T201714Z"
  }, {
    "type" : "move",
    "startTime" : "20140624T084247-0700",
    "endTime" : "20140624T090420-0700",
    "activities" : [ {
      "activity" : "cycling",
      "group" : "cycling",
      "manual" : false,
      "startTime" : "20140624T084247-0700",
      "endTime" : "20140624T085150-0700",
      "duration" : 543.0,
      "distance" : 1865.0,
      "trackPoints" : [ {
        "lat" : 37.8651493645,
        "lon" : -122.282029798,
        "time" : "20140624T084247-0700"
      }, {
        "lat" : 37.8660901908,
        "lon" : -122.2794075608,
        "time" : "20140624T084405-0700"
      }, {
        "lat" : 37.8662146554,
        "lon" : -122.2779998116,
        "time" : "20140624T084436-0700"
      }, {
        "lat" : 37.8663389813,
        "lon" : -122.2772342384,
        "time" : "20140624T084454-0700"
      }, {
        "lat" : 37.8664912211,
        "lon" : -122.2765228133,
        "time" : "20140624T084510-0700"
      }, {
        "lat" : 37.8666316841,
        "lon" : -122.2755757215,
        "time" : "20140624T084529-0700"
      }, {
        "lat" : 37.8668400246,
        "lon" : -122.274180277,
        "time" : "20140624T084557-0700"
      }, {
        "lat" : 37.8669511869,
        "lon" : -122.2732881058,
        "time" : "20140624T084619-0700"
      }, {
        "lat" : 37.8672437335,
        "lon" : -122.2726748436,
        "time" : "20140624T084642-0700"
      }, {
        "lat" : 37.8681278721,
        "lon" : -122.2725841302,
        "time" : "20140624T084712-0700"
      }, {
        "lat" : 37.8690292015,
        "lon" : -122.272557122,
        "time" : "20140624T084729-0700"
      }, {
        "lat" : 37.8695417576,
        "lon" : -122.2720642583,
        "time" : "20140624T084750-0700"
      }, {
        "lat" : 37.8699428607,
        "lon" : -122.2706393048,
        "time" : "20140624T084807-0700"
      }, {
        "lat" : 37.8699243369,
        "lon" : -122.2706061704,
        "time" : "20140624T084829-0700"
      }, {
        "lat" : 37.8699289506,
        "lon" : -122.2705745282,
        "time" : "20140624T084847-0700"
      }, {
        "lat" : 37.8701558362,
        "lon" : -122.2694752328,
        "time" : "20140624T084908-0700"
      }, {
        "lat" : 37.8702655644,
        "lon" : -122.2683680552,
        "time" : "20140624T084936-0700"
      }, {
        "lat" : 37.8703876109,
        "lon" : -122.2678640392,
        "time" : "20140624T084952-0700"
      }, {
        "lat" : 37.8705251435,
        "lon" : -122.2670437816,
        "time" : "20140624T085012-0700"
      }, {
        "lat" : 37.8705002397,
        "lon" : -122.2663901514,
        "time" : "20140624T085032-0700"
      }, {
        "lat" : 37.8705199278,
        "lon" : -122.2662800224,
        "time" : "20140624T085048-0700"
      }, {
        "lat" : 37.8705915778,
        "lon" : -122.26640205,
        "time" : "20140624T085117-0700"
      }, {
        "lat" : 37.8713448452,
        "lon" : -122.2661692877,
        "time" : "20140624T085150-0700"
      } ]
    }, {
      "activity" : "walking",
      "group" : "walking",
      "manual" : false,
      "startTime" : "20140624T085150-0700",
      "endTime" : "20140624T090421-0700",
      "duration" : 751.0,
      "distance" : 786.0,
      "steps" : 822,
      "trackPoints" : [ {
        "lat" : 37.8713448452,
        "lon" : -122.2661692877,
        "time" : "20140624T085150-0700"
      }, {
        "lat" : 37.8718730675,
        "lon" : -122.2645517948,
        "time" : "20140624T085219-0700"
      }, {
        "lat" : 37.8720146775,
        "lon" : -122.2638230508,
        "time" : "20140624T085234-0700"
      }, {
        "lat" : 37.872510526,
        "lon" : -122.2631817429,
        "time" : "20140624T085257-0700"
      }, {
        "lat" : 37.8725465393,
        "lon" : -122.2624817304,
        "time" : "20140624T085320-0700"
      }, {
        "lat" : 37.8725676222,
        "lon" : -122.2618138047,
        "time" : "20140624T085341-0700"
      }, {
        "lat" : 37.8730333601,
        "lon" : -122.2610003586,
        "time" : "20140624T085404-0700"
      }, {
        "lat" : 37.873199132,
        "lon" : -122.2595299198,
        "time" : "20140624T085443-0700"
      }, {
        "lat" : 37.8733034502,
        "lon" : -122.2595058089,
        "time" : "20140624T085504-0700"
      }, {
        "lat" : 37.8733594041,
        "lon" : -122.2595515821,
        "time" : "20140624T085527-0700"
      }, {
        "lat" : 37.8734665219,
        "lon" : -122.2596541161,
        "time" : "20140624T085544-0700"
      }, {
        "lat" : 37.8737293452,
        "lon" : -122.2598827644,
        "time" : "20140624T085608-0700"
      }, {
        "lat" : 37.8740506857,
        "lon" : -122.2599625413,
        "time" : "20140624T085631-0700"
      }, {
        "lat" : 37.8743204523,
        "lon" : -122.2599371206,
        "time" : "20140624T085659-0700"
      }, {
        "lat" : 37.8745661946,
        "lon" : -122.2597734558,
        "time" : "20140624T085722-0700"
      }, {
        "lat" : 37.8746321273,
        "lon" : -122.2594949685,
        "time" : "20140624T085741-0700"
      }, {
        "lat" : 37.8747051557,
        "lon" : -122.2592217993,
        "time" : "20140624T085801-0700"
      }, {
        "lat" : 37.8747590883,
        "lon" : -122.2589570048,
        "time" : "20140624T085824-0700"
      }, {
        "lat" : 37.8747078766,
        "lon" : -122.2588371685,
        "time" : "20140624T085847-0700"
      }, {
        "lat" : 37.8747320341,
        "lon" : -122.2588267591,
        "time" : "20140624T085909-0700"
      }, {
        "lat" : 37.874813863,
        "lon" : -122.2588314865,
        "time" : "20140624T085933-0700"
      }, {
        "lat" : 37.8748927659,
        "lon" : -122.2588597187,
        "time" : "20140624T085952-0700"
      }, {
        "lat" : 37.8748511911,
        "lon" : -122.2588596329,
        "time" : "20140624T085959-0700"
      }, {
        "lat" : 37.8748511389,
        "lon" : -122.2588596328,
        "time" : "20140624T090000-0700"
      }, {
        "lat" : 37.8747985064,
        "lon" : -122.2588595242,
        "time" : "20140624T090010-0700"
      }, {
        "lat" : 37.8746691106,
        "lon" : -122.2588053933,
        "time" : "20140624T090031-0700"
      }, {
        "lat" : 37.8747078802,
        "lon" : -122.2588254302,
        "time" : "20140624T090050-0700"
      }, {
        "lat" : 37.8747050574,
        "lon" : -122.2588394998,
        "time" : "20140624T090127-0700"
      }, {
        "lat" : 37.8747056566,
        "lon" : -122.2588329951,
        "time" : "20140624T090146-0700"
      }, {
        "lat" : 37.8747097416,
        "lon" : -122.2588172397,
        "time" : "20140624T090209-0700"
      }, {
        "lat" : 37.8747275593,
        "lon" : -122.2587526709,
        "time" : "20140624T090233-0700"
      }, {
        "lat" : 37.8747421615,
        "lon" : -122.2586594879,
        "time" : "20140624T090250-0700"
      }, {
        "lat" : 37.8747558465,
        "lon" : -122.2584949074,
        "time" : "20140624T090306-0700"
      }, {
        "lat" : 37.8747572124,
        "lon" : -122.2583957183,
        "time" : "20140624T090341-0700"
      }, {
        "lat" : 37.874742047,
        "lon" : -122.258549454,
        "time" : "20140624T090401-0700"
      }, {
        "lat" : 37.8748152837,
        "lon" : -122.2583994269,
        "time" : "20140624T090420-0700"
      } ]
    } ],
    "lastUpdate" : "20140624T201714Z"
  }, {
    "type" : "place",
    "startTime" : "20140624T090420-0700",
    "endTime" : "20140624T105116-0700",
    "place" : {
      "id" : 73323513,
      "name" : "Sutardja Dai Hall - CITRIS Building",
      "type" : "foursquare",
      "foursquareId" : "4a68c693f964a520fcca1fe3",
      "foursquareCategoryIds" : [ "4bf58dd8d48988d19f941735" ],
      "location" : {
        "lat" : 37.87481528371463,
        "lon" : -122.2583994269371
      }
    },
    "activities" : [ {
      "activity" : "walking",
      "group" : "walking",
      "manual" : false,
      "startTime" : "20140624T090619-0700",
      "endTime" : "20140624T090649-0700",
      "duration" : 30.0,
      "distance" : 31.0,
      "steps" : 61,
      "trackPoints" : [ ]
    } ],
    "lastUpdate" : "20140624T201717Z"
  }, {
    "type" : "move",
    "startTime" : "20140624T105116-0700",
    "endTime" : "20140624T105435-0700",
    "activities" : [ {
      "activity" : "walking",
      "group" : "walking",
      "manual" : false,
      "startTime" : "20140624T105116-0700",
      "endTime" : "20140624T105435-0700",
      "duration" : 199.0,
      "distance" : 244.0,
      "steps" : 204,
      "trackPoints" : [ {
        "lat" : 37.8748152837,
        "lon" : -122.2583994269,
        "time" : "20140624T105116-0700"
      }, {
        "lat" : 37.8727178178,
        "lon" : -122.2585958164,
        "time" : "20140624T105405-0700"
      }, {
        "lat" : 37.8727178178,
        "lon" : -122.2585958164,
        "time" : "20140624T105435-0700"
      } ]
    } ],
    "lastUpdate" : "20140624T201717Z"
  }, {
    "type" : "place",
    "startTime" : "20140624T105435-0700",
    "endTime" : "20140624T121338-0700",
    "place" : {
      "id" : 79528940,
      "type" : "unknown",
      "location" : {
        "lat" : 37.8729939627,
        "lon" : -122.258653389
      }
    },
    "activities" : [ {
      "activity" : "walking",
      "group" : "walking",
      "manual" : false,
      "startTime" : "20140624T110005-0700",
      "endTime" : "20140624T110035-0700",
      "duration" : 30.0,
      "distance" : 15.0,
      "steps" : 30,
      "trackPoints" : [ ]
    } ],
    "lastUpdate" : "20140624T201720Z"
  }, {
    "type" : "move",
    "startTime" : "20140624T121338-0700",
    "endTime" : "20140624T121906-0700",
    "activities" : [ {
      "activity" : "cycling",
      "group" : "cycling",
      "manual" : false,
      "startTime" : "20140624T121338-0700",
      "endTime" : "20140624T121906-0700",
      "duration" : 328.0,
      "distance" : 1214.0,
      "trackPoints" : [ {
        "lat" : 37.8729939627,
        "lon" : -122.258653389,
        "time" : "20140624T121338-0700"
      }, {
        "lat" : 37.8744654683,
        "lon" : -122.2590142022,
        "time" : "20140624T121428-0700"
      }, {
        "lat" : 37.8745121474,
        "lon" : -122.2589733902,
        "time" : "20140624T121446-0700"
      }, {
        "lat" : 37.874490941,
        "lon" : -122.258901425,
        "time" : "20140624T121505-0700"
      }, {
        "lat" : 37.8745271328,
        "lon" : -122.2589421401,
        "time" : "20140624T121523-0700"
      }, {
        "lat" : 37.8746351839,
        "lon" : -122.2590766675,
        "time" : "20140624T121545-0700"
      }, {
        "lat" : 37.8749772335,
        "lon" : -122.2600295901,
        "time" : "20140624T121626-0700"
      }, {
        "lat" : 37.8751158341,
        "lon" : -122.2604020491,
        "time" : "20140624T121644-0700"
      }, {
        "lat" : 37.8746393592,
        "lon" : -122.2637549249,
        "time" : "20140624T121736-0700"
      }, {
        "lat" : 37.8745811322,
        "lon" : -122.2640240639,
        "time" : "20140624T121801-0700"
      }, {
        "lat" : 37.8741577308,
        "lon" : -122.2661035693,
        "time" : "20140624T121846-0700"
      }, {
        "lat" : 37.8732549674,
        "lon" : -122.2687864097,
        "time" : "20140624T121906-0700"
      } ]
    } ],
    "lastUpdate" : "20140624T201720Z"
  }, {
    "type" : "place",
    "startTime" : "20140624T121906-0700",
    "endTime" : "20140624T130933-0700",
    "place" : {
      "id" : 79599502,
      "type" : "unknown",
      "location" : {
        "lat" : 37.8736376027,
        "lon" : -122.2687092934
      }
    },
    "activities" : [ {
      "activity" : "walking",
      "group" : "walking",
      "manual" : false,
      "startTime" : "20140624T121940-0700",
      "endTime" : "20140624T122010-0700",
      "duration" : 30.0,
      "distance" : 41.0,
      "steps" : 81,
      "trackPoints" : [ ]
    } ],
    "lastUpdate" : "20140625T025438Z"
  }, {
    "type" : "move",
    "startTime" : "20140624T130933-0700",
    "endTime" : "20140624T131651-0700",
    "activities" : [ {
      "activity" : "cycling",
      "group" : "cycling",
      "manual" : false,
      "startTime" : "20140624T130933-0700",
      "endTime" : "20140624T131651-0700",
      "duration" : 438.0,
      "distance" : 1986.0,
      "trackPoints" : [ {
        "lat" : 37.8736376027,
        "lon" : -122.2687092934,
        "time" : "20140624T130933-0700"
      }, {
        "lat" : 37.8717667396,
        "lon" : -122.2722932786,
        "time" : "20140624T131103-0700"
      }, {
        "lat" : 37.8715235487,
        "lon" : -122.2733831878,
        "time" : "20140624T131119-0700"
      }, {
        "lat" : 37.8713759624,
        "lon" : -122.2747765226,
        "time" : "20140624T131135-0700"
      }, {
        "lat" : 37.8711354661,
        "lon" : -122.2764990522,
        "time" : "20140624T131155-0700"
      }, {
        "lat" : 37.8709563053,
        "lon" : -122.2778277593,
        "time" : "20140624T131214-0700"
      }, {
        "lat" : 37.8707556665,
        "lon" : -122.2794861965,
        "time" : "20140624T131235-0700"
      }, {
        "lat" : 37.8705841451,
        "lon" : -122.2808094801,
        "time" : "20140624T131252-0700"
      }, {
        "lat" : 37.8705078992,
        "lon" : -122.2816692842,
        "time" : "20140624T131308-0700"
      }, {
        "lat" : 37.8704275601,
        "lon" : -122.2819573312,
        "time" : "20140624T131341-0700"
      }, {
        "lat" : 37.8704189851,
        "lon" : -122.2819336006,
        "time" : "20140624T131356-0700"
      }, {
        "lat" : 37.8702951571,
        "lon" : -122.2817233486,
        "time" : "20140624T131431-0700"
      }, {
        "lat" : 37.8692525194,
        "lon" : -122.2817938785,
        "time" : "20140624T131454-0700"
      }, {
        "lat" : 37.8682896144,
        "lon" : -122.2819610065,
        "time" : "20140624T131513-0700"
      }, {
        "lat" : 37.8674477627,
        "lon" : -122.2818880311,
        "time" : "20140624T131532-0700"
      }, {
        "lat" : 37.8669532582,
        "lon" : -122.281867726,
        "time" : "20140624T131549-0700"
      }, {
        "lat" : 37.8660614596,
        "lon" : -122.2817390549,
        "time" : "20140624T131612-0700"
      }, {
        "lat" : 37.8657320084,
        "lon" : -122.2820681677,
        "time" : "20140624T131629-0700"
      }, {
        "lat" : 37.8651493645,
        "lon" : -122.282029798,
        "time" : "20140624T131651-0700"
      } ]
    } ],
    "lastUpdate" : "20140625T025438Z"
  }, {
    "type" : "place",
    "startTime" : "20140624T131651-0700",
    "endTime" : "20140624T195429-0700",
    "place" : {
      "id" : 72187887,
      "name" : "Home",
      "type" : "home",
      "location" : {
        "lat" : 37.8651493645,
        "lon" : -122.282029798
      }
    },
    "activities" : [ {
      "activity" : "walking",
      "group" : "walking",
      "manual" : false,
      "startTime" : "20140624T131718-0700",
      "endTime" : "20140624T131948-0700",
      "duration" : 150.0,
      "distance" : 113.0,
      "steps" : 101,
      "trackPoints" : [ ]
    } ],
    "lastUpdate" : "20140625T093500Z"
  }, {
    "type" : "move",
    "startTime" : "20140624T195429-0700",
    "endTime" : "20140624T204410-0700",
    "activities" : [ {
      "activity" : "transport",
      "group" : "transport",
      "manual" : false,
      "startTime" : "20140624T195429-0700",
      "endTime" : "20140624T204410-0700",
      "duration" : 2981.0,
      "distance" : 86574.0,
      "trackPoints" : [ {
        "lat" : 37.8651493645,
        "lon" : -122.282029798,
        "time" : "20140624T195429-0700"
      }, {
        "lat" : 37.8625068673,
        "lon" : -122.2812903725,
        "time" : "20140624T195440-0700"
      }, {
        "lat" : 37.862334996,
        "lon" : -122.2812121229,
        "time" : "20140624T195456-0700"
      }, {
        "lat" : 37.8623028572,
        "lon" : -122.2812104482,
        "time" : "20140624T195515-0700"
      }, {
        "lat" : 37.8607028287,
        "lon" : -122.2806562122,
        "time" : "20140624T195533-0700"
      }, {
        "lat" : 37.8575477161,
        "lon" : -122.2797198297,
        "time" : "20140624T195602-0700"
      }, {
        "lat" : 37.8548784182,
        "lon" : -122.2793788167,
        "time" : "20140624T195625-0700"
      }, {
        "lat" : 37.8510122388,
        "lon" : -122.2784026115,
        "time" : "20140624T195653-0700"
      }, {
        "lat" : 37.8480218758,
        "lon" : -122.277763853,
        "time" : "20140624T195730-0700"
      }, {
        "lat" : 37.848139322,
        "lon" : -122.2764681466,
        "time" : "20140624T195816-0700"
      }, {
        "lat" : 37.8485847337,
        "lon" : -122.2734356277,
        "time" : "20140624T195837-0700"
      }, {
        "lat" : 37.8486976064,
        "lon" : -122.2717142196,
        "time" : "20140624T195853-0700"
      }, {
        "lat" : 37.84704238,
        "lon" : -122.2716889461,
        "time" : "20140624T195910-0700"
      }, {
        "lat" : 37.8452080061,
        "lon" : -122.2709665257,
        "time" : "20140624T195926-0700"
      }, {
        "lat" : 37.8427488696,
        "lon" : -122.2703207795,
        "time" : "20140624T195945-0700"
      }, {
        "lat" : 37.8412424218,
        "lon" : -122.2700695783,
        "time" : "20140624T195959-0700"
      }, {
        "lat" : 37.8412413674,
        "lon" : -122.2700694025,
        "time" : "20140624T200000-0700"
      }, {
        "lat" : 37.8399019783,
        "lon" : -122.2698460585,
        "time" : "20140624T200012-0700"
      }, {
        "lat" : 37.8399077262,
        "lon" : -122.269861683,
        "time" : "20140624T200039-0700"
      }, {
        "lat" : 37.8399090116,
        "lon" : -122.2698620179,
        "time" : "20140624T200054-0700"
      }, {
        "lat" : 37.8396218676,
        "lon" : -122.2697070608,
        "time" : "20140624T200117-0700"
      }, {
        "lat" : 37.8376406356,
        "lon" : -122.2688749691,
        "time" : "20140624T200144-0700"
      }, {
        "lat" : 37.8349287975,
        "lon" : -122.2670551809,
        "time" : "20140624T200213-0700"
      }, {
        "lat" : 37.8296075891,
        "lon" : -122.2680440391,
        "time" : "20140624T200239-0700"
      }, {
        "lat" : 37.8247752862,
        "lon" : -122.2691129627,
        "time" : "20140624T200300-0700"
      }, {
        "lat" : 37.8158689303,
        "lon" : -122.2709404041,
        "time" : "20140624T200334-0700"
      }, {
        "lat" : 37.8088586376,
        "lon" : -122.276228646,
        "time" : "20140624T200404-0700"
      }, {
        "lat" : 37.8026264718,
        "lon" : -122.2803789237,
        "time" : "20140624T200430-0700"
      }, {
        "lat" : 37.7993854307,
        "lon" : -122.2779035077,
        "time" : "20140624T200446-0700"
      }, {
        "lat" : 37.7977695953,
        "lon" : -122.2734461053,
        "time" : "20140624T200501-0700"
      }, {
        "lat" : 37.796060422,
        "lon" : -122.2691175086,
        "time" : "20140624T200517-0700"
      }, {
        "lat" : 37.790314156,
        "lon" : -122.2533411537,
        "time" : "20140624T200612-0700"
      }, {
        "lat" : 37.7858926181,
        "lon" : -122.2449016952,
        "time" : "20140624T200634-0700"
      }, {
        "lat" : 37.7818316969,
        "lon" : -122.2388961552,
        "time" : "20140624T200656-0700"
      }, {
        "lat" : 37.7769409682,
        "lon" : -122.235971061,
        "time" : "20140624T200717-0700"
      }, {
        "lat" : 37.7738332755,
        "lon" : -122.2300143729,
        "time" : "20140624T200737-0700"
      }, {
        "lat" : 37.7709598326,
        "lon" : -122.2227826894,
        "time" : "20140624T200756-0700"
      }, {
        "lat" : 37.7673974274,
        "lon" : -122.2198309371,
        "time" : "20140624T200812-0700"
      }, {
        "lat" : 37.7623566036,
        "lon" : -122.2155013334,
        "time" : "20140624T200832-0700"
      }, {
        "lat" : 37.7587495715,
        "lon" : -122.2123790132,
        "time" : "20140624T200847-0700"
      }, {
        "lat" : 37.754936155,
        "lon" : -122.2090700437,
        "time" : "20140624T200903-0700"
      }, {
        "lat" : 37.7491942346,
        "lon" : -122.2039378653,
        "time" : "20140624T200930-0700"
      }, {
        "lat" : 37.7452657661,
        "lon" : -122.2005961644,
        "time" : "20140624T200945-0700"
      }, {
        "lat" : 37.7381112505,
        "lon" : -122.1945087628,
        "time" : "20140624T201013-0700"
      }, {
        "lat" : 37.730161799,
        "lon" : -122.1871341288,
        "time" : "20140624T201050-0700"
      }, {
        "lat" : 37.7244499389,
        "lon" : -122.1823040096,
        "time" : "20140624T201113-0700"
      }, {
        "lat" : 37.71713711,
        "lon" : -122.1746607972,
        "time" : "20140624T201144-0700"
      }, {
        "lat" : 37.7071932359,
        "lon" : -122.161998895,
        "time" : "20140624T201231-0700"
      }, {
        "lat" : 37.7039371306,
        "lon" : -122.1573749195,
        "time" : "20140624T201248-0700"
      }, {
        "lat" : 37.7009428181,
        "lon" : -122.1529281079,
        "time" : "20140624T201304-0700"
      }, {
        "lat" : 37.6970761868,
        "lon" : -122.1473624261,
        "time" : "20140624T201324-0700"
      }, {
        "lat" : 37.6923230167,
        "lon" : -122.1404890685,
        "time" : "20140624T201348-0700"
      }, {
        "lat" : 37.6874096683,
        "lon" : -122.1340213838,
        "time" : "20140624T201413-0700"
      }, {
        "lat" : 37.6838097285,
        "lon" : -122.1280078737,
        "time" : "20140624T201435-0700"
      }, {
        "lat" : 37.6786473696,
        "lon" : -122.1205366148,
        "time" : "20140624T201505-0700"
      }, {
        "lat" : 37.6731639035,
        "lon" : -122.1128230059,
        "time" : "20140624T201528-0700"
      }, {
        "lat" : 37.6692358044,
        "lon" : -122.109294833,
        "time" : "20140624T201547-0700"
      }, {
        "lat" : 37.6643716484,
        "lon" : -122.1065741676,
        "time" : "20140624T201603-0700"
      }, {
        "lat" : 37.6606470486,
        "lon" : -122.1041892403,
        "time" : "20140624T201618-0700"
      }, {
        "lat" : 37.6543807372,
        "lon" : -122.1002462102,
        "time" : "20140624T201640-0700"
      }, {
        "lat" : 37.6483851682,
        "lon" : -122.0964553658,
        "time" : "20140624T201703-0700"
      }, {
        "lat" : 37.6411440455,
        "lon" : -122.091287287,
        "time" : "20140624T201731-0700"
      }, {
        "lat" : 37.6278504277,
        "lon" : -122.0817592374,
        "time" : "20140624T201825-0700"
      }, {
        "lat" : 37.6212410618,
        "lon" : -122.0768559938,
        "time" : "20140624T201851-0700"
      }, {
        "lat" : 37.6051696823,
        "lon" : -122.0655353788,
        "time" : "20140624T201955-0700"
      }, {
        "lat" : 37.5997644814,
        "lon" : -122.0620311081,
        "time" : "20140624T202017-0700"
      }, {
        "lat" : 37.5919177865,
        "lon" : -122.0561725587,
        "time" : "20140624T202042-0700"
      }, {
        "lat" : 37.5851926945,
        "lon" : -122.0513834729,
        "time" : "20140624T202108-0700"
      }, {
        "lat" : 37.5782178697,
        "lon" : -122.0481690407,
        "time" : "20140624T202133-0700"
      }, {
        "lat" : 37.5733392876,
        "lon" : -122.0464696522,
        "time" : "20140624T202151-0700"
      }, {
        "lat" : 37.569070194,
        "lon" : -122.0443396242,
        "time" : "20140624T202209-0700"
      }, {
        "lat" : 37.5655118146,
        "lon" : -122.0406512654,
        "time" : "20140624T202225-0700"
      }, {
        "lat" : 37.560357343,
        "lon" : -122.0348661079,
        "time" : "20140624T202250-0700"
      }, {
        "lat" : 37.5511416003,
        "lon" : -122.0262102767,
        "time" : "20140624T202330-0700"
      }, {
        "lat" : 37.5421532793,
        "lon" : -122.0195376363,
        "time" : "20140624T202405-0700"
      }, {
        "lat" : 37.538223724,
        "lon" : -122.016462391,
        "time" : "20140624T202421-0700"
      }, {
        "lat" : 37.5349268898,
        "lon" : -122.0117601404,
        "time" : "20140624T202439-0700"
      }, {
        "lat" : 37.5321233328,
        "lon" : -122.0065357571,
        "time" : "20140624T202457-0700"
      }, {
        "lat" : 37.5292726189,
        "lon" : -122.0012812773,
        "time" : "20140624T202515-0700"
      }, {
        "lat" : 37.5268270143,
        "lon" : -121.9965750248,
        "time" : "20140624T202531-0700"
      }, {
        "lat" : 37.5243907695,
        "lon" : -121.9916369707,
        "time" : "20140624T202547-0700"
      }, {
        "lat" : 37.5199535909,
        "lon" : -121.9831171007,
        "time" : "20140624T202617-0700"
      }, {
        "lat" : 37.5164957595,
        "lon" : -121.9787777729,
        "time" : "20140624T202633-0700"
      }, {
        "lat" : 37.5134889588,
        "lon" : -121.9750669191,
        "time" : "20140624T202648-0700"
      }, {
        "lat" : 37.5024153082,
        "lon" : -121.9609219209,
        "time" : "20140624T202744-0700"
      }, {
        "lat" : 37.4896801105,
        "lon" : -121.9448936374,
        "time" : "20140624T202847-0700"
      }, {
        "lat" : 37.4685885113,
        "lon" : -121.9288915946,
        "time" : "20140624T203009-0700"
      }, {
        "lat" : 37.4641925931,
        "lon" : -121.926771716,
        "time" : "20140624T203025-0700"
      }, {
        "lat" : 37.4575212745,
        "lon" : -121.9237371448,
        "time" : "20140624T203049-0700"
      }, {
        "lat" : 37.4528802262,
        "lon" : -121.9228067846,
        "time" : "20140624T203105-0700"
      }, {
        "lat" : 37.4413021526,
        "lon" : -121.9203211853,
        "time" : "20140624T203148-0700"
      }, {
        "lat" : 37.4347526887,
        "lon" : -121.9191930395,
        "time" : "20140624T203212-0700"
      }, {
        "lat" : 37.4197731409,
        "lon" : -121.9419277348,
        "time" : "20140624T203356-0700"
      }, {
        "lat" : 37.4194459005,
        "lon" : -121.9499138367,
        "time" : "20140624T203418-0700"
      }, {
        "lat" : 37.4193902415,
        "lon" : -121.958006844,
        "time" : "20140624T203440-0700"
      }, {
        "lat" : 37.4191293159,
        "lon" : -121.9637033839,
        "time" : "20140624T203456-0700"
      }, {
        "lat" : 37.4183423892,
        "lon" : -121.9712537384,
        "time" : "20140624T203517-0700"
      }, {
        "lat" : 37.4126661547,
        "lon" : -121.9847969078,
        "time" : "20140624T203601-0700"
      }, {
        "lat" : 37.4086379364,
        "lon" : -122.0018754588,
        "time" : "20140624T203648-0700"
      }, {
        "lat" : 37.4056998537,
        "lon" : -122.0152939931,
        "time" : "20140624T203725-0700"
      }, {
        "lat" : 37.403881446,
        "lon" : -122.0239619761,
        "time" : "20140624T203752-0700"
      }, {
        "lat" : 37.402915069,
        "lon" : -122.0284129999,
        "time" : "20140624T203811-0700"
      }, {
        "lat" : 37.4019769119,
        "lon" : -122.0354908941,
        "time" : "20140624T203840-0700"
      }, {
        "lat" : 37.4015212595,
        "lon" : -122.0387792045,
        "time" : "20140624T203857-0700"
      }, {
        "lat" : 37.4052775111,
        "lon" : -122.0559831647,
        "time" : "20140624T204000-0700"
      }, {
        "lat" : 37.4068574992,
        "lon" : -122.062661568,
        "time" : "20140624T204020-0700"
      }, {
        "lat" : 37.4111730339,
        "lon" : -122.0751345884,
        "time" : "20140624T204108-0700"
      }, {
        "lat" : 37.4133722371,
        "lon" : -122.0776498452,
        "time" : "20140624T204135-0700"
      }, {
        "lat" : 37.4133995475,
        "lon" : -122.0777115222,
        "time" : "20140624T204158-0700"
      }, {
        "lat" : 37.4111073875,
        "lon" : -122.0781956536,
        "time" : "20140624T204226-0700"
      }, {
        "lat" : 37.4091500065,
        "lon" : -122.0780017841,
        "time" : "20140624T204243-0700"
      }, {
        "lat" : 37.408238781,
        "lon" : -122.0779291422,
        "time" : "20140624T204259-0700"
      }, {
        "lat" : 37.4066152449,
        "lon" : -122.0781390789,
        "time" : "20140624T204323-0700"
      }, {
        "lat" : 37.4032619516,
        "lon" : -122.0782355482,
        "time" : "20140624T204353-0700"
      }, {
        "lat" : 37.4032050638,
        "lon" : -122.0791090625,
        "time" : "20140624T204410-0700"
      } ]
    } ],
    "lastUpdate" : "20140625T093500Z"
  }, {
    "type" : "place",
    "startTime" : "20140624T204410-0700",
    "endTime" : "20140624T210540-0700",
    "place" : {
      "id" : 79647501,
      "type" : "unknown",
      "location" : {
        "lat" : 37.4032050638,
        "lon" : -122.0791090625
      }
    },
    "activities" : [ {
      "activity" : "walking",
      "group" : "walking",
      "manual" : false,
      "startTime" : "20140624T204426-0700",
      "endTime" : "20140624T204626-0700",
      "duration" : 120.0,
      "distance" : 137.0,
      "steps" : 183,
      "trackPoints" : [ ]
    } ],
    "lastUpdate" : "20140625T093502Z"
  }, {
    "type" : "move",
    "startTime" : "20140624T210540-0700",
    "endTime" : "20140624T211501-0700",
    "activities" : [ {
      "activity" : "transport",
      "group" : "transport",
      "manual" : false,
      "startTime" : "20140624T210540-0700",
      "endTime" : "20140624T211501-0700",
      "duration" : 561.0,
      "distance" : 645.0,
      "trackPoints" : [ {
        "lat" : 37.4032050638,
        "lon" : -122.0791090625,
        "time" : "20140624T210540-0700"
      }, {
        "lat" : 37.4033396014,
        "lon" : -122.0854525385,
        "time" : "20140624T211501-0700"
      } ]
    } ],
    "lastUpdate" : "20140625T093502Z"
  }, {
    "type" : "place",
    "startTime" : "20140624T211501-0700",
    "endTime" : "20140625T000120-0700",
    "place" : {
      "id" : 75869123,
      "type" : "unknown",
      "location" : {
        "lat" : 37.4033396014,
        "lon" : -122.0854525385
      }
    },
    "lastUpdate" : "20140625T093513Z"
  } ],
  "lastUpdate" : "20140625T093513Z"
} ]