[ {
  "date" : "20140607",
  "summary" : [ {
    "activity" : "walking",
    "group" : "walking",
    "duration" : 3138.0,
    "distance" : 2597.0,
    "steps" : 4220
  }, {
    "activity" : "transport",
    "group" : "transport",
    "duration" : 4966.0,
    "distance" : 31590.0
  }, {
    "activity" : "running",
    "group" : "running",
    "duration" : 456.0,
    "distance" : 1089.0,
    "steps" : 1165
  } ],
  "segments" : [ {
    "type" : "place",
    "startTime" : "20140606T212815-0700",
    "endTime" : "20140607T115141-0700",
    "place" : {
      "id" : 72187887,
      "name" : "Home",
      "type" : "home",
      "location" : {
        "lat" : 37.8651493645,
        "lon" : -122.282029798
      }
    },
    "lastUpdate" : "20140608T022151Z"
  }, {
    "type" : "move",
    "startTime" : "20140607T115141-0700",
    "endTime" : "20140607T125402-0700",
    "activities" : [ {
      "activity" : "running",
      "group" : "running",
      "manual" : false,
      "startTime" : "20140607T115141-0700",
      "endTime" : "20140607T115917-0700",
      "duration" : 456.0,
      "distance" : 1089.0,
      "steps" : 1165,
      "trackPoints" : [ {
        "lat" : 37.8651493645,
        "lon" : -122.282029798,
        "time" : "20140607T115141-0700"
      }, {
        "lat" : 37.8673360488,
        "lon" : -122.2819191001,
        "time" : "20140607T115332-0700"
      }, {
        "lat" : 37.8674830806,
        "lon" : -122.2818773708,
        "time" : "20140607T115347-0700"
      }, {
        "lat" : 37.8681457857,
        "lon" : -122.2819081596,
        "time" : "20140607T115416-0700"
      }, {
        "lat" : 37.8687435323,
        "lon" : -122.2818973412,
        "time" : "20140607T115439-0700"
      }, {
        "lat" : 37.8693923246,
        "lon" : -122.2818862629,
        "time" : "20140607T115456-0700"
      }, {
        "lat" : 37.8699391755,
        "lon" : -122.2818856601,
        "time" : "20140607T115515-0700"
      }, {
        "lat" : 37.8701424696,
        "lon" : -122.2818561914,
        "time" : "20140607T115534-0700"
      }, {
        "lat" : 37.870327307,
        "lon" : -122.2817977055,
        "time" : "20140607T115558-0700"
      }, {
        "lat" : 37.8704389272,
        "lon" : -122.2819047355,
        "time" : "20140607T115620-0700"
      }, {
        "lat" : 37.8708502366,
        "lon" : -122.2820037157,
        "time" : "20140607T115643-0700"
      }, {
        "lat" : 37.8718991142,
        "lon" : -122.2821720975,
        "time" : "20140607T115717-0700"
      }, {
        "lat" : 37.8721809529,
        "lon" : -122.2822425871,
        "time" : "20140607T115739-0700"
      }, {
        "lat" : 37.8726249249,
        "lon" : -122.2823456738,
        "time" : "20140607T115758-0700"
      }, {
        "lat" : 37.8729967611,
        "lon" : -122.2826281801,
        "time" : "20140607T115823-0700"
      }, {
        "lat" : 37.8733739074,
        "lon" : -122.2827984106,
        "time" : "20140607T115839-0700"
      }, {
        "lat" : 37.8740092883,
        "lon" : -122.282928007,
        "time" : "20140607T115917-0700"
      } ]
    }, {
      "activity" : "transport",
      "group" : "transport",
      "manual" : false,
      "startTime" : "20140607T115917-0700",
      "endTime" : "20140607T124150-0700",
      "duration" : 2553.0,
      "distance" : 23936.0,
      "trackPoints" : [ {
        "lat" : 37.8740092883,
        "lon" : -122.282928007,
        "time" : "20140607T115917-0700"
      }, {
        "lat" : 37.8738448989,
        "lon" : -122.2829340661,
        "time" : "20140607T115934-0700"
      }, {
        "lat" : 37.873720927,
        "lon" : -122.283016674,
        "time" : "20140607T115952-0700"
      }, {
        "lat" : 37.8736659633,
        "lon" : -122.2829607041,
        "time" : "20140607T115959-0700"
      }, {
        "lat" : 37.8736658935,
        "lon" : -122.282960633,
        "time" : "20140607T120000-0700"
      }, {
        "lat" : 37.8736028411,
        "lon" : -122.2828964263,
        "time" : "20140607T120009-0700"
      }, {
        "lat" : 37.873575561,
        "lon" : -122.2828741178,
        "time" : "20140607T120026-0700"
      }, {
        "lat" : 37.8719134857,
        "lon" : -122.2820061419,
        "time" : "20140607T120504-0700"
      }, {
        "lat" : 37.8476811192,
        "lon" : -122.2715550103,
        "time" : "20140607T121246-0700"
      }, {
        "lat" : 37.8433944749,
        "lon" : -122.2703947895,
        "time" : "20140607T121309-0700"
      }, {
        "lat" : 37.8395948171,
        "lon" : -122.2696561009,
        "time" : "20140607T121325-0700"
      }, {
        "lat" : 37.8362880081,
        "lon" : -122.2679459308,
        "time" : "20140607T121344-0700"
      }, {
        "lat" : 37.833684239,
        "lon" : -122.2669710281,
        "time" : "20140607T121402-0700"
      }, {
        "lat" : 37.8283592642,
        "lon" : -122.2675572459,
        "time" : "20140607T121451-0700"
      }, {
        "lat" : 37.8285482574,
        "lon" : -122.2671406032,
        "time" : "20140607T121519-0700"
      }, {
        "lat" : 37.8285721014,
        "lon" : -122.2671388821,
        "time" : "20140607T121547-0700"
      }, {
        "lat" : 37.8288521192,
        "lon" : -122.2672070542,
        "time" : "20140607T121624-0700"
      }, {
        "lat" : 37.828999914,
        "lon" : -122.267099044,
        "time" : "20140607T121647-0700"
      }, {
        "lat" : 37.8290126082,
        "lon" : -122.2670946044,
        "time" : "20140607T121704-0700"
      }, {
        "lat" : 37.8290011318,
        "lon" : -122.2670951964,
        "time" : "20140607T121721-0700"
      }, {
        "lat" : 37.8287688206,
        "lon" : -122.2671967638,
        "time" : "20140607T121746-0700"
      }, {
        "lat" : 37.8286208371,
        "lon" : -122.2672633632,
        "time" : "20140607T121824-0700"
      }, {
        "lat" : 37.8286479236,
        "lon" : -122.2672402092,
        "time" : "20140607T121841-0700"
      }, {
        "lat" : 37.8286799875,
        "lon" : -122.2672147414,
        "time" : "20140607T121859-0700"
      }, {
        "lat" : 37.828687263,
        "lon" : -122.2672164453,
        "time" : "20140607T121926-0700"
      }, {
        "lat" : 37.8286882537,
        "lon" : -122.2672158758,
        "time" : "20140607T121941-0700"
      }, {
        "lat" : 37.8286921096,
        "lon" : -122.2672161125,
        "time" : "20140607T122011-0700"
      }, {
        "lat" : 37.8291350648,
        "lon" : -122.2670092311,
        "time" : "20140607T122040-0700"
      }, {
        "lat" : 37.8291293972,
        "lon" : -122.2670019524,
        "time" : "20140607T122057-0700"
      }, {
        "lat" : 37.8291289652,
        "lon" : -122.2670003203,
        "time" : "20140607T122126-0700"
      }, {
        "lat" : 37.8291220238,
        "lon" : -122.2670129754,
        "time" : "20140607T122151-0700"
      }, {
        "lat" : 37.8291107333,
        "lon" : -122.2670371478,
        "time" : "20140607T122219-0700"
      }, {
        "lat" : 37.8291337308,
        "lon" : -122.267063757,
        "time" : "20140607T122245-0700"
      }, {
        "lat" : 37.8290983188,
        "lon" : -122.2671254046,
        "time" : "20140607T122305-0700"
      }, {
        "lat" : 37.8291372659,
        "lon" : -122.2670700104,
        "time" : "20140607T122324-0700"
      }, {
        "lat" : 37.8291551279,
        "lon" : -122.2671328983,
        "time" : "20140607T122345-0700"
      }, {
        "lat" : 37.828227264,
        "lon" : -122.267203651,
        "time" : "20140607T122408-0700"
      }, {
        "lat" : 37.8248890106,
        "lon" : -122.2681798315,
        "time" : "20140607T122426-0700"
      }, {
        "lat" : 37.8173459121,
        "lon" : -122.2705748187,
        "time" : "20140607T122512-0700"
      }, {
        "lat" : 37.7987102097,
        "lon" : -122.2777402059,
        "time" : "20140607T122952-0700"
      }, {
        "lat" : 37.8002999154,
        "lon" : -122.2813953045,
        "time" : "20140607T123032-0700"
      }, {
        "lat" : 37.8023802047,
        "lon" : -122.2868773257,
        "time" : "20140607T123109-0700"
      }, {
        "lat" : 37.8030754903,
        "lon" : -122.2905212836,
        "time" : "20140607T123127-0700"
      }, {
        "lat" : 37.8040818288,
        "lon" : -122.293083332,
        "time" : "20140607T123143-0700"
      }, {
        "lat" : 37.8047232692,
        "lon" : -122.2947421871,
        "time" : "20140607T123159-0700"
      }, {
        "lat" : 37.8049254393,
        "lon" : -122.2951319578,
        "time" : "20140607T123215-0700"
      }, {
        "lat" : 37.8064053877,
        "lon" : -122.2992027658,
        "time" : "20140607T123252-0700"
      }, {
        "lat" : 37.8079756378,
        "lon" : -122.3075885098,
        "time" : "20140607T123328-0700"
      }, {
        "lat" : 37.7936023465,
        "lon" : -122.3961558698,
        "time" : "20140607T123836-0700"
      }, {
        "lat" : 37.793538072,
        "lon" : -122.3962135286,
        "time" : "20140607T123905-0700"
      }, {
        "lat" : 37.7931635565,
        "lon" : -122.3967818981,
        "time" : "20140607T123922-0700"
      }, {
        "lat" : 37.7860835811,
        "lon" : -122.4054080973,
        "time" : "20140607T124149-0700"
      } ]
    }, {
      "activity" : "walking",
      "group" : "walking",
      "manual" : false,
      "startTime" : "20140607T124149-0700",
      "endTime" : "20140607T125402-0700",
      "duration" : 733.0,
      "distance" : 487.0,
      "steps" : 796,
      "trackPoints" : [ {
        "lat" : 37.7860835811,
        "lon" : -122.4054080973,
        "time" : "20140607T124149-0700"
      }, {
        "lat" : 37.7857653571,
        "lon" : -122.4057685348,
        "time" : "20140607T124259-0700"
      }, {
        "lat" : 37.7857821069,
        "lon" : -122.4057253988,
        "time" : "20140607T124319-0700"
      }, {
        "lat" : 37.7858142531,
        "lon" : -122.4056628715,
        "time" : "20140607T124342-0700"
      }, {
        "lat" : 37.7859271144,
        "lon" : -122.4054748065,
        "time" : "20140607T124409-0700"
      }, {
        "lat" : 37.7860201632,
        "lon" : -122.4053324747,
        "time" : "20140607T124425-0700"
      }, {
        "lat" : 37.7860195313,
        "lon" : -122.4053435143,
        "time" : "20140607T124443-0700"
      }, {
        "lat" : 37.7859883888,
        "lon" : -122.4053833565,
        "time" : "20140607T124458-0700"
      }, {
        "lat" : 37.7861180178,
        "lon" : -122.4051043298,
        "time" : "20140607T124620-0700"
      }, {
        "lat" : 37.7860117844,
        "lon" : -122.4051537416,
        "time" : "20140607T124638-0700"
      }, {
        "lat" : 37.785912406,
        "lon" : -122.4052751922,
        "time" : "20140607T124659-0700"
      }, {
        "lat" : 37.7858043889,
        "lon" : -122.4054491449,
        "time" : "20140607T124725-0700"
      }, {
        "lat" : 37.7857011052,
        "lon" : -122.4056874698,
        "time" : "20140607T124757-0700"
      }, {
        "lat" : 37.7857284673,
        "lon" : -122.4056938811,
        "time" : "20140607T124815-0700"
      }, {
        "lat" : 37.7857507748,
        "lon" : -122.4056698921,
        "time" : "20140607T124833-0700"
      }, {
        "lat" : 37.7857041541,
        "lon" : -122.4057469242,
        "time" : "20140607T124849-0700"
      }, {
        "lat" : 37.7855767435,
        "lon" : -122.4058610651,
        "time" : "20140607T124907-0700"
      }, {
        "lat" : 37.7855395254,
        "lon" : -122.4058734063,
        "time" : "20140607T124933-0700"
      }, {
        "lat" : 37.7855362861,
        "lon" : -122.4059656442,
        "time" : "20140607T124953-0700"
      }, {
        "lat" : 37.7853952752,
        "lon" : -122.4061095435,
        "time" : "20140607T125010-0700"
      }, {
        "lat" : 37.7852560994,
        "lon" : -122.4064253253,
        "time" : "20140607T125032-0700"
      }, {
        "lat" : 37.7850830662,
        "lon" : -122.4068161499,
        "time" : "20140607T125051-0700"
      }, {
        "lat" : 37.7848623076,
        "lon" : -122.4071903843,
        "time" : "20140607T125112-0700"
      }, {
        "lat" : 37.7847691468,
        "lon" : -122.407303924,
        "time" : "20140607T125130-0700"
      }, {
        "lat" : 37.7846604938,
        "lon" : -122.4074035905,
        "time" : "20140607T125155-0700"
      }, {
        "lat" : 37.7845965842,
        "lon" : -122.4074292895,
        "time" : "20140607T125214-0700"
      }, {
        "lat" : 37.7844677067,
        "lon" : -122.4073254239,
        "time" : "20140607T125236-0700"
      }, {
        "lat" : 37.784425969,
        "lon" : -122.4073373994,
        "time" : "20140607T125255-0700"
      }, {
        "lat" : 37.7846127687,
        "lon" : -122.4071395759,
        "time" : "20140607T125402-0700"
      } ]
    } ],
    "lastUpdate" : "20140608T022151Z"
  }, {
    "type" : "place",
    "startTime" : "20140607T125403-0700",
    "endTime" : "20140607T130104-0700",
    "place" : {
      "id" : 73773566,
      "type" : "unknown",
      "location" : {
        "lat" : 37.7846127687,
        "lon" : -122.4071395759
      }
    },
    "lastUpdate" : "20140608T022151Z"
  }, {
    "type" : "move",
    "startTime" : "20140607T130104-0700",
    "endTime" : "20140607T135352-0700",
    "activities" : [ {
      "activity" : "transport",
      "group" : "transport",
      "manual" : false,
      "startTime" : "20140607T130104-0700",
      "endTime" : "20140607T134117-0700",
      "duration" : 2413.0,
      "distance" : 7654.0,
      "trackPoints" : [ {
        "lat" : 37.7846127687,
        "lon" : -122.4071395759,
        "time" : "20140607T130104-0700"
      }, {
        "lat" : 37.7830738812,
        "lon" : -122.409280864,
        "time" : "20140607T130321-0700"
      }, {
        "lat" : 37.7827908671,
        "lon" : -122.4094858762,
        "time" : "20140607T130344-0700"
      }, {
        "lat" : 37.7827674971,
        "lon" : -122.4094345652,
        "time" : "20140607T130400-0700"
      }, {
        "lat" : 37.781979939,
        "lon" : -122.4104596965,
        "time" : "20140607T130423-0700"
      }, {
        "lat" : 37.7812082903,
        "lon" : -122.4116817537,
        "time" : "20140607T130453-0700"
      }, {
        "lat" : 37.781074844,
        "lon" : -122.4118558217,
        "time" : "20140607T130514-0700"
      }, {
        "lat" : 37.781034962,
        "lon" : -122.4120057389,
        "time" : "20140607T130531-0700"
      }, {
        "lat" : 37.7809773111,
        "lon" : -122.4124398987,
        "time" : "20140607T130556-0700"
      }, {
        "lat" : 37.780976482,
        "lon" : -122.4124521083,
        "time" : "20140607T130618-0700"
      }, {
        "lat" : 37.780976482,
        "lon" : -122.4124521083,
        "time" : "20140607T130711-0700"
      }, {
        "lat" : 37.7809114085,
        "lon" : -122.4127122068,
        "time" : "20140607T130823-0700"
      }, {
        "lat" : 37.7807191272,
        "lon" : -122.4153970375,
        "time" : "20140607T130856-0700"
      }, {
        "lat" : 37.780690387,
        "lon" : -122.4155207377,
        "time" : "20140607T130912-0700"
      }, {
        "lat" : 37.7806796996,
        "lon" : -122.4156287073,
        "time" : "20140607T130944-0700"
      }, {
        "lat" : 37.7804429632,
        "lon" : -122.4165879011,
        "time" : "20140607T131008-0700"
      }, {
        "lat" : 37.7799603924,
        "lon" : -122.4184029205,
        "time" : "20140607T131043-0700"
      }, {
        "lat" : 37.7800085667,
        "lon" : -122.419620863,
        "time" : "20140607T131115-0700"
      }, {
        "lat" : 37.7801029284,
        "lon" : -122.4200742507,
        "time" : "20140607T131134-0700"
      }, {
        "lat" : 37.7801944092,
        "lon" : -122.4201736504,
        "time" : "20140607T131212-0700"
      }, {
        "lat" : 37.7801646965,
        "lon" : -122.4204563126,
        "time" : "20140607T131235-0700"
      }, {
        "lat" : 37.780192642,
        "lon" : -122.4204991544,
        "time" : "20140607T131253-0700"
      }, {
        "lat" : 37.7800059151,
        "lon" : -122.421078137,
        "time" : "20140607T131313-0700"
      }, {
        "lat" : 37.7798610263,
        "lon" : -122.4216701084,
        "time" : "20140607T131332-0700"
      }, {
        "lat" : 37.7797474319,
        "lon" : -122.4232264986,
        "time" : "20140607T131349-0700"
      }, {
        "lat" : 37.7797747904,
        "lon" : -122.4235665361,
        "time" : "20140607T131411-0700"
      }, {
        "lat" : 37.7797405501,
        "lon" : -122.4236313445,
        "time" : "20140607T131427-0700"
      }, {
        "lat" : 37.7796714843,
        "lon" : -122.4236673022,
        "time" : "20140607T131450-0700"
      }, {
        "lat" : 37.779555082,
        "lon" : -122.4246432726,
        "time" : "20140607T131512-0700"
      }, {
        "lat" : 37.7793625283,
        "lon" : -122.4262886633,
        "time" : "20140607T131534-0700"
      }, {
        "lat" : 37.7793574067,
        "lon" : -122.4264350533,
        "time" : "20140607T131555-0700"
      }, {
        "lat" : 37.7791496742,
        "lon" : -122.427719486,
        "time" : "20140607T131613-0700"
      }, {
        "lat" : 37.7788863773,
        "lon" : -122.4297007928,
        "time" : "20140607T131631-0700"
      }, {
        "lat" : 37.7788465318,
        "lon" : -122.4297653204,
        "time" : "20140607T131650-0700"
      }, {
        "lat" : 37.7787094213,
        "lon" : -122.4311621624,
        "time" : "20140607T131717-0700"
      }, {
        "lat" : 37.7786368944,
        "lon" : -122.4316520731,
        "time" : "20140607T131742-0700"
      }, {
        "lat" : 37.7785498375,
        "lon" : -122.4321610251,
        "time" : "20140607T131820-0700"
      }, {
        "lat" : 37.7785340256,
        "lon" : -122.4322335154,
        "time" : "20140607T131838-0700"
      }, {
        "lat" : 37.7784972266,
        "lon" : -122.4325920133,
        "time" : "20140607T131857-0700"
      }, {
        "lat" : 37.7782594406,
        "lon" : -122.4345531967,
        "time" : "20140607T131934-0700"
      }, {
        "lat" : 37.7782698476,
        "lon" : -122.4349622483,
        "time" : "20140607T131957-0700"
      }, {
        "lat" : 37.7781509056,
        "lon" : -122.4360201764,
        "time" : "20140607T132018-0700"
      }, {
        "lat" : 37.7779035831,
        "lon" : -122.4376302113,
        "time" : "20140607T132043-0700"
      }, {
        "lat" : 37.7777992219,
        "lon" : -122.4383605707,
        "time" : "20140607T132101-0700"
      }, {
        "lat" : 37.777663391,
        "lon" : -122.440264935,
        "time" : "20140607T132119-0700"
      }, {
        "lat" : 37.777663391,
        "lon" : -122.440264935,
        "time" : "20140607T132142-0700"
      }, {
        "lat" : 37.777663391,
        "lon" : -122.440264935,
        "time" : "20140607T132240-0700"
      }, {
        "lat" : 37.7774646558,
        "lon" : -122.4411691046,
        "time" : "20140607T132259-0700"
      }, {
        "lat" : 37.7773809833,
        "lon" : -122.4415840479,
        "time" : "20140607T132314-0700"
      }, {
        "lat" : 37.7773462353,
        "lon" : -122.4419813561,
        "time" : "20140607T132330-0700"
      }, {
        "lat" : 37.7770255549,
        "lon" : -122.4443790497,
        "time" : "20140607T132356-0700"
      }, {
        "lat" : 37.7765377724,
        "lon" : -122.4449459146,
        "time" : "20140607T132418-0700"
      }, {
        "lat" : 37.77610751,
        "lon" : -122.4453517498,
        "time" : "20140607T132437-0700"
      }, {
        "lat" : 37.7758946209,
        "lon" : -122.4463567915,
        "time" : "20140607T132512-0700"
      }, {
        "lat" : 37.7757019166,
        "lon" : -122.4475151936,
        "time" : "20140607T132535-0700"
      }, {
        "lat" : 37.7754344664,
        "lon" : -122.449567481,
        "time" : "20140607T132555-0700"
      }, {
        "lat" : 37.774913025,
        "lon" : -122.4531129762,
        "time" : "20140607T132627-0700"
      }, {
        "lat" : 37.7748989625,
        "lon" : -122.4531626702,
        "time" : "20140607T132644-0700"
      }, {
        "lat" : 37.774888214,
        "lon" : -122.4531573732,
        "time" : "20140607T132710-0700"
      }, {
        "lat" : 37.7748883069,
        "lon" : -122.453159074,
        "time" : "20140607T132727-0700"
      }, {
        "lat" : 37.7749229459,
        "lon" : -122.4532008882,
        "time" : "20140607T132744-0700"
      }, {
        "lat" : 37.7748302199,
        "lon" : -122.4544865753,
        "time" : "20140607T132806-0700"
      }, {
        "lat" : 37.7746903897,
        "lon" : -122.455102587,
        "time" : "20140607T132828-0700"
      }, {
        "lat" : 37.774507609,
        "lon" : -122.4573474447,
        "time" : "20140607T132851-0700"
      }, {
        "lat" : 37.77438157,
        "lon" : -122.4585612194,
        "time" : "20140607T132927-0700"
      }, {
        "lat" : 37.7740642294,
        "lon" : -122.4607242298,
        "time" : "20140607T133001-0700"
      }, {
        "lat" : 37.7736896846,
        "lon" : -122.4632643185,
        "time" : "20140607T133027-0700"
      }, {
        "lat" : 37.7735872351,
        "lon" : -122.4640076215,
        "time" : "20140607T133050-0700"
      }, {
        "lat" : 37.7735666466,
        "lon" : -122.4641880798,
        "time" : "20140607T133110-0700"
      }, {
        "lat" : 37.7735491585,
        "lon" : -122.464727808,
        "time" : "20140607T133126-0700"
      }, {
        "lat" : 37.7735606903,
        "lon" : -122.4652211565,
        "time" : "20140607T133149-0700"
      }, {
        "lat" : 37.7735202435,
        "lon" : -122.4655126546,
        "time" : "20140607T133206-0700"
      }, {
        "lat" : 37.7734573569,
        "lon" : -122.4660481992,
        "time" : "20140607T133229-0700"
      }, {
        "lat" : 37.7733441446,
        "lon" : -122.4666968115,
        "time" : "20140607T133304-0700"
      }, {
        "lat" : 37.7733177629,
        "lon" : -122.4676792421,
        "time" : "20140607T133325-0700"
      }, {
        "lat" : 37.7732852458,
        "lon" : -122.4681332979,
        "time" : "20140607T133346-0700"
      }, {
        "lat" : 37.7732823207,
        "lon" : -122.4685655087,
        "time" : "20140607T133409-0700"
      }, {
        "lat" : 37.773285788,
        "lon" : -122.4689989203,
        "time" : "20140607T133432-0700"
      }, {
        "lat" : 37.7732868209,
        "lon" : -122.4690690041,
        "time" : "20140607T133449-0700"
      }, {
        "lat" : 37.7732690605,
        "lon" : -122.4693036231,
        "time" : "20140607T133507-0700"
      }, {
        "lat" : 37.773268704,
        "lon" : -122.4697865525,
        "time" : "20140607T133524-0700"
      }, {
        "lat" : 37.7732651947,
        "lon" : -122.4700233949,
        "time" : "20140607T133545-0700"
      }, {
        "lat" : 37.7732485359,
        "lon" : -122.4703947012,
        "time" : "20140607T133610-0700"
      }, {
        "lat" : 37.7730940533,
        "lon" : -122.4720189046,
        "time" : "20140607T133757-0700"
      }, {
        "lat" : 37.7729126408,
        "lon" : -122.4734570896,
        "time" : "20140607T133820-0700"
      }, {
        "lat" : 37.7729185122,
        "lon" : -122.4765732792,
        "time" : "20140607T133852-0700"
      }, {
        "lat" : 37.7729088039,
        "lon" : -122.4765884838,
        "time" : "20140607T133908-0700"
      }, {
        "lat" : 37.7729684889,
        "lon" : -122.4770101835,
        "time" : "20140607T133924-0700"
      }, {
        "lat" : 37.7728385183,
        "lon" : -122.4783276988,
        "time" : "20140607T133943-0700"
      }, {
        "lat" : 37.7727864558,
        "lon" : -122.4807411204,
        "time" : "20140607T134005-0700"
      }, {
        "lat" : 37.7728242552,
        "lon" : -122.4811164037,
        "time" : "20140607T134029-0700"
      }, {
        "lat" : 37.772864662,
        "lon" : -122.4811265852,
        "time" : "20140607T134053-0700"
      }, {
        "lat" : 37.7728589538,
        "lon" : -122.4811304815,
        "time" : "20140607T134116-0700"
      } ]
    }, {
      "activity" : "walking",
      "group" : "walking",
      "manual" : false,
      "startTime" : "20140607T134116-0700",
      "endTime" : "20140607T135352-0700",
      "duration" : 756.0,
      "distance" : 619.0,
      "steps" : 1238,
      "trackPoints" : [ {
        "lat" : 37.7728589538,
        "lon" : -122.4811304815,
        "time" : "20140607T134116-0700"
      }, {
        "lat" : 37.7728624866,
        "lon" : -122.4811222045,
        "time" : "20140607T134150-0700"
      }, {
        "lat" : 37.7728755316,
        "lon" : -122.4811235237,
        "time" : "20140607T134213-0700"
      }, {
        "lat" : 37.7728517877,
        "lon" : -122.4811240363,
        "time" : "20140607T134233-0700"
      }, {
        "lat" : 37.7726686677,
        "lon" : -122.4809387432,
        "time" : "20140607T134256-0700"
      }, {
        "lat" : 37.7726410043,
        "lon" : -122.4807753792,
        "time" : "20140607T134318-0700"
      }, {
        "lat" : 37.7725902025,
        "lon" : -122.4807960106,
        "time" : "20140607T134344-0700"
      }, {
        "lat" : 37.7725882513,
        "lon" : -122.4808406306,
        "time" : "20140607T134407-0700"
      }, {
        "lat" : 37.7710223295,
        "lon" : -122.4825453199,
        "time" : "20140607T134648-0700"
      }, {
        "lat" : 37.7709203939,
        "lon" : -122.4827810732,
        "time" : "20140607T134708-0700"
      }, {
        "lat" : 37.7708964338,
        "lon" : -122.4830930064,
        "time" : "20140607T134728-0700"
      }, {
        "lat" : 37.7704938926,
        "lon" : -122.4833009686,
        "time" : "20140607T135004-0700"
      }, {
        "lat" : 37.7701835616,
        "lon" : -122.4833275339,
        "time" : "20140607T135150-0700"
      }, {
        "lat" : 37.7705862489,
        "lon" : -122.4828503099,
        "time" : "20140607T135352-0700"
      } ]
    } ],
    "lastUpdate" : "20140608T022151Z"
  }, {
    "type" : "place",
    "startTime" : "20140607T135353-0700",
    "endTime" : "20140607T143517-0700",
    "place" : {
      "id" : 73873625,
      "type" : "unknown",
      "location" : {
        "lat" : 37.7705862489,
        "lon" : -122.4828503099
      }
    },
    "lastUpdate" : "20140608T022154Z"
  }, {
    "type" : "move",
    "startTime" : "20140607T143517-0700",
    "endTime" : "20140607T144037-0700",
    "activities" : [ {
      "activity" : "walking",
      "group" : "walking",
      "manual" : false,
      "startTime" : "20140607T143517-0700",
      "endTime" : "20140607T144037-0700",
      "duration" : 320.0,
      "distance" : 368.0,
      "steps" : 427,
      "trackPoints" : [ {
        "lat" : 37.7705862489,
        "lon" : -122.4828503099,
        "time" : "20140607T143517-0700"
      }, {
        "lat" : 37.7693276873,
        "lon" : -122.4861276575,
        "time" : "20140607T144037-0700"
      } ]
    } ],
    "lastUpdate" : "20140608T022154Z"
  }, {
    "type" : "place",
    "startTime" : "20140607T144037-0700",
    "endTime" : "20140607T181408-0700",
    "place" : {
      "id" : 73873675,
      "type" : "unknown",
      "location" : {
        "lat" : 37.7693260714,
        "lon" : -122.4861069042
      }
    },
    "activities" : [ {
      "activity" : "walking",
      "group" : "walking",
      "manual" : false,
      "startTime" : "20140607T144123-0700",
      "endTime" : "20140607T144323-0700",
      "duration" : 120.0,
      "distance" : 107.0,
      "steps" : 142,
      "trackPoints" : [ ]
    }, {
      "activity" : "walking",
      "group" : "walking",
      "manual" : false,
      "startTime" : "20140607T172917-0700",
      "endTime" : "20140607T173220-0700",
      "duration" : 183.0,
      "distance" : 137.0,
      "steps" : 176,
      "trackPoints" : [ ]
    }, {
      "activity" : "walking",
      "group" : "walking",
      "manual" : false,
      "startTime" : "20140607T180037-0700",
      "endTime" : "20140607T180707-0700",
      "duration" : 390.0,
      "distance" : 374.0,
      "steps" : 499,
      "trackPoints" : [ ]
    } ],
    "lastUpdate" : "20140609T033608Z"
  }, {
    "type" : "move",
    "startTime" : "20140607T190624-0700",
    "endTime" : "20140607T191630-0700",
    "activities" : [ {
      "activity" : "walking",
      "group" : "walking",
      "manual" : false,
      "startTime" : "20140607T190624-0700",
      "endTime" : "20140607T191630-0700",
      "duration" : 606.0,
      "distance" : 485.0,
      "steps" : 901,
      "trackPoints" : [ {
        "lat" : 37.7703324523,
        "lon" : -122.4852921403,
        "time" : "20140607T190624-0700"
      }, {
        "lat" : 37.7703625669,
        "lon" : -122.4854249477,
        "time" : "20140607T190645-0700"
      }, {
        "lat" : 37.7704319381,
        "lon" : -122.485698321,
        "time" : "20140607T190705-0700"
      }, {
        "lat" : 37.770509933,
        "lon" : -122.4859473386,
        "time" : "20140607T190721-0700"
      }, {
        "lat" : 37.7723603308,
        "lon" : -122.4894246704,
        "time" : "20140607T191630-0700"
      } ]
    } ],
    "lastUpdate" : "20140609T033608Z"
  }, {
    "type" : "place",
    "startTime" : "20140607T191631-0700",
    "endTime" : "20140607T192415-0700",
    "place" : {
      "id" : 73909251,
      "type" : "unknown",
      "location" : {
        "lat" : 37.7723603308,
        "lon" : -122.4894246704
      }
    },
    "activities" : [ {
      "activity" : "walking",
      "group" : "walking",
      "manual" : false,
      "startTime" : "20140607T191905-0700",
      "endTime" : "20140607T191935-0700",
      "duration" : 30.0,
      "distance" : 20.0,
      "steps" : 41,
      "trackPoints" : [ ]
    } ],
    "lastUpdate" : "20140609T033608Z"
  }, {
    "type" : "place",
    "startTime" : "20140607T221758-0700",
    "endTime" : "20140608T002704-0700",
    "place" : {
      "id" : 72187887,
      "name" : "Home",
      "type" : "home",
      "location" : {
        "lat" : 37.8651493645,
        "lon" : -122.282029798
      }
    },
    "lastUpdate" : "20140609T194254Z"
  } ],
  "lastUpdate" : "20140609T194254Z"
} ]