[ {
  "date" : "20140612",
  "summary" : [ {
    "activity" : "walking",
    "group" : "walking",
    "duration" : 1137.0,
    "distance" : 1156.0,
    "steps" : 1683
  }, {
    "activity" : "transport",
    "group" : "transport",
    "duration" : 494.0,
    "distance" : 1669.0
  }, {
    "activity" : "cycling",
    "group" : "cycling",
    "duration" : 923.0,
    "distance" : 3172.0
  } ],
  "segments" : [ {
    "type" : "move",
    "startTime" : "20140612T140452-0700",
    "endTime" : "20140612T141714-0700",
    "activities" : [ {
      "activity" : "transport",
      "group" : "transport",
      "manual" : false,
      "startTime" : "20140612T140452-0700",
      "endTime" : "20140612T141306-0700",
      "duration" : 494.0,
      "distance" : 1669.0,
      "trackPoints" : [ {
        "lat" : 37.8650048461,
        "lon" : -122.2736497198,
        "time" : "20140612T140452-0700"
      }, {
        "lat" : 37.8651878363,
        "lon" : -122.2724925253,
        "time" : "20140612T140513-0700"
      }, {
        "lat" : 37.8652940818,
        "lon" : -122.2715101195,
        "time" : "20140612T140532-0700"
      }, {
        "lat" : 37.8654962079,
        "lon" : -122.270612171,
        "time" : "20140612T140556-0700"
      }, {
        "lat" : 37.8656079949,
        "lon" : -122.269893803,
        "time" : "20140612T140612-0700"
      }, {
        "lat" : 37.8657842658,
        "lon" : -122.268189912,
        "time" : "20140612T140644-0700"
      }, {
        "lat" : 37.865909656,
        "lon" : -122.2676658985,
        "time" : "20140612T140705-0700"
      }, {
        "lat" : 37.8659535444,
        "lon" : -122.2674374837,
        "time" : "20140612T140724-0700"
      }, {
        "lat" : 37.8659216871,
        "lon" : -122.2672585366,
        "time" : "20140612T140747-0700"
      }, {
        "lat" : 37.8659216871,
        "lon" : -122.2672585366,
        "time" : "20140612T140809-0700"
      }, {
        "lat" : 37.8659752523,
        "lon" : -122.2662409143,
        "time" : "20140612T140837-0700"
      }, {
        "lat" : 37.8660797947,
        "lon" : -122.2654672304,
        "time" : "20140612T140856-0700"
      }, {
        "lat" : 37.8662365883,
        "lon" : -122.2643911779,
        "time" : "20140612T140920-0700"
      }, {
        "lat" : 37.8663256561,
        "lon" : -122.2637995218,
        "time" : "20140612T140935-0700"
      }, {
        "lat" : 37.866433645,
        "lon" : -122.2630663863,
        "time" : "20140612T140957-0700"
      }, {
        "lat" : 37.8665515472,
        "lon" : -122.2622665272,
        "time" : "20140612T141018-0700"
      }, {
        "lat" : 37.8666134606,
        "lon" : -122.2616172834,
        "time" : "20140612T141041-0700"
      }, {
        "lat" : 37.8673225611,
        "lon" : -122.2618313486,
        "time" : "20140612T141115-0700"
      }, {
        "lat" : 37.868478302,
        "lon" : -122.2617628216,
        "time" : "20140612T141147-0700"
      }, {
        "lat" : 37.8691268915,
        "lon" : -122.261714191,
        "time" : "20140612T141206-0700"
      }, {
        "lat" : 37.8699726395,
        "lon" : -122.2616090182,
        "time" : "20140612T141225-0700"
      }, {
        "lat" : 37.8699676,
        "lon" : -122.2607310076,
        "time" : "20140612T141244-0700"
      }, {
        "lat" : 37.8700580757,
        "lon" : -122.2599309987,
        "time" : "20140612T141305-0700"
      } ]
    }, {
      "activity" : "walking",
      "group" : "walking",
      "manual" : false,
      "startTime" : "20140612T141305-0700",
      "endTime" : "20140612T141713-0700",
      "duration" : 248.0,
      "distance" : 212.0,
      "steps" : 388,
      "trackPoints" : [ {
        "lat" : 37.8700580757,
        "lon" : -122.2599309987,
        "time" : "20140612T141305-0700"
      }, {
        "lat" : 37.8701832097,
        "lon" : -122.2595691028,
        "time" : "20140612T141327-0700"
      }, {
        "lat" : 37.870327712,
        "lon" : -122.2595220269,
        "time" : "20140612T141345-0700"
      }, {
        "lat" : 37.8706607195,
        "lon" : -122.2594394409,
        "time" : "20140612T141408-0700"
      }, {
        "lat" : 37.8709168873,
        "lon" : -122.2592067152,
        "time" : "20140612T141432-0700"
      }, {
        "lat" : 37.8710444966,
        "lon" : -122.2589210226,
        "time" : "20140612T141455-0700"
      }, {
        "lat" : 37.8710748985,
        "lon" : -122.2588974199,
        "time" : "20140612T141529-0700"
      }, {
        "lat" : 37.8711768543,
        "lon" : -122.2586875059,
        "time" : "20140612T141552-0700"
      }, {
        "lat" : 37.871295264,
        "lon" : -122.2584681811,
        "time" : "20140612T141616-0700"
      }, {
        "lat" : 37.8713014228,
        "lon" : -122.2584692305,
        "time" : "20140612T141634-0700"
      }, {
        "lat" : 37.8713575202,
        "lon" : -122.2584125748,
        "time" : "20140612T141714-0700"
      } ]
    } ],
    "lastUpdate" : "20140613T005602Z"
  }, {
    "type" : "place",
    "startTime" : "20140612T141714-0700",
    "endTime" : "20140612T153250-0700",
    "place" : {
      "id" : 72412230,
      "name" : "School of Information",
      "type" : "foursquare",
      "foursquareId" : "4f184661e4b0b34551aaa7cb",
      "foursquareCategoryIds" : [ "4bf58dd8d48988d19f941735" ],
      "location" : {
        "lat" : 37.87135752021174,
        "lon" : -122.2584125748343
      }
    },
    "activities" : [ {
      "activity" : "walking",
      "group" : "walking",
      "manual" : false,
      "startTime" : "20140612T141936-0700",
      "endTime" : "20140612T142036-0700",
      "duration" : 60.0,
      "distance" : 46.0,
      "steps" : 91,
      "trackPoints" : [ ]
    } ],
    "lastUpdate" : "20140613T005604Z"
  }, {
    "type" : "move",
    "startTime" : "20140612T153250-0700",
    "endTime" : "20140612T153914-0700",
    "activities" : [ {
      "activity" : "walking",
      "group" : "walking",
      "manual" : false,
      "startTime" : "20140612T153250-0700",
      "endTime" : "20140612T153914-0700",
      "duration" : 384.0,
      "distance" : 442.0,
      "steps" : 513,
      "trackPoints" : [ {
        "lat" : 37.8713575202,
        "lon" : -122.2584125748,
        "time" : "20140612T153250-0700"
      }, {
        "lat" : 37.8748152837,
        "lon" : -122.2583994269,
        "time" : "20140612T153914-0700"
      } ]
    } ],
    "lastUpdate" : "20140613T005604Z"
  }, {
    "type" : "place",
    "startTime" : "20140612T153914-0700",
    "endTime" : "20140612T175221-0700",
    "place" : {
      "id" : 73323513,
      "name" : "Sutardja Dai Hall - CITRIS Building",
      "type" : "foursquare",
      "foursquareId" : "4a68c693f964a520fcca1fe3",
      "foursquareCategoryIds" : [ "4bf58dd8d48988d19f941735" ],
      "location" : {
        "lat" : 37.87481528371463,
        "lon" : -122.2583994269371
      }
    },
    "lastUpdate" : "20140613T232722Z"
  }, {
    "type" : "move",
    "startTime" : "20140612T175221-0700",
    "endTime" : "20140612T175947-0700",
    "activities" : [ {
      "activity" : "walking",
      "group" : "walking",
      "manual" : false,
      "startTime" : "20140612T175221-0700",
      "endTime" : "20140612T175946-0700",
      "duration" : 445.0,
      "distance" : 456.0,
      "steps" : 691,
      "trackPoints" : [ {
        "lat" : 37.8748152837,
        "lon" : -122.2583994269,
        "time" : "20140612T175221-0700"
      }, {
        "lat" : 37.8728493938,
        "lon" : -122.2585787307,
        "time" : "20140612T175600-0700"
      }, {
        "lat" : 37.8726242185,
        "lon" : -122.2584957153,
        "time" : "20140612T175627-0700"
      }, {
        "lat" : 37.872482414,
        "lon" : -122.2584451479,
        "time" : "20140612T175644-0700"
      }, {
        "lat" : 37.8722757126,
        "lon" : -122.2583756694,
        "time" : "20140612T175707-0700"
      }, {
        "lat" : 37.8716468704,
        "lon" : -122.258112083,
        "time" : "20140612T175829-0700"
      }, {
        "lat" : 37.8716008722,
        "lon" : -122.2580597417,
        "time" : "20140612T175851-0700"
      }, {
        "lat" : 37.8715317729,
        "lon" : -122.2581388798,
        "time" : "20140612T175911-0700"
      }, {
        "lat" : 37.8713575202,
        "lon" : -122.2584125748,
        "time" : "20140612T175947-0700"
      } ]
    } ],
    "lastUpdate" : "20140613T232722Z"
  }, {
    "type" : "place",
    "startTime" : "20140612T175947-0700",
    "endTime" : "20140612T181305-0700",
    "place" : {
      "id" : 72412230,
      "name" : "School of Information",
      "type" : "foursquare",
      "foursquareId" : "4f184661e4b0b34551aaa7cb",
      "foursquareCategoryIds" : [ "4bf58dd8d48988d19f941735" ],
      "location" : {
        "lat" : 37.87135752021174,
        "lon" : -122.2584125748343
      }
    },
    "lastUpdate" : "20140613T232722Z"
  }, {
    "type" : "move",
    "startTime" : "20140612T181305-0700",
    "endTime" : "20140612T182827-0700",
    "activities" : [ {
      "activity" : "cycling",
      "group" : "cycling",
      "manual" : false,
      "startTime" : "20140612T181305-0700",
      "endTime" : "20140612T182828-0700",
      "duration" : 923.0,
      "distance" : 3172.0,
      "trackPoints" : [ {
        "lat" : 37.8713575202,
        "lon" : -122.2584125748,
        "time" : "20140612T181305-0700"
      }, {
        "lat" : 37.8729392517,
        "lon" : -122.266075129,
        "time" : "20140612T182028-0700"
      }, {
        "lat" : 37.8724438154,
        "lon" : -122.2666199761,
        "time" : "20140612T182044-0700"
      }, {
        "lat" : 37.8722748928,
        "lon" : -122.2675863347,
        "time" : "20140612T182108-0700"
      }, {
        "lat" : 37.8720373632,
        "lon" : -122.2683730213,
        "time" : "20140612T182136-0700"
      }, {
        "lat" : 37.8718495757,
        "lon" : -122.2704872698,
        "time" : "20140612T182213-0700"
      }, {
        "lat" : 37.8715454293,
        "lon" : -122.2727928045,
        "time" : "20140612T182247-0700"
      }, {
        "lat" : 37.8713917614,
        "lon" : -122.2742175874,
        "time" : "20140612T182308-0700"
      }, {
        "lat" : 37.8711922054,
        "lon" : -122.275975444,
        "time" : "20140612T182328-0700"
      }, {
        "lat" : 37.8709886629,
        "lon" : -122.2774588744,
        "time" : "20140612T182349-0700"
      }, {
        "lat" : 37.8708390536,
        "lon" : -122.2788558325,
        "time" : "20140612T182408-0700"
      }, {
        "lat" : 37.8705554669,
        "lon" : -122.2814794458,
        "time" : "20140612T182431-0700"
      }, {
        "lat" : 37.8704704605,
        "lon" : -122.2816624229,
        "time" : "20140612T182448-0700"
      }, {
        "lat" : 37.8704317562,
        "lon" : -122.2817453885,
        "time" : "20140612T182505-0700"
      }, {
        "lat" : 37.8702539537,
        "lon" : -122.2817836381,
        "time" : "20140612T182520-0700"
      }, {
        "lat" : 37.8682391473,
        "lon" : -122.2817906456,
        "time" : "20140612T182613-0700"
      }, {
        "lat" : 37.867292317,
        "lon" : -122.2823267178,
        "time" : "20140612T182639-0700"
      }, {
        "lat" : 37.8668622049,
        "lon" : -122.2834605262,
        "time" : "20140612T182700-0700"
      }, {
        "lat" : 37.8657085061,
        "lon" : -122.2833430894,
        "time" : "20140612T182723-0700"
      }, {
        "lat" : 37.8655893996,
        "lon" : -122.2829332334,
        "time" : "20140612T182746-0700"
      }, {
        "lat" : 37.8653193699,
        "lon" : -122.2824817395,
        "time" : "20140612T182808-0700"
      }, {
        "lat" : 37.8651493645,
        "lon" : -122.282029798,
        "time" : "20140612T182827-0700"
      } ]
    } ],
    "lastUpdate" : "20140613T232722Z"
  }, {
    "type" : "place",
    "startTime" : "20140612T182827-0700",
    "endTime" : "20140613T085656-0700",
    "place" : {
      "id" : 72187887,
      "name" : "Home",
      "type" : "home",
      "location" : {
        "lat" : 37.8651493645,
        "lon" : -122.282029798
      }
    },
    "lastUpdate" : "20140613T232722Z"
  } ],
  "lastUpdate" : "20140613T232722Z"
} ]