[ {
  "date" : "20140609",
  "summary" : [ {
    "activity" : "cycling",
    "group" : "cycling",
    "duration" : 1954.0,
    "distance" : 7636.0
  }, {
    "activity" : "walking",
    "group" : "walking",
    "duration" : 2179.0,
    "distance" : 2306.0,
    "steps" : 2987
  }, {
    "activity" : "transport",
    "group" : "transport",
    "duration" : 8037.0,
    "distance" : 135333.0
  } ],
  "segments" : [ {
    "type" : "place",
    "startTime" : "20140608T203709-0700",
    "endTime" : "20140609T083255-0700",
    "place" : {
      "id" : 72187887,
      "name" : "Home",
      "type" : "home",
      "location" : {
        "lat" : 37.8651493645,
        "lon" : -122.282029798
      }
    },
    "lastUpdate" : "20140609T194254Z"
  }, {
    "type" : "move",
    "startTime" : "20140609T083255-0700",
    "endTime" : "20140609T085405-0700",
    "activities" : [ {
      "activity" : "cycling",
      "group" : "cycling",
      "manual" : false,
      "startTime" : "20140609T083255-0700",
      "endTime" : "20140609T084351-0700",
      "duration" : 656.0,
      "distance" : 2574.0,
      "trackPoints" : [ {
        "lat" : 37.8651493645,
        "lon" : -122.282029798,
        "time" : "20140609T083255-0700"
      }, {
        "lat" : 37.8650142357,
        "lon" : -122.2749024226,
        "time" : "20140609T083552-0700"
      }, {
        "lat" : 37.8649972508,
        "lon" : -122.274161762,
        "time" : "20140609T083609-0700"
      }, {
        "lat" : 37.8651941555,
        "lon" : -122.2729029431,
        "time" : "20140609T083634-0700"
      }, {
        "lat" : 37.8652251847,
        "lon" : -122.2723213698,
        "time" : "20140609T083650-0700"
      }, {
        "lat" : 37.8653404618,
        "lon" : -122.2715548557,
        "time" : "20140609T083713-0700"
      }, {
        "lat" : 37.8656179005,
        "lon" : -122.270296256,
        "time" : "20140609T083736-0700"
      }, {
        "lat" : 37.8656983278,
        "lon" : -122.2691996208,
        "time" : "20140609T083805-0700"
      }, {
        "lat" : 37.8656999641,
        "lon" : -122.2682352657,
        "time" : "20140609T083821-0700"
      }, {
        "lat" : 37.8658754863,
        "lon" : -122.2676095656,
        "time" : "20140609T083846-0700"
      }, {
        "lat" : 37.8659372306,
        "lon" : -122.2669601438,
        "time" : "20140609T083905-0700"
      }, {
        "lat" : 37.8661487155,
        "lon" : -122.2655743972,
        "time" : "20140609T083929-0700"
      }, {
        "lat" : 37.8661901465,
        "lon" : -122.264850442,
        "time" : "20140609T083948-0700"
      }, {
        "lat" : 37.8663127444,
        "lon" : -122.2637894925,
        "time" : "20140609T084013-0700"
      }, {
        "lat" : 37.8663426686,
        "lon" : -122.2631599577,
        "time" : "20140609T084029-0700"
      }, {
        "lat" : 37.8665015621,
        "lon" : -122.2624046341,
        "time" : "20140609T084045-0700"
      }, {
        "lat" : 37.8665453562,
        "lon" : -122.2619596187,
        "time" : "20140609T084102-0700"
      }, {
        "lat" : 37.8665774677,
        "lon" : -122.2614702189,
        "time" : "20140609T084121-0700"
      }, {
        "lat" : 37.8675559375,
        "lon" : -122.2611638002,
        "time" : "20140609T084153-0700"
      }, {
        "lat" : 37.8682563582,
        "lon" : -122.261487421,
        "time" : "20140609T084215-0700"
      }, {
        "lat" : 37.868631259,
        "lon" : -122.2617075089,
        "time" : "20140609T084238-0700"
      }, {
        "lat" : 37.8694336428,
        "lon" : -122.2616336487,
        "time" : "20140609T084301-0700"
      }, {
        "lat" : 37.8699805502,
        "lon" : -122.2606199669,
        "time" : "20140609T084335-0700"
      }, {
        "lat" : 37.8699714548,
        "lon" : -122.2599484638,
        "time" : "20140609T084351-0700"
      } ]
    }, {
      "activity" : "walking",
      "group" : "walking",
      "manual" : false,
      "startTime" : "20140609T084351-0700",
      "endTime" : "20140609T084709-0700",
      "duration" : 198.0,
      "distance" : 235.0,
      "steps" : 316,
      "trackPoints" : [ {
        "lat" : 37.8699714548,
        "lon" : -122.2599484638,
        "time" : "20140609T084351-0700"
      }, {
        "lat" : 37.8702753028,
        "lon" : -122.2595495919,
        "time" : "20140609T084420-0700"
      }, {
        "lat" : 37.8706214287,
        "lon" : -122.2594205507,
        "time" : "20140609T084447-0700"
      }, {
        "lat" : 37.8708365011,
        "lon" : -122.2592263122,
        "time" : "20140609T084505-0700"
      }, {
        "lat" : 37.8710590099,
        "lon" : -122.2588683138,
        "time" : "20140609T084529-0700"
      }, {
        "lat" : 37.8711353566,
        "lon" : -122.2585264709,
        "time" : "20140609T084549-0700"
      }, {
        "lat" : 37.8713373051,
        "lon" : -122.2583469379,
        "time" : "20140609T084612-0700"
      }, {
        "lat" : 37.8713808411,
        "lon" : -122.2583630294,
        "time" : "20140609T084630-0700"
      }, {
        "lat" : 37.8714228966,
        "lon" : -122.2583848521,
        "time" : "20140609T084709-0700"
      } ]
    }, {
      "activity" : "transport",
      "group" : "transport",
      "manual" : false,
      "startTime" : "20140609T084709-0700",
      "endTime" : "20140609T085405-0700",
      "duration" : 416.0,
      "distance" : 375.0,
      "trackPoints" : [ {
        "lat" : 37.8714228966,
        "lon" : -122.2583848521,
        "time" : "20140609T084709-0700"
      }, {
        "lat" : 37.871617693,
        "lon" : -122.258431846,
        "time" : "20140609T084732-0700"
      }, {
        "lat" : 37.8717046517,
        "lon" : -122.2584558755,
        "time" : "20140609T085040-0700"
      }, {
        "lat" : 37.8717046987,
        "lon" : -122.2584558883,
        "time" : "20140609T085100-0700"
      }, {
        "lat" : 37.8716919179,
        "lon" : -122.2584597274,
        "time" : "20140609T085204-0700"
      }, {
        "lat" : 37.8720758178,
        "lon" : -122.2583960491,
        "time" : "20140609T085234-0700"
      }, {
        "lat" : 37.8729099083,
        "lon" : -122.2584899894,
        "time" : "20140609T085312-0700"
      }, {
        "lat" : 37.8733949988,
        "lon" : -122.2583713395,
        "time" : "20140609T085336-0700"
      }, {
        "lat" : 37.8742685131,
        "lon" : -122.2586981009,
        "time" : "20140609T085405-0700"
      } ]
    } ],
    "lastUpdate" : "20140609T194254Z"
  }, {
    "type" : "place",
    "startTime" : "20140609T085405-0700",
    "endTime" : "20140609T123714-0700",
    "place" : {
      "id" : 74484878,
      "type" : "unknown",
      "location" : {
        "lat" : 37.8742685131,
        "lon" : -122.2586981009
      }
    },
    "activities" : [ {
      "activity" : "walking",
      "group" : "walking",
      "manual" : false,
      "startTime" : "20140609T085447-0700",
      "endTime" : "20140609T085829-0700",
      "duration" : 222.0,
      "distance" : 220.0,
      "steps" : 294,
      "trackPoints" : [ ]
    }, {
      "activity" : "walking",
      "group" : "walking",
      "manual" : false,
      "startTime" : "20140609T090000-0700",
      "endTime" : "20140609T090018-0700",
      "duration" : 18.0,
      "distance" : 11.0,
      "steps" : 21,
      "trackPoints" : [ ]
    } ],
    "lastUpdate" : "20140610T003714Z"
  }, {
    "type" : "move",
    "startTime" : "20140609T123714-0700",
    "endTime" : "20140609T124239-0700",
    "activities" : [ {
      "activity" : "walking",
      "group" : "walking",
      "manual" : false,
      "startTime" : "20140609T123714-0700",
      "endTime" : "20140609T124239-0700",
      "duration" : 325.0,
      "distance" : 373.0,
      "steps" : 433,
      "trackPoints" : [ {
        "lat" : 37.8742685131,
        "lon" : -122.2586981009,
        "time" : "20140609T123714-0700"
      }, {
        "lat" : 37.8713575202,
        "lon" : -122.2584125748,
        "time" : "20140609T124239-0700"
      } ]
    } ],
    "lastUpdate" : "20140610T003714Z"
  }, {
    "type" : "place",
    "startTime" : "20140609T124239-0700",
    "endTime" : "20140609T143454-0700",
    "place" : {
      "id" : 72412230,
      "name" : "School of Information",
      "type" : "foursquare",
      "foursquareId" : "4f184661e4b0b34551aaa7cb",
      "foursquareCategoryIds" : [ "4bf58dd8d48988d19f941735" ],
      "location" : {
        "lat" : 37.87135752021174,
        "lon" : -122.2584125748343
      }
    },
    "activities" : [ {
      "activity" : "walking",
      "group" : "walking",
      "manual" : false,
      "startTime" : "20140609T124325-0700",
      "endTime" : "20140609T124425-0700",
      "duration" : 60.0,
      "distance" : 46.0,
      "steps" : 91,
      "trackPoints" : [ ]
    } ],
    "lastUpdate" : "20140610T003716Z"
  }, {
    "type" : "move",
    "startTime" : "20140609T143454-0700",
    "endTime" : "20140609T144702-0700",
    "activities" : [ {
      "activity" : "cycling",
      "group" : "cycling",
      "manual" : false,
      "startTime" : "20140609T143454-0700",
      "endTime" : "20140609T144701-0700",
      "duration" : 727.0,
      "distance" : 2912.0,
      "trackPoints" : [ {
        "lat" : 37.8713575202,
        "lon" : -122.2584125748,
        "time" : "20140609T143454-0700"
      }, {
        "lat" : 37.8711765002,
        "lon" : -122.2617963281,
        "time" : "20140609T143616-0700"
      }, {
        "lat" : 37.8707577175,
        "lon" : -122.263157446,
        "time" : "20140609T143634-0700"
      }, {
        "lat" : 37.8705740397,
        "lon" : -122.2641004661,
        "time" : "20140609T143651-0700"
      }, {
        "lat" : 37.8703123044,
        "lon" : -122.2649465204,
        "time" : "20140609T143706-0700"
      }, {
        "lat" : 37.8700601984,
        "lon" : -122.2659415459,
        "time" : "20140609T143737-0700"
      }, {
        "lat" : 37.8692263376,
        "lon" : -122.2661379403,
        "time" : "20140609T143816-0700"
      }, {
        "lat" : 37.8683104089,
        "lon" : -122.2662938092,
        "time" : "20140609T143854-0700"
      }, {
        "lat" : 37.8677235298,
        "lon" : -122.2670350512,
        "time" : "20140609T143910-0700"
      }, {
        "lat" : 37.8674939311,
        "lon" : -122.2676981595,
        "time" : "20140609T143947-0700"
      }, {
        "lat" : 37.8674616265,
        "lon" : -122.2688426484,
        "time" : "20140609T144023-0700"
      }, {
        "lat" : 37.8672995884,
        "lon" : -122.2702435255,
        "time" : "20140609T144045-0700"
      }, {
        "lat" : 37.8663984259,
        "lon" : -122.2702499139,
        "time" : "20140609T144109-0700"
      }, {
        "lat" : 37.8654301633,
        "lon" : -122.270440573,
        "time" : "20140609T144144-0700"
      }, {
        "lat" : 37.8652449819,
        "lon" : -122.2716412679,
        "time" : "20140609T144212-0700"
      }, {
        "lat" : 37.8651713116,
        "lon" : -122.2719052012,
        "time" : "20140609T144227-0700"
      }, {
        "lat" : 37.865097667,
        "lon" : -122.2718901079,
        "time" : "20140609T144250-0700"
      }, {
        "lat" : 37.8650791365,
        "lon" : -122.2724656194,
        "time" : "20140609T144334-0700"
      }, {
        "lat" : 37.8648428227,
        "lon" : -122.2743293797,
        "time" : "20140609T144402-0700"
      }, {
        "lat" : 37.8646503561,
        "lon" : -122.2762834405,
        "time" : "20140609T144429-0700"
      }, {
        "lat" : 37.8645165699,
        "lon" : -122.2776543146,
        "time" : "20140609T144451-0700"
      }, {
        "lat" : 37.8643537516,
        "lon" : -122.2788822466,
        "time" : "20140609T144510-0700"
      }, {
        "lat" : 37.8640358128,
        "lon" : -122.2800737788,
        "time" : "20140609T144534-0700"
      }, {
        "lat" : 37.8639269254,
        "lon" : -122.2810427229,
        "time" : "20140609T144550-0700"
      }, {
        "lat" : 37.8641081533,
        "lon" : -122.2821173035,
        "time" : "20140609T144613-0700"
      }, {
        "lat" : 37.8649606756,
        "lon" : -122.2823679076,
        "time" : "20140609T144638-0700"
      }, {
        "lat" : 37.8651493645,
        "lon" : -122.282029798,
        "time" : "20140609T144702-0700"
      } ]
    } ],
    "lastUpdate" : "20140610T003716Z"
  }, {
    "type" : "place",
    "startTime" : "20140609T144702-0700",
    "endTime" : "20140609T154215-0700",
    "place" : {
      "id" : 72187887,
      "name" : "Home",
      "type" : "home",
      "location" : {
        "lat" : 37.8651493645,
        "lon" : -122.282029798
      }
    },
    "lastUpdate" : "20140610T003720Z"
  }, {
    "type" : "move",
    "startTime" : "20140609T154215-0700",
    "endTime" : "20140609T163816-0700",
    "activities" : [ {
      "activity" : "transport",
      "group" : "transport",
      "manual" : false,
      "startTime" : "20140609T154215-0700",
      "endTime" : "20140609T163817-0700",
      "duration" : 3362.0,
      "distance" : 65067.0,
      "trackPoints" : [ {
        "lat" : 37.8651493645,
        "lon" : -122.282029798,
        "time" : "20140609T154215-0700"
      }, {
        "lat" : 37.858039016,
        "lon" : -122.2799115284,
        "time" : "20140609T154258-0700"
      }, {
        "lat" : 37.8553687534,
        "lon" : -122.2795359417,
        "time" : "20140609T154315-0700"
      }, {
        "lat" : 37.8543406532,
        "lon" : -122.2793147094,
        "time" : "20140609T154331-0700"
      }, {
        "lat" : 37.8528974691,
        "lon" : -122.2789872855,
        "time" : "20140609T154347-0700"
      }, {
        "lat" : 37.8490020396,
        "lon" : -122.2780276673,
        "time" : "20140609T154420-0700"
      }, {
        "lat" : 37.8482678792,
        "lon" : -122.2777204317,
        "time" : "20140609T154436-0700"
      }, {
        "lat" : 37.84809142,
        "lon" : -122.2775472162,
        "time" : "20140609T154456-0700"
      }, {
        "lat" : 37.8479628155,
        "lon" : -122.2769325342,
        "time" : "20140609T154513-0700"
      }, {
        "lat" : 37.8484067416,
        "lon" : -122.2742886682,
        "time" : "20140609T154533-0700"
      }, {
        "lat" : 37.848622648,
        "lon" : -122.2724227238,
        "time" : "20140609T154553-0700"
      }, {
        "lat" : 37.8476596898,
        "lon" : -122.2717764926,
        "time" : "20140609T154621-0700"
      }, {
        "lat" : 37.8474960509,
        "lon" : -122.2718087502,
        "time" : "20140609T154640-0700"
      }, {
        "lat" : 37.8440714143,
        "lon" : -122.2706974206,
        "time" : "20140609T154708-0700"
      }, {
        "lat" : 37.8417155536,
        "lon" : -122.2702565854,
        "time" : "20140609T154724-0700"
      }, {
        "lat" : 37.8407481561,
        "lon" : -122.2700097353,
        "time" : "20140609T154739-0700"
      }, {
        "lat" : 37.840109909,
        "lon" : -122.269873043,
        "time" : "20140609T154755-0700"
      }, {
        "lat" : 37.8390945213,
        "lon" : -122.2696554188,
        "time" : "20140609T154818-0700"
      }, {
        "lat" : 37.8380262223,
        "lon" : -122.2692321758,
        "time" : "20140609T154842-0700"
      }, {
        "lat" : 37.8380263903,
        "lon" : -122.2692142795,
        "time" : "20140609T154858-0700"
      }, {
        "lat" : 37.8380266673,
        "lon" : -122.269214813,
        "time" : "20140609T154915-0700"
      }, {
        "lat" : 37.83765442,
        "lon" : -122.26901323,
        "time" : "20140609T154933-0700"
      }, {
        "lat" : 37.8361499265,
        "lon" : -122.2676849543,
        "time" : "20140609T154953-0700"
      }, {
        "lat" : 37.8336985532,
        "lon" : -122.2668108756,
        "time" : "20140609T155014-0700"
      }, {
        "lat" : 37.828723838,
        "lon" : -122.2677816621,
        "time" : "20140609T155042-0700"
      }, {
        "lat" : 37.8250499181,
        "lon" : -122.2683833166,
        "time" : "20140609T155100-0700"
      }, {
        "lat" : 37.8232806323,
        "lon" : -122.2650043798,
        "time" : "20140609T155116-0700"
      }, {
        "lat" : 37.8224528376,
        "lon" : -122.2608669115,
        "time" : "20140609T155132-0700"
      }, {
        "lat" : 37.8205341405,
        "lon" : -122.2564533975,
        "time" : "20140609T155150-0700"
      }, {
        "lat" : 37.8180739355,
        "lon" : -122.2530005229,
        "time" : "20140609T155206-0700"
      }, {
        "lat" : 37.8145400734,
        "lon" : -122.251228652,
        "time" : "20140609T155221-0700"
      }, {
        "lat" : 37.8100040819,
        "lon" : -122.2476580193,
        "time" : "20140609T155245-0700"
      }, {
        "lat" : 37.8087129021,
        "lon" : -122.2429824562,
        "time" : "20140609T155301-0700"
      }, {
        "lat" : 37.806698242,
        "lon" : -122.2381356396,
        "time" : "20140609T155320-0700"
      }, {
        "lat" : 37.8048251805,
        "lon" : -122.2342975341,
        "time" : "20140609T155335-0700"
      }, {
        "lat" : 37.8010354843,
        "lon" : -122.2291008313,
        "time" : "20140609T155357-0700"
      }, {
        "lat" : 37.7998950483,
        "lon" : -122.2243254658,
        "time" : "20140609T155413-0700"
      }, {
        "lat" : 37.7987122786,
        "lon" : -122.2189213037,
        "time" : "20140609T155430-0700"
      }, {
        "lat" : 37.7963221718,
        "lon" : -122.2102159459,
        "time" : "20140609T155457-0700"
      }, {
        "lat" : 37.7940861313,
        "lon" : -122.2056868954,
        "time" : "20140609T155514-0700"
      }, {
        "lat" : 37.7883736899,
        "lon" : -122.1992508634,
        "time" : "20140609T155544-0700"
      }, {
        "lat" : 37.7863893764,
        "lon" : -122.1951717657,
        "time" : "20140609T155600-0700"
      }, {
        "lat" : 37.784572611,
        "lon" : -122.190221078,
        "time" : "20140609T155618-0700"
      }, {
        "lat" : 37.7840609572,
        "lon" : -122.1851953435,
        "time" : "20140609T155635-0700"
      }, {
        "lat" : 37.783515361,
        "lon" : -122.1780439213,
        "time" : "20140609T155659-0700"
      }, {
        "lat" : 37.780310348,
        "lon" : -122.1724482447,
        "time" : "20140609T155721-0700"
      }, {
        "lat" : 37.7788351034,
        "lon" : -122.1695161357,
        "time" : "20140609T155737-0700"
      }, {
        "lat" : 37.7771851368,
        "lon" : -122.1661789336,
        "time" : "20140609T155753-0700"
      }, {
        "lat" : 37.7753963672,
        "lon" : -122.1622636858,
        "time" : "20140609T155809-0700"
      }, {
        "lat" : 37.7703904504,
        "lon" : -122.1550566296,
        "time" : "20140609T155838-0700"
      }, {
        "lat" : 37.7648046047,
        "lon" : -122.1512938669,
        "time" : "20140609T155903-0700"
      }, {
        "lat" : 37.7607831584,
        "lon" : -122.1485989943,
        "time" : "20140609T155920-0700"
      }, {
        "lat" : 37.7553913288,
        "lon" : -122.149974353,
        "time" : "20140609T155942-0700"
      }, {
        "lat" : 37.7510885596,
        "lon" : -122.1512401806,
        "time" : "20140609T155959-0700"
      }, {
        "lat" : 37.7510861343,
        "lon" : -122.1512408941,
        "time" : "20140609T160000-0700"
      }, {
        "lat" : 37.7500557327,
        "lon" : -122.151544027,
        "time" : "20140609T160004-0700"
      }, {
        "lat" : 37.7432192582,
        "lon" : -122.1465673299,
        "time" : "20140609T160033-0700"
      }, {
        "lat" : 37.738134549,
        "lon" : -122.1415066514,
        "time" : "20140609T160058-0700"
      }, {
        "lat" : 37.7322398655,
        "lon" : -122.1393811652,
        "time" : "20140609T160122-0700"
      }, {
        "lat" : 37.7256849654,
        "lon" : -122.137895302,
        "time" : "20140609T160147-0700"
      }, {
        "lat" : 37.7198407485,
        "lon" : -122.1341277913,
        "time" : "20140609T160213-0700"
      }, {
        "lat" : 37.7157305317,
        "lon" : -122.1321111589,
        "time" : "20140609T160229-0700"
      }, {
        "lat" : 37.7120989027,
        "lon" : -122.1288855747,
        "time" : "20140609T160246-0700"
      }, {
        "lat" : 37.7097550005,
        "lon" : -122.1245132623,
        "time" : "20140609T160302-0700"
      }, {
        "lat" : 37.7061236046,
        "lon" : -122.1189700825,
        "time" : "20140609T160323-0700"
      }, {
        "lat" : 37.7029710729,
        "lon" : -122.1132827391,
        "time" : "20140609T160346-0700"
      }, {
        "lat" : 37.7000799017,
        "lon" : -122.1088670481,
        "time" : "20140609T160405-0700"
      }, {
        "lat" : 37.695537478,
        "lon" : -122.1046845015,
        "time" : "20140609T160429-0700"
      }, {
        "lat" : 37.6916208866,
        "lon" : -122.1017486023,
        "time" : "20140609T160451-0700"
      }, {
        "lat" : 37.6895573507,
        "lon" : -122.1040465402,
        "time" : "20140609T160508-0700"
      }, {
        "lat" : 37.6887668341,
        "lon" : -122.1128048229,
        "time" : "20140609T160539-0700"
      }, {
        "lat" : 37.6891488621,
        "lon" : -122.1154420157,
        "time" : "20140609T160555-0700"
      }, {
        "lat" : 37.6896085158,
        "lon" : -122.1186182066,
        "time" : "20140609T160611-0700"
      }, {
        "lat" : 37.6908179318,
        "lon" : -122.1258040964,
        "time" : "20140609T160639-0700"
      }, {
        "lat" : 37.6911349023,
        "lon" : -122.1304014775,
        "time" : "20140609T160655-0700"
      }, {
        "lat" : 37.6883855635,
        "lon" : -122.1338293695,
        "time" : "20140609T160714-0700"
      }, {
        "lat" : 37.6857591352,
        "lon" : -122.1313132072,
        "time" : "20140609T160730-0700"
      }, {
        "lat" : 37.6831081844,
        "lon" : -122.1273271938,
        "time" : "20140609T160750-0700"
      }, {
        "lat" : 37.6807112169,
        "lon" : -122.1238397018,
        "time" : "20140609T160806-0700"
      }, {
        "lat" : 37.6765075009,
        "lon" : -122.1174493175,
        "time" : "20140609T160836-0700"
      }, {
        "lat" : 37.6739269125,
        "lon" : -122.1139977678,
        "time" : "20140609T160852-0700"
      }, {
        "lat" : 37.6697708009,
        "lon" : -122.1099216976,
        "time" : "20140609T160917-0700"
      }, {
        "lat" : 37.6651076908,
        "lon" : -122.1071117977,
        "time" : "20140609T160941-0700"
      }, {
        "lat" : 37.6620452783,
        "lon" : -122.105204045,
        "time" : "20140609T160957-0700"
      }, {
        "lat" : 37.6587669929,
        "lon" : -122.1031314281,
        "time" : "20140609T161013-0700"
      }, {
        "lat" : 37.654134536,
        "lon" : -122.1002797896,
        "time" : "20140609T161034-0700"
      }, {
        "lat" : 37.6486544165,
        "lon" : -122.0967977783,
        "time" : "20140609T161100-0700"
      }, {
        "lat" : 37.6455625395,
        "lon" : -122.0945416745,
        "time" : "20140609T161116-0700"
      }, {
        "lat" : 37.6426571811,
        "lon" : -122.092483602,
        "time" : "20140609T161132-0700"
      }, {
        "lat" : 37.6379851547,
        "lon" : -122.0891046597,
        "time" : "20140609T161155-0700"
      }, {
        "lat" : 37.6343749988,
        "lon" : -122.0865264462,
        "time" : "20140609T161212-0700"
      }, {
        "lat" : 37.6307718144,
        "lon" : -122.0839705894,
        "time" : "20140609T161229-0700"
      }, {
        "lat" : 37.6273434675,
        "lon" : -122.0815476143,
        "time" : "20140609T161246-0700"
      }, {
        "lat" : 37.6218702915,
        "lon" : -122.077639247,
        "time" : "20140609T161312-0700"
      }, {
        "lat" : 37.6186289535,
        "lon" : -122.0753155959,
        "time" : "20140609T161328-0700"
      }, {
        "lat" : 37.6158026755,
        "lon" : -122.0732826995,
        "time" : "20140609T161344-0700"
      }, {
        "lat" : 37.6113382259,
        "lon" : -122.0700855508,
        "time" : "20140609T161409-0700"
      }, {
        "lat" : 37.6075793148,
        "lon" : -122.0674134654,
        "time" : "20140609T161430-0700"
      }, {
        "lat" : 37.6045136777,
        "lon" : -122.0652095322,
        "time" : "20140609T161446-0700"
      }, {
        "lat" : 37.5999234353,
        "lon" : -122.0619098728,
        "time" : "20140609T161507-0700"
      }, {
        "lat" : 37.5963952256,
        "lon" : -122.0593858091,
        "time" : "20140609T161523-0700"
      }, {
        "lat" : 37.5911596186,
        "lon" : -122.0556832243,
        "time" : "20140609T161546-0700"
      }, {
        "lat" : 37.586844053,
        "lon" : -122.0526167312,
        "time" : "20140609T161605-0700"
      }, {
        "lat" : 37.5806843422,
        "lon" : -122.049072487,
        "time" : "20140609T161631-0700"
      }, {
        "lat" : 37.5767131229,
        "lon" : -122.0476960788,
        "time" : "20140609T161647-0700"
      }, {
        "lat" : 37.5702039408,
        "lon" : -122.0452291286,
        "time" : "20140609T161716-0700"
      }, {
        "lat" : 37.5672261961,
        "lon" : -122.0426793282,
        "time" : "20140609T161732-0700"
      }, {
        "lat" : 37.5646083065,
        "lon" : -122.0402279091,
        "time" : "20140609T161748-0700"
      }, {
        "lat" : 37.5609269651,
        "lon" : -122.0408572451,
        "time" : "20140609T161809-0700"
      }, {
        "lat" : 37.5565902486,
        "lon" : -122.0450402865,
        "time" : "20140609T161831-0700"
      }, {
        "lat" : 37.5537996151,
        "lon" : -122.0493732286,
        "time" : "20140609T161850-0700"
      }, {
        "lat" : 37.5497352123,
        "lon" : -122.0553649088,
        "time" : "20140609T161917-0700"
      }, {
        "lat" : 37.5472943203,
        "lon" : -122.058566149,
        "time" : "20140609T161933-0700"
      }, {
        "lat" : 37.5430338357,
        "lon" : -122.0641901507,
        "time" : "20140609T162000-0700"
      }, {
        "lat" : 37.5399769402,
        "lon" : -122.0682585729,
        "time" : "20140609T162018-0700"
      }, {
        "lat" : 37.5367430156,
        "lon" : -122.0727214255,
        "time" : "20140609T162038-0700"
      }, {
        "lat" : 37.5353394974,
        "lon" : -122.0754660538,
        "time" : "20140609T162055-0700"
      }, {
        "lat" : 37.5341552922,
        "lon" : -122.0788143926,
        "time" : "20140609T162111-0700"
      }, {
        "lat" : 37.5333351892,
        "lon" : -122.0837328373,
        "time" : "20140609T162128-0700"
      }, {
        "lat" : 37.5312725449,
        "lon" : -122.0914708898,
        "time" : "20140609T162155-0700"
      }, {
        "lat" : 37.5271661967,
        "lon" : -122.0969065769,
        "time" : "20140609T162218-0700"
      }, {
        "lat" : 37.523848881,
        "lon" : -122.1007652101,
        "time" : "20140609T162236-0700"
      }, {
        "lat" : 37.5189696819,
        "lon" : -122.1049830982,
        "time" : "20140609T162259-0700"
      }, {
        "lat" : 37.5152748141,
        "lon" : -122.107639936,
        "time" : "20140609T162316-0700"
      }, {
        "lat" : 37.5116158451,
        "lon" : -122.1107702315,
        "time" : "20140609T162332-0700"
      }, {
        "lat" : 37.5065580794,
        "lon" : -122.1176693342,
        "time" : "20140609T162400-0700"
      }, {
        "lat" : 37.50313944,
        "lon" : -122.1228050823,
        "time" : "20140609T162420-0700"
      }, {
        "lat" : 37.5003592071,
        "lon" : -122.1269403313,
        "time" : "20140609T162437-0700"
      }, {
        "lat" : 37.4975256894,
        "lon" : -122.1306838803,
        "time" : "20140609T162453-0700"
      }, {
        "lat" : 37.4911316852,
        "lon" : -122.1375225794,
        "time" : "20140609T162524-0700"
      }, {
        "lat" : 37.4882335537,
        "lon" : -122.1406990721,
        "time" : "20140609T162540-0700"
      }, {
        "lat" : 37.4866428726,
        "lon" : -122.1424531639,
        "time" : "20140609T162556-0700"
      }, {
        "lat" : 37.4866304881,
        "lon" : -122.1424649327,
        "time" : "20140609T162624-0700"
      }, {
        "lat" : 37.4866287414,
        "lon" : -122.1424678467,
        "time" : "20140609T162641-0700"
      }, {
        "lat" : 37.486606026,
        "lon" : -122.1425103344,
        "time" : "20140609T162701-0700"
      }, {
        "lat" : 37.4866067964,
        "lon" : -122.1425202924,
        "time" : "20140609T162732-0700"
      }, {
        "lat" : 37.4866120126,
        "lon" : -122.1425143424,
        "time" : "20140609T162750-0700"
      }, {
        "lat" : 37.4866121844,
        "lon" : -122.1425154651,
        "time" : "20140609T162806-0700"
      }, {
        "lat" : 37.4866118538,
        "lon" : -122.1425164822,
        "time" : "20140609T162829-0700"
      }, {
        "lat" : 37.4768782454,
        "lon" : -122.1398507341,
        "time" : "20140609T163014-0700"
      }, {
        "lat" : 37.4759885238,
        "lon" : -122.13966566,
        "time" : "20140609T163039-0700"
      }, {
        "lat" : 37.4740141188,
        "lon" : -122.1395524554,
        "time" : "20140609T163057-0700"
      }, {
        "lat" : 37.4718652602,
        "lon" : -122.1395209936,
        "time" : "20140609T163116-0700"
      }, {
        "lat" : 37.4692849203,
        "lon" : -122.1410030426,
        "time" : "20140609T163148-0700"
      }, {
        "lat" : 37.4662344657,
        "lon" : -122.1416272877,
        "time" : "20140609T163214-0700"
      }, {
        "lat" : 37.466110553,
        "lon" : -122.1416667462,
        "time" : "20140609T163231-0700"
      }, {
        "lat" : 37.4643317143,
        "lon" : -122.1417858997,
        "time" : "20140609T163309-0700"
      }, {
        "lat" : 37.4629685063,
        "lon" : -122.1418375068,
        "time" : "20140609T163325-0700"
      }, {
        "lat" : 37.4629101088,
        "lon" : -122.14172054,
        "time" : "20140609T163343-0700"
      }, {
        "lat" : 37.4628450496,
        "lon" : -122.1415942727,
        "time" : "20140609T163359-0700"
      }, {
        "lat" : 37.4627775553,
        "lon" : -122.1415056695,
        "time" : "20140609T163420-0700"
      }, {
        "lat" : 37.4626940818,
        "lon" : -122.1410160411,
        "time" : "20140609T163446-0700"
      }, {
        "lat" : 37.4623050881,
        "lon" : -122.138847791,
        "time" : "20140609T163505-0700"
      }, {
        "lat" : 37.4626338045,
        "lon" : -122.1355401501,
        "time" : "20140609T163541-0700"
      }, {
        "lat" : 37.4625981598,
        "lon" : -122.1351396984,
        "time" : "20140609T163558-0700"
      }, {
        "lat" : 37.4626110465,
        "lon" : -122.134755314,
        "time" : "20140609T163615-0700"
      }, {
        "lat" : 37.4632892748,
        "lon" : -122.1338535123,
        "time" : "20140609T163631-0700"
      }, {
        "lat" : 37.463315267,
        "lon" : -122.1316104471,
        "time" : "20140609T163651-0700"
      }, {
        "lat" : 37.4633356852,
        "lon" : -122.130293953,
        "time" : "20140609T163707-0700"
      }, {
        "lat" : 37.4639549584,
        "lon" : -122.1299890426,
        "time" : "20140609T163723-0700"
      }, {
        "lat" : 37.4639336114,
        "lon" : -122.1289465072,
        "time" : "20140609T163738-0700"
      }, {
        "lat" : 37.4639089843,
        "lon" : -122.1285849949,
        "time" : "20140609T163754-0700"
      }, {
        "lat" : 37.4640609873,
        "lon" : -122.1285669556,
        "time" : "20140609T163816-0700"
      } ]
    } ],
    "lastUpdate" : "20140610T003720Z"
  }, {
    "type" : "place",
    "startTime" : "20140609T163816-0700",
    "endTime" : "20140609T173422-0700",
    "place" : {
      "id" : 74821146,
      "name" : "Ravenswood Child Development Center",
      "type" : "foursquare",
      "foursquareId" : "4db87b111e7206c23d0924b2",
      "location" : {
        "lat" : 37.46093,
        "lon" : -122.1331
      }
    },
    "activities" : [ {
      "activity" : "walking",
      "group" : "walking",
      "manual" : false,
      "startTime" : "20140609T164416-0700",
      "endTime" : "20140609T164446-0700",
      "duration" : 30.0,
      "distance" : 21.0,
      "steps" : 41,
      "trackPoints" : [ ]
    } ],
    "lastUpdate" : "20140610T213638Z"
  }, {
    "type" : "move",
    "startTime" : "20140609T173422-0700",
    "endTime" : "20140609T173732-0700",
    "activities" : [ {
      "activity" : "walking",
      "group" : "walking",
      "manual" : false,
      "startTime" : "20140609T173422-0700",
      "endTime" : "20140609T173732-0700",
      "duration" : 190.0,
      "distance" : 218.0,
      "steps" : 253,
      "trackPoints" : [ {
        "lat" : 37.4640609873,
        "lon" : -122.1285669556,
        "time" : "20140609T173422-0700"
      }, {
        "lat" : 37.4629617072,
        "lon" : -122.1302079718,
        "time" : "20140609T173732-0700"
      } ]
    } ],
    "lastUpdate" : "20140610T190557Z"
  }, {
    "type" : "place",
    "startTime" : "20140609T173732-0700",
    "endTime" : "20140609T174226-0700",
    "place" : {
      "id" : 74563566,
      "type" : "unknown",
      "location" : {
        "lat" : 37.4629617072,
        "lon" : -122.1302079718
      }
    },
    "lastUpdate" : "20140610T190557Z"
  }, {
    "type" : "move",
    "startTime" : "20140609T174226-0700",
    "endTime" : "20140609T184850-0700",
    "activities" : [ {
      "activity" : "transport",
      "group" : "transport",
      "manual" : false,
      "startTime" : "20140609T174226-0700",
      "endTime" : "20140609T184851-0700",
      "duration" : 3985.0,
      "distance" : 68329.0,
      "trackPoints" : [ {
        "lat" : 37.4629617072,
        "lon" : -122.1302079718,
        "time" : "20140609T174226-0700"
      }, {
        "lat" : 37.4625083758,
        "lon" : -122.1301444195,
        "time" : "20140609T174241-0700"
      }, {
        "lat" : 37.4610523078,
        "lon" : -122.1300750946,
        "time" : "20140609T174303-0700"
      }, {
        "lat" : 37.4608027668,
        "lon" : -122.1314381966,
        "time" : "20140609T174318-0700"
      }, {
        "lat" : 37.460715969,
        "lon" : -122.1346025263,
        "time" : "20140609T174346-0700"
      }, {
        "lat" : 37.4620345952,
        "lon" : -122.1346500321,
        "time" : "20140609T174403-0700"
      }, {
        "lat" : 37.4624780839,
        "lon" : -122.135724583,
        "time" : "20140609T174425-0700"
      }, {
        "lat" : 37.4622934809,
        "lon" : -122.1378963069,
        "time" : "20140609T174443-0700"
      }, {
        "lat" : 37.4625533874,
        "lon" : -122.1403589446,
        "time" : "20140609T174510-0700"
      }, {
        "lat" : 37.4628097443,
        "lon" : -122.1414861745,
        "time" : "20140609T174538-0700"
      }, {
        "lat" : 37.4628404252,
        "lon" : -122.1415687865,
        "time" : "20140609T174555-0700"
      }, {
        "lat" : 37.4632007525,
        "lon" : -122.1416552617,
        "time" : "20140609T174614-0700"
      }, {
        "lat" : 37.463706953,
        "lon" : -122.141743727,
        "time" : "20140609T174647-0700"
      }, {
        "lat" : 37.4639322006,
        "lon" : -122.1417176597,
        "time" : "20140609T174720-0700"
      }, {
        "lat" : 37.464860153,
        "lon" : -122.1415804146,
        "time" : "20140609T174759-0700"
      }, {
        "lat" : 37.4649279653,
        "lon" : -122.1415851782,
        "time" : "20140609T174814-0700"
      }, {
        "lat" : 37.4649522867,
        "lon" : -122.1416220749,
        "time" : "20140609T174831-0700"
      }, {
        "lat" : 37.465403775,
        "lon" : -122.1415401851,
        "time" : "20140609T174855-0700"
      }, {
        "lat" : 37.4656462849,
        "lon" : -122.1415038926,
        "time" : "20140609T174917-0700"
      }, {
        "lat" : 37.4660681222,
        "lon" : -122.1413936098,
        "time" : "20140609T174938-0700"
      }, {
        "lat" : 37.4666647019,
        "lon" : -122.1414436056,
        "time" : "20140609T175002-0700"
      }, {
        "lat" : 37.4672841572,
        "lon" : -122.1415258911,
        "time" : "20140609T175026-0700"
      }, {
        "lat" : 37.4674327949,
        "lon" : -122.1415295192,
        "time" : "20140609T175045-0700"
      }, {
        "lat" : 37.4680948887,
        "lon" : -122.1414392086,
        "time" : "20140609T175133-0700"
      }, {
        "lat" : 37.4684232673,
        "lon" : -122.1413458611,
        "time" : "20140609T175203-0700"
      }, {
        "lat" : 37.4683976233,
        "lon" : -122.1413724638,
        "time" : "20140609T175218-0700"
      }, {
        "lat" : 37.4684040773,
        "lon" : -122.1413924706,
        "time" : "20140609T175237-0700"
      }, {
        "lat" : 37.4685741062,
        "lon" : -122.1413396928,
        "time" : "20140609T175255-0700"
      }, {
        "lat" : 37.468824231,
        "lon" : -122.141233847,
        "time" : "20140609T175310-0700"
      }, {
        "lat" : 37.4695446634,
        "lon" : -122.1408119933,
        "time" : "20140609T175341-0700"
      }, {
        "lat" : 37.4697671772,
        "lon" : -122.1406657927,
        "time" : "20140609T175402-0700"
      }, {
        "lat" : 37.4708993502,
        "lon" : -122.1396787031,
        "time" : "20140609T175542-0700"
      }, {
        "lat" : 37.4708749072,
        "lon" : -122.1396397012,
        "time" : "20140609T175557-0700"
      }, {
        "lat" : 37.47087381,
        "lon" : -122.1397132179,
        "time" : "20140609T175617-0700"
      }, {
        "lat" : 37.4722131856,
        "lon" : -122.1394323566,
        "time" : "20140609T175637-0700"
      }, {
        "lat" : 37.4746160856,
        "lon" : -122.1395918335,
        "time" : "20140609T175701-0700"
      }, {
        "lat" : 37.4752898612,
        "lon" : -122.1396169608,
        "time" : "20140609T175720-0700"
      }, {
        "lat" : 37.4787081529,
        "lon" : -122.1396539559,
        "time" : "20140609T175747-0700"
      }, {
        "lat" : 37.4791146856,
        "lon" : -122.1396580021,
        "time" : "20140609T175807-0700"
      }, {
        "lat" : 37.4804278995,
        "lon" : -122.1397297137,
        "time" : "20140609T175824-0700"
      }, {
        "lat" : 37.4834956428,
        "lon" : -122.1405911094,
        "time" : "20140609T175959-0700"
      }, {
        "lat" : 37.4834959626,
        "lon" : -122.1405911992,
        "time" : "20140609T180000-0700"
      }, {
        "lat" : 37.4837627327,
        "lon" : -122.1406661059,
        "time" : "20140609T180008-0700"
      }, {
        "lat" : 37.483738084,
        "lon" : -122.1406564274,
        "time" : "20140609T180025-0700"
      }, {
        "lat" : 37.4837377444,
        "lon" : -122.140655792,
        "time" : "20140609T180048-0700"
      }, {
        "lat" : 37.48617657,
        "lon" : -122.1421016609,
        "time" : "20140609T180410-0700"
      }, {
        "lat" : 37.4861771461,
        "lon" : -122.1421566857,
        "time" : "20140609T180427-0700"
      }, {
        "lat" : 37.4861795189,
        "lon" : -122.1421576229,
        "time" : "20140609T180451-0700"
      }, {
        "lat" : 37.4862080731,
        "lon" : -122.1421273889,
        "time" : "20140609T180509-0700"
      }, {
        "lat" : 37.4964820095,
        "lon" : -122.1315898927,
        "time" : "20140609T180815-0700"
      }, {
        "lat" : 37.4993164965,
        "lon" : -122.1282446564,
        "time" : "20140609T180833-0700"
      }, {
        "lat" : 37.5022818821,
        "lon" : -122.1238331683,
        "time" : "20140609T180854-0700"
      }, {
        "lat" : 37.534513642,
        "lon" : -122.0768138447,
        "time" : "20140609T181217-0700"
      }, {
        "lat" : 37.5377610028,
        "lon" : -122.0707113576,
        "time" : "20140609T181243-0700"
      }, {
        "lat" : 37.5417725881,
        "lon" : -122.0654517955,
        "time" : "20140609T181309-0700"
      }, {
        "lat" : 37.5457218718,
        "lon" : -122.0604203375,
        "time" : "20140609T181336-0700"
      }, {
        "lat" : 37.5633974575,
        "lon" : -122.0372922698,
        "time" : "20140609T181632-0700"
      }, {
        "lat" : 37.5646685213,
        "lon" : -122.0394448978,
        "time" : "20140609T181647-0700"
      }, {
        "lat" : 37.5672428068,
        "lon" : -122.0423330313,
        "time" : "20140609T181703-0700"
      }, {
        "lat" : 37.5752006964,
        "lon" : -122.047063784,
        "time" : "20140609T181743-0700"
      }, {
        "lat" : 37.5794523687,
        "lon" : -122.0484956621,
        "time" : "20140609T181802-0700"
      }, {
        "lat" : 37.5964412381,
        "lon" : -122.0591568775,
        "time" : "20140609T181913-0700"
      }, {
        "lat" : 37.6129257395,
        "lon" : -122.0710508863,
        "time" : "20140609T182024-0700"
      }, {
        "lat" : 37.616417331,
        "lon" : -122.0735164759,
        "time" : "20140609T182039-0700"
      }, {
        "lat" : 37.6206562611,
        "lon" : -122.0765076504,
        "time" : "20140609T182057-0700"
      }, {
        "lat" : 37.6241431991,
        "lon" : -122.0790054513,
        "time" : "20140609T182113-0700"
      }, {
        "lat" : 37.6350528673,
        "lon" : -122.0867590822,
        "time" : "20140609T182205-0700"
      }, {
        "lat" : 37.6491782866,
        "lon" : -122.0968940705,
        "time" : "20140609T182318-0700"
      }, {
        "lat" : 37.6640585639,
        "lon" : -122.1061943348,
        "time" : "20140609T182436-0700"
      }, {
        "lat" : 37.6671612183,
        "lon" : -122.1080950174,
        "time" : "20140609T182452-0700"
      }, {
        "lat" : 37.6713497062,
        "lon" : -122.1107715529,
        "time" : "20140609T182512-0700"
      }, {
        "lat" : 37.6742911936,
        "lon" : -122.1141891465,
        "time" : "20140609T182528-0700"
      }, {
        "lat" : 37.6784358842,
        "lon" : -122.120327091,
        "time" : "20140609T182555-0700"
      }, {
        "lat" : 37.6816133694,
        "lon" : -122.1248039982,
        "time" : "20140609T182614-0700"
      }, {
        "lat" : 37.6851460466,
        "lon" : -122.1296350483,
        "time" : "20140609T182632-0700"
      }, {
        "lat" : 37.6947098919,
        "lon" : -122.1437545846,
        "time" : "20140609T182726-0700"
      }, {
        "lat" : 37.7016337751,
        "lon" : -122.1538031234,
        "time" : "20140609T182807-0700"
      }, {
        "lat" : 37.7049365334,
        "lon" : -122.1585195912,
        "time" : "20140609T182827-0700"
      }, {
        "lat" : 37.7081388093,
        "lon" : -122.1630812252,
        "time" : "20140609T182844-0700"
      }, {
        "lat" : 37.7107026529,
        "lon" : -122.1667507889,
        "time" : "20140609T182900-0700"
      }, {
        "lat" : 37.7133619777,
        "lon" : -122.1706192219,
        "time" : "20140609T182916-0700"
      }, {
        "lat" : 37.7167759742,
        "lon" : -122.1742859479,
        "time" : "20140609T182933-0700"
      }, {
        "lat" : 37.7289561187,
        "lon" : -122.1859278832,
        "time" : "20140609T183033-0700"
      }, {
        "lat" : 37.7492419274,
        "lon" : -122.2038365536,
        "time" : "20140609T183210-0700"
      }, {
        "lat" : 37.7575678118,
        "lon" : -122.2112326694,
        "time" : "20140609T183247-0700"
      }, {
        "lat" : 37.7626252849,
        "lon" : -122.2156653845,
        "time" : "20140609T183312-0700"
      }, {
        "lat" : 37.7671170872,
        "lon" : -122.2192891282,
        "time" : "20140609T183333-0700"
      }, {
        "lat" : 37.7707661335,
        "lon" : -122.222539399,
        "time" : "20140609T183352-0700"
      }, {
        "lat" : 37.7814951949,
        "lon" : -122.2387613516,
        "time" : "20140609T183459-0700"
      }, {
        "lat" : 37.7837444616,
        "lon" : -122.2408992785,
        "time" : "20140609T183515-0700"
      }, {
        "lat" : 37.7868725631,
        "lon" : -122.2468085997,
        "time" : "20140609T183538-0700"
      }, {
        "lat" : 37.7965652449,
        "lon" : -122.2698220192,
        "time" : "20140609T183657-0700"
      }, {
        "lat" : 37.7982165566,
        "lon" : -122.2740778169,
        "time" : "20140609T183712-0700"
      }, {
        "lat" : 37.8007230192,
        "lon" : -122.2804502017,
        "time" : "20140609T183732-0700"
      }, {
        "lat" : 37.8031117919,
        "lon" : -122.2894623997,
        "time" : "20140609T183800-0700"
      }, {
        "lat" : 37.8025939923,
        "lon" : -122.2994866699,
        "time" : "20140609T183831-0700"
      }, {
        "lat" : 37.805020255,
        "lon" : -122.303190733,
        "time" : "20140609T183846-0700"
      }, {
        "lat" : 37.8104372589,
        "lon" : -122.304181276,
        "time" : "20140609T183910-0700"
      }, {
        "lat" : 37.814500258,
        "lon" : -122.3002000851,
        "time" : "20140609T183933-0700"
      }, {
        "lat" : 37.8177235429,
        "lon" : -122.2958154084,
        "time" : "20140609T183953-0700"
      }, {
        "lat" : 37.8216587631,
        "lon" : -122.2924805455,
        "time" : "20140609T184012-0700"
      }, {
        "lat" : 37.8283109289,
        "lon" : -122.292270702,
        "time" : "20140609T184043-0700"
      }, {
        "lat" : 37.8319347348,
        "lon" : -122.2935746915,
        "time" : "20140609T184059-0700"
      }, {
        "lat" : 37.8360259532,
        "lon" : -122.2956669554,
        "time" : "20140609T184117-0700"
      }, {
        "lat" : 37.8399801612,
        "lon" : -122.2967582163,
        "time" : "20140609T184135-0700"
      }, {
        "lat" : 37.8428546033,
        "lon" : -122.2972744923,
        "time" : "20140609T184151-0700"
      }, {
        "lat" : 37.8463181257,
        "lon" : -122.2977827361,
        "time" : "20140609T184211-0700"
      }, {
        "lat" : 37.8493899436,
        "lon" : -122.2949589842,
        "time" : "20140609T184234-0700"
      }, {
        "lat" : 37.8505094944,
        "lon" : -122.2922401037,
        "time" : "20140609T184255-0700"
      }, {
        "lat" : 37.8506440403,
        "lon" : -122.2919260551,
        "time" : "20140609T184311-0700"
      }, {
        "lat" : 37.8513778379,
        "lon" : -122.2901410114,
        "time" : "20140609T184327-0700"
      }, {
        "lat" : 37.8518795985,
        "lon" : -122.2883794858,
        "time" : "20140609T184348-0700"
      }, {
        "lat" : 37.8524356769,
        "lon" : -122.2869853481,
        "time" : "20140609T184422-0700"
      }, {
        "lat" : 37.8551761597,
        "lon" : -122.2876805516,
        "time" : "20140609T184452-0700"
      }, {
        "lat" : 37.8579376576,
        "lon" : -122.2886976157,
        "time" : "20140609T184527-0700"
      }, {
        "lat" : 37.8605670682,
        "lon" : -122.2893825314,
        "time" : "20140609T184612-0700"
      }, {
        "lat" : 37.8616793844,
        "lon" : -122.2850715947,
        "time" : "20140609T184655-0700"
      }, {
        "lat" : 37.8620537526,
        "lon" : -122.2822640424,
        "time" : "20140609T184717-0700"
      }, {
        "lat" : 37.8634634621,
        "lon" : -122.2822911549,
        "time" : "20140609T184737-0700"
      }, {
        "lat" : 37.8651493645,
        "lon" : -122.282029798,
        "time" : "20140609T184850-0700"
      } ]
    } ],
    "lastUpdate" : "20140610T190557Z"
  }, {
    "type" : "place",
    "startTime" : "20140609T184850-0700",
    "endTime" : "20140609T195220-0700",
    "place" : {
      "id" : 72187887,
      "name" : "Home",
      "type" : "home",
      "location" : {
        "lat" : 37.8651493645,
        "lon" : -122.282029798
      }
    },
    "activities" : [ {
      "activity" : "walking",
      "group" : "walking",
      "manual" : false,
      "startTime" : "20140609T185100-0700",
      "endTime" : "20140609T185200-0700",
      "duration" : 60.0,
      "distance" : 46.0,
      "steps" : 92,
      "trackPoints" : [ ]
    } ],
    "lastUpdate" : "20140610T190557Z"
  }, {
    "type" : "move",
    "startTime" : "20140609T195220-0700",
    "endTime" : "20140609T200151-0700",
    "activities" : [ {
      "activity" : "cycling",
      "group" : "cycling",
      "manual" : false,
      "startTime" : "20140609T195220-0700",
      "endTime" : "20140609T200151-0700",
      "duration" : 571.0,
      "distance" : 2150.0,
      "trackPoints" : [ {
        "lat" : 37.8651493645,
        "lon" : -122.282029798,
        "time" : "20140609T195220-0700"
      }, {
        "lat" : 37.8645820715,
        "lon" : -122.2790860585,
        "time" : "20140609T195338-0700"
      }, {
        "lat" : 37.8645625909,
        "lon" : -122.2781175536,
        "time" : "20140609T195402-0700"
      }, {
        "lat" : 37.8646112552,
        "lon" : -122.2772979307,
        "time" : "20140609T195420-0700"
      }, {
        "lat" : 37.8647010388,
        "lon" : -122.2766287423,
        "time" : "20140609T195442-0700"
      }, {
        "lat" : 37.8647390601,
        "lon" : -122.2763744385,
        "time" : "20140609T195459-0700"
      }, {
        "lat" : 37.8648070952,
        "lon" : -122.2760153151,
        "time" : "20140609T195522-0700"
      }, {
        "lat" : 37.8650824806,
        "lon" : -122.2747320571,
        "time" : "20140609T195558-0700"
      }, {
        "lat" : 37.8650395836,
        "lon" : -122.2736978471,
        "time" : "20140609T195618-0700"
      }, {
        "lat" : 37.8650980905,
        "lon" : -122.2730899174,
        "time" : "20140609T195634-0700"
      }, {
        "lat" : 37.8652489288,
        "lon" : -122.2725786816,
        "time" : "20140609T195655-0700"
      }, {
        "lat" : 37.8655553488,
        "lon" : -122.2707724192,
        "time" : "20140609T195729-0700"
      }, {
        "lat" : 37.865592598,
        "lon" : -122.2698063235,
        "time" : "20140609T195747-0700"
      }, {
        "lat" : 37.8656108422,
        "lon" : -122.2689493189,
        "time" : "20140609T195804-0700"
      }, {
        "lat" : 37.8657625965,
        "lon" : -122.268365899,
        "time" : "20140609T195819-0700"
      }, {
        "lat" : 37.8658470369,
        "lon" : -122.2677930054,
        "time" : "20140609T195843-0700"
      }, {
        "lat" : 37.8658707278,
        "lon" : -122.2672025472,
        "time" : "20140609T195904-0700"
      }, {
        "lat" : 37.865958176,
        "lon" : -122.2660679841,
        "time" : "20140609T195926-0700"
      }, {
        "lat" : 37.8661243308,
        "lon" : -122.2652452674,
        "time" : "20140609T195949-0700"
      }, {
        "lat" : 37.8661965935,
        "lon" : -122.2647486169,
        "time" : "20140609T195959-0700"
      }, {
        "lat" : 37.8661966645,
        "lon" : -122.2647481286,
        "time" : "20140609T200000-0700"
      }, {
        "lat" : 37.8662387005,
        "lon" : -122.2644592214,
        "time" : "20140609T200005-0700"
      }, {
        "lat" : 37.8665543654,
        "lon" : -122.2635868784,
        "time" : "20140609T200034-0700"
      }, {
        "lat" : 37.8671178822,
        "lon" : -122.2636592644,
        "time" : "20140609T200051-0700"
      }, {
        "lat" : 37.8675172952,
        "lon" : -122.263825194,
        "time" : "20140609T200108-0700"
      }, {
        "lat" : 37.8680116628,
        "lon" : -122.2639568377,
        "time" : "20140609T200124-0700"
      }, {
        "lat" : 37.8686826907,
        "lon" : -122.2626180279,
        "time" : "20140609T200151-0700"
      } ]
    } ],
    "lastUpdate" : "20140610T190557Z"
  }, {
    "type" : "place",
    "startTime" : "20140609T200151-0700",
    "endTime" : "20140609T215938-0700",
    "place" : {
      "id" : 72458029,
      "name" : "Recreational Sports Facility (RSF)",
      "type" : "foursquare",
      "foursquareId" : "4a68deb9f964a52028cb1fe3",
      "foursquareCategoryIds" : [ "4bf58dd8d48988d1b2941735" ],
      "location" : {
        "lat" : 37.8686826907337,
        "lon" : -122.262618027927
      }
    },
    "activities" : [ {
      "activity" : "walking",
      "group" : "walking",
      "manual" : false,
      "startTime" : "20140609T200220-0700",
      "endTime" : "20140609T200520-0700",
      "duration" : 180.0,
      "distance" : 213.0,
      "steps" : 285,
      "trackPoints" : [ ]
    } ],
    "lastUpdate" : "20140610T190557Z"
  }, {
    "type" : "move",
    "startTime" : "20140609T215938-0700",
    "endTime" : "20140609T221404-0700",
    "activities" : [ {
      "activity" : "walking",
      "group" : "walking",
      "manual" : false,
      "startTime" : "20140609T215938-0700",
      "endTime" : "20140609T221404-0700",
      "duration" : 866.0,
      "distance" : 903.0,
      "steps" : 1120,
      "trackPoints" : [ {
        "lat" : 37.8686826907,
        "lon" : -122.2626180279,
        "time" : "20140609T215938-0700"
      }, {
        "lat" : 37.8686295153,
        "lon" : -122.2628481363,
        "time" : "20140609T215959-0700"
      }, {
        "lat" : 37.8686294901,
        "lon" : -122.2628482456,
        "time" : "20140609T220000-0700"
      }, {
        "lat" : 37.8678228141,
        "lon" : -122.2663390121,
        "time" : "20140609T220519-0700"
      }, {
        "lat" : 37.8678938344,
        "lon" : -122.2665765198,
        "time" : "20140609T220535-0700"
      }, {
        "lat" : 37.8677352104,
        "lon" : -122.2668461135,
        "time" : "20140609T220558-0700"
      }, {
        "lat" : 37.867724667,
        "lon" : -122.2673650089,
        "time" : "20140609T220635-0700"
      }, {
        "lat" : 37.8677168171,
        "lon" : -122.2675417024,
        "time" : "20140609T220651-0700"
      }, {
        "lat" : 37.8676509792,
        "lon" : -122.2676557471,
        "time" : "20140609T220712-0700"
      }, {
        "lat" : 37.867483131,
        "lon" : -122.2677257053,
        "time" : "20140609T220735-0700"
      }, {
        "lat" : 37.8673179813,
        "lon" : -122.2677337513,
        "time" : "20140609T220754-0700"
      }, {
        "lat" : 37.867151211,
        "lon" : -122.2677184311,
        "time" : "20140609T220813-0700"
      }, {
        "lat" : 37.866911316,
        "lon" : -122.2676772586,
        "time" : "20140609T220837-0700"
      }, {
        "lat" : 37.866514214,
        "lon" : -122.2676142725,
        "time" : "20140609T220913-0700"
      }, {
        "lat" : 37.8661065318,
        "lon" : -122.2675222034,
        "time" : "20140609T220949-0700"
      }, {
        "lat" : 37.8659319366,
        "lon" : -122.267379157,
        "time" : "20140609T221013-0700"
      }, {
        "lat" : 37.8658386591,
        "lon" : -122.2673280354,
        "time" : "20140609T221028-0700"
      }, {
        "lat" : 37.8656794609,
        "lon" : -122.267412497,
        "time" : "20140609T221044-0700"
      }, {
        "lat" : 37.8654706755,
        "lon" : -122.2672957439,
        "time" : "20140609T221104-0700"
      }, {
        "lat" : 37.8652801257,
        "lon" : -122.2673371293,
        "time" : "20140609T221124-0700"
      }, {
        "lat" : 37.8650131121,
        "lon" : -122.267304274,
        "time" : "20140609T221146-0700"
      }, {
        "lat" : 37.8648272162,
        "lon" : -122.2673506347,
        "time" : "20140609T221210-0700"
      }, {
        "lat" : 37.8647753029,
        "lon" : -122.2673914896,
        "time" : "20140609T221226-0700"
      }, {
        "lat" : 37.8647959216,
        "lon" : -122.2673768231,
        "time" : "20140609T221248-0700"
      }, {
        "lat" : 37.864774563,
        "lon" : -122.267265789,
        "time" : "20140609T221324-0700"
      }, {
        "lat" : 37.8646783886,
        "lon" : -122.2672856817,
        "time" : "20140609T221347-0700"
      }, {
        "lat" : 37.864724,
        "lon" : -122.267372,
        "time" : "20140609T221404-0700"
      } ]
    } ],
    "lastUpdate" : "20140610T190557Z"
  }, {
    "type" : "place",
    "startTime" : "20140609T221404-0700",
    "endTime" : "20140609T230127-0700",
    "place" : {
      "id" : 74821269,
      "name" : "Tuk Tuk Thai Cafe",
      "type" : "foursquare",
      "foursquareId" : "43334580f964a5200f281fe3",
      "foursquareCategoryIds" : [ "4bf58dd8d48988d149941735" ],
      "location" : {
        "lat" : 37.86449386303605,
        "lon" : -122.2677398582839
      }
    },
    "lastUpdate" : "20140610T213709Z"
  }, {
    "type" : "move",
    "startTime" : "20140609T230127-0700",
    "endTime" : "20140609T230602-0700",
    "activities" : [ {
      "activity" : "transport",
      "group" : "transport",
      "manual" : false,
      "startTime" : "20140609T230127-0700",
      "endTime" : "20140609T230601-0700",
      "duration" : 274.0,
      "distance" : 1562.0,
      "trackPoints" : [ {
        "lat" : 37.864724,
        "lon" : -122.267372,
        "time" : "20140609T230127-0700"
      }, {
        "lat" : 37.8644640714,
        "lon" : -122.2772208867,
        "time" : "20140609T230413-0700"
      }, {
        "lat" : 37.864309242,
        "lon" : -122.279004834,
        "time" : "20140609T230433-0700"
      }, {
        "lat" : 37.8641259586,
        "lon" : -122.2802964578,
        "time" : "20140609T230448-0700"
      }, {
        "lat" : 37.864011679,
        "lon" : -122.2813871049,
        "time" : "20140609T230503-0700"
      }, {
        "lat" : 37.8640850058,
        "lon" : -122.28205265,
        "time" : "20140609T230518-0700"
      }, {
        "lat" : 37.8648701485,
        "lon" : -122.2824154832,
        "time" : "20140609T230542-0700"
      }, {
        "lat" : 37.8651493645,
        "lon" : -122.282029798,
        "time" : "20140609T230602-0700"
      } ]
    } ],
    "lastUpdate" : "20140610T190558Z"
  }, {
    "type" : "place",
    "startTime" : "20140609T230602-0700",
    "endTime" : "20140610T123650-0700",
    "place" : {
      "id" : 72187887,
      "name" : "Home",
      "type" : "home",
      "location" : {
        "lat" : 37.8651493645,
        "lon" : -122.282029798
      }
    },
    "activities" : [ {
      "activity" : "walking",
      "group" : "walking",
      "manual" : false,
      "startTime" : "20140609T232037-0700",
      "endTime" : "20140609T232107-0700",
      "duration" : 30.0,
      "distance" : 20.0,
      "steps" : 41,
      "trackPoints" : [ ]
    } ],
    "lastUpdate" : "20140610T213437Z"
  } ],
  "lastUpdate" : "20140610T213709Z"
} ]