[ {
  "date" : "20140626",
  "summary" : [ {
    "activity" : "transport",
    "group" : "transport",
    "duration" : 15170.0,
    "distance" : 284956.0
  }, {
    "activity" : "walking",
    "group" : "walking",
    "duration" : 667.0,
    "distance" : 730.0,
    "steps" : 1017
  } ],
  "segments" : [ {
    "type" : "move",
    "startTime" : "20140626T082559-0700",
    "endTime" : "20140626T095100-0700",
    "activities" : [ {
      "activity" : "transport",
      "group" : "transport",
      "manual" : false,
      "startTime" : "20140626T082559-0700",
      "endTime" : "20140626T095100-0700",
      "duration" : 5101.0,
      "distance" : 104358.0
    } ],
    "lastUpdate" : "20140626T231857Z"
  }, {
    "type" : "place",
    "startTime" : "20140626T095140-0700",
    "endTime" : "20140626T144535-0700",
    "activities" : [ {
      "activity" : "walking",
      "group" : "walking",
      "manual" : false,
      "startTime" : "20140626T095204-0700",
      "endTime" : "20140626T095234-0700",
      "duration" : 30.0,
      "distance" : 31.0,
      "steps" : 61
    } ],
    "lastUpdate" : "20140627T023447Z"
  }, {
    "type" : "move",
    "startTime" : "20140626T144535-0700",
    "endTime" : "20140626T161956-0700",
    "activities" : [ {
      "activity" : "transport",
      "group" : "transport",
      "manual" : false,
      "startTime" : "20140626T144535-0700",
      "endTime" : "20140626T161646-0700",
      "duration" : 5471.0,
      "distance" : 84484.0
    }, {
      "activity" : "walking",
      "group" : "walking",
      "manual" : false,
      "startTime" : "20140626T161646-0700",
      "endTime" : "20140626T161957-0700",
      "duration" : 191.0,
      "distance" : 117.0,
      "steps" : 183
    } ],
    "lastUpdate" : "20140627T023447Z"
  }, {
    "type" : "move",
    "startTime" : "20140626T172442-0700",
    "endTime" : "20140626T173326-0700",
    "activities" : [ {
      "activity" : "transport",
      "group" : "transport",
      "manual" : false,
      "startTime" : "20140626T172442-0700",
      "endTime" : "20140626T173326-0700",
      "duration" : 524.0,
      "distance" : 2449.0
    } ],
    "lastUpdate" : "20140627T023450Z"
  }, {
    "type" : "move",
    "startTime" : "20140626T192558-0700",
    "endTime" : "20140626T193337-0700",
    "activities" : [ {
      "activity" : "transport",
      "group" : "transport",
      "manual" : false,
      "startTime" : "20140626T192558-0700",
      "endTime" : "20140626T193337-0700",
      "duration" : 459.0,
      "distance" : 3223.0
    } ],
    "lastUpdate" : "20140627T162307Z"
  }, {
    "type" : "place",
    "startTime" : "20140626T193337-0700",
    "endTime" : "20140626T194828-0700",
    "activities" : [ {
      "activity" : "walking",
      "group" : "walking",
      "manual" : false,
      "startTime" : "20140626T193423-0700",
      "endTime" : "20140626T193526-0700",
      "duration" : 63.0,
      "distance" : 48.0,
      "steps" : 97
    } ],
    "lastUpdate" : "20140627T162307Z"
  }, {
    "type" : "move",
    "startTime" : "20140626T194828-0700",
    "endTime" : "20140626T195419-0700",
    "activities" : [ {
      "activity" : "walking",
      "group" : "walking",
      "manual" : false,
      "startTime" : "20140626T194828-0700",
      "endTime" : "20140626T195420-0700",
      "duration" : 352.0,
      "distance" : 502.0,
      "steps" : 613
    } ],
    "lastUpdate" : "20140627T162307Z"
  }, {
    "type" : "place",
    "startTime" : "20140626T195419-0700",
    "endTime" : "20140626T213213-0700",
    "activities" : [ {
      "activity" : "walking",
      "group" : "walking",
      "manual" : false,
      "startTime" : "20140626T213212-0700",
      "endTime" : "20140626T213213-0700",
      "duration" : 1.0,
      "distance" : 1.0,
      "steps" : 2
    } ],
    "lastUpdate" : "20140627T162310Z"
  }, {
    "type" : "move",
    "startTime" : "20140626T213213-0700",
    "endTime" : "20140626T223228-0700",
    "activities" : [ {
      "activity" : "transport",
      "group" : "transport",
      "manual" : false,
      "startTime" : "20140626T213213-0700",
      "endTime" : "20140626T223228-0700",
      "duration" : 3615.0,
      "distance" : 90442.0
    } ],
    "lastUpdate" : "20140627T162310Z"
  }, {
    "type" : "place",
    "startTime" : "20140626T223228-0700",
    "endTime" : "20140627T102642-0700",
    "activities" : [ {
      "activity" : "walking",
      "group" : "walking",
      "manual" : false,
      "startTime" : "20140626T223347-0700",
      "endTime" : "20140626T223417-0700",
      "duration" : 30.0,
      "distance" : 31.0,
      "steps" : 61
    } ],
    "lastUpdate" : "20140627T205317Z"
  } ],
  "lastUpdate" : "20140627T205317Z"
} ]