[ {
  "date" : "20140617",
  "summary" : [ {
    "activity" : "walking",
    "group" : "walking",
    "duration" : 343.0,
    "distance" : 348.0,
    "steps" : 499
  }, {
    "activity" : "cycling",
    "group" : "cycling",
    "duration" : 337.0,
    "distance" : 1654.0
  }, {
    "activity" : "transport",
    "group" : "transport",
    "duration" : 1000.0,
    "distance" : 1611.0
  } ],
  "segments" : [ {
    "type" : "place",
    "startTime" : "20140616T213950-0700",
    "endTime" : "20140617T151152-0700",
    "activities" : [ {
      "activity" : "walking",
      "group" : "walking",
      "manual" : false,
      "startTime" : "20140617T022632-0700",
      "endTime" : "20140617T022650-0700",
      "duration" : 18.0,
      "distance" : 9.0,
      "steps" : 18
    } ],
    "lastUpdate" : "20140618T065202Z"
  }, {
    "type" : "move",
    "startTime" : "20140617T151152-0700",
    "endTime" : "20140617T151729-0700",
    "activities" : [ {
      "activity" : "cycling",
      "group" : "cycling",
      "manual" : false,
      "startTime" : "20140617T151152-0700",
      "endTime" : "20140617T151729-0700",
      "duration" : 337.0,
      "distance" : 1654.0
    } ],
    "lastUpdate" : "20140618T065202Z"
  }, {
    "type" : "place",
    "startTime" : "20140617T151729-0700",
    "endTime" : "20140617T170328-0700",
    "activities" : [ {
      "activity" : "walking",
      "group" : "walking",
      "manual" : false,
      "startTime" : "20140617T151849-0700",
      "endTime" : "20140617T151949-0700",
      "duration" : 60.0,
      "distance" : 56.0,
      "steps" : 112
    } ],
    "lastUpdate" : "20140618T065205Z"
  }, {
    "type" : "move",
    "startTime" : "20140617T170328-0700",
    "endTime" : "20140617T170652-0700",
    "activities" : [ {
      "activity" : "walking",
      "group" : "walking",
      "manual" : false,
      "startTime" : "20140617T170328-0700",
      "endTime" : "20140617T170653-0700",
      "duration" : 205.0,
      "distance" : 235.0,
      "steps" : 273
    } ],
    "lastUpdate" : "20140618T065205Z"
  }, {
    "type" : "place",
    "startTime" : "20140617T170652-0700",
    "endTime" : "20140617T233518-0700",
    "activities" : [ {
      "activity" : "walking",
      "group" : "walking",
      "manual" : false,
      "startTime" : "20140617T171128-0700",
      "endTime" : "20140617T171228-0700",
      "duration" : 60.0,
      "distance" : 48.0,
      "steps" : 96
    } ],
    "lastUpdate" : "20140619T010922Z"
  }, {
    "type" : "move",
    "startTime" : "20140617T233518-0700",
    "endTime" : "20140617T235158-0700",
    "activities" : [ {
      "activity" : "transport",
      "group" : "transport",
      "manual" : false,
      "startTime" : "20140617T233518-0700",
      "endTime" : "20140617T235158-0700",
      "duration" : 1000.0,
      "distance" : 1611.0
    } ],
    "lastUpdate" : "20140619T010922Z"
  } ],
  "lastUpdate" : "20140619T050419Z"
} ]