[ {
  "date" : "20140706",
  "summary" : [ {
    "activity" : "walking",
    "group" : "walking",
    "duration" : 317.0,
    "distance" : 277.0,
    "steps" : 553
  }, {
    "activity" : "transport",
    "group" : "transport",
    "duration" : 6870.0,
    "distance" : 108151.0
  } ],
  "segments" : [ {
    "type" : "place",
    "startTime" : "20140705T231831-0700",
    "endTime" : "20140706T095208-0700",
    "activities" : [ {
      "activity" : "walking",
      "group" : "walking",
      "manual" : false,
      "startTime" : "20140706T093919-0700",
      "endTime" : "20140706T094019-0700",
      "duration" : 60.0,
      "distance" : 51.0,
      "steps" : 101
    } ],
    "lastUpdate" : "20140706T193727Z"
  }, {
    "type" : "move",
    "startTime" : "20140706T095208-0700",
    "endTime" : "20140706T102814-0700",
    "activities" : [ {
      "activity" : "transport",
      "group" : "transport",
      "manual" : false,
      "startTime" : "20140706T095208-0700",
      "endTime" : "20140706T102814-0700",
      "duration" : 2166.0,
      "distance" : 4637.0
    } ],
    "lastUpdate" : "20140706T193727Z"
  }, {
    "type" : "place",
    "startTime" : "20140706T102814-0700",
    "endTime" : "20140706T121840-0700",
    "activities" : [ {
      "activity" : "walking",
      "group" : "walking",
      "manual" : false,
      "startTime" : "20140706T121615-0700",
      "endTime" : "20140706T121645-0700",
      "duration" : 30.0,
      "distance" : 31.0,
      "steps" : 61
    } ],
    "lastUpdate" : "20140707T015347Z"
  }, {
    "type" : "move",
    "startTime" : "20140706T121840-0700",
    "endTime" : "20140706T122410-0700",
    "activities" : [ {
      "activity" : "transport",
      "group" : "transport",
      "manual" : false,
      "startTime" : "20140706T121840-0700",
      "endTime" : "20140706T122410-0700",
      "duration" : 330.0,
      "distance" : 3264.0
    } ],
    "lastUpdate" : "20140707T015347Z"
  }, {
    "type" : "place",
    "startTime" : "20140706T122410-0700",
    "endTime" : "20140706T123506-0700",
    "activities" : [ {
      "activity" : "walking",
      "group" : "walking",
      "manual" : false,
      "startTime" : "20140706T122616-0700",
      "endTime" : "20140706T122733-0700",
      "duration" : 77.0,
      "distance" : 68.0,
      "steps" : 136
    } ],
    "lastUpdate" : "20140707T015347Z"
  }, {
    "type" : "move",
    "startTime" : "20140706T123506-0700",
    "endTime" : "20140706T125122-0700",
    "activities" : [ {
      "activity" : "transport",
      "group" : "transport",
      "manual" : false,
      "startTime" : "20140706T123506-0700",
      "endTime" : "20140706T125122-0700",
      "duration" : 976.0,
      "distance" : 6550.0
    } ],
    "lastUpdate" : "20140707T015347Z"
  }, {
    "type" : "place",
    "startTime" : "20140706T125122-0700",
    "endTime" : "20140706T170355-0700",
    "activities" : [ {
      "activity" : "walking",
      "group" : "walking",
      "manual" : false,
      "startTime" : "20140706T125236-0700",
      "endTime" : "20140706T125336-0700",
      "duration" : 60.0,
      "distance" : 66.0,
      "steps" : 132
    } ],
    "lastUpdate" : "20140707T015349Z"
  }, {
    "type" : "move",
    "startTime" : "20140706T170355-0700",
    "endTime" : "20140706T171033-0700",
    "activities" : [ {
      "activity" : "transport",
      "group" : "transport",
      "manual" : false,
      "startTime" : "20140706T170355-0700",
      "endTime" : "20140706T171034-0700",
      "duration" : 399.0,
      "distance" : 3094.0
    } ],
    "lastUpdate" : "20140707T015349Z"
  }, {
    "type" : "place",
    "startTime" : "20140706T171033-0700",
    "endTime" : "20140706T175955-0700",
    "activities" : [ {
      "activity" : "walking",
      "group" : "walking",
      "manual" : false,
      "startTime" : "20140706T171537-0700",
      "endTime" : "20140706T171607-0700",
      "duration" : 30.0,
      "distance" : 20.0,
      "steps" : 41
    } ],
    "lastUpdate" : "20140707T093934Z"
  }, {
    "type" : "move",
    "startTime" : "20140706T175955-0700",
    "endTime" : "20140706T184954-0700",
    "activities" : [ {
      "activity" : "transport",
      "group" : "transport",
      "manual" : false,
      "startTime" : "20140706T175955-0700",
      "endTime" : "20140706T184954-0700",
      "duration" : 2999.0,
      "distance" : 90606.0
    } ],
    "lastUpdate" : "20140707T093934Z"
  }, {
    "type" : "place",
    "startTime" : "20140706T184954-0700",
    "endTime" : "20140707T092921-0700",
    "activities" : [ {
      "activity" : "walking",
      "group" : "walking",
      "manual" : false,
      "startTime" : "20140706T185118-0700",
      "endTime" : "20140706T185218-0700",
      "duration" : 60.0,
      "distance" : 41.0,
      "steps" : 82
    } ],
    "lastUpdate" : "20140707T175009Z"
  } ],
  "lastUpdate" : "20140707T175009Z"
} ]