[ {
  "date" : "20140703",
  "summary" : [ {
    "activity" : "walking",
    "group" : "walking",
    "duration" : 579.0,
    "distance" : 612.0,
    "steps" : 870
  }, {
    "activity" : "transport",
    "group" : "transport",
    "duration" : 3520.0,
    "distance" : 58809.0
  } ],
  "segments" : [ {
    "type" : "place",
    "startTime" : "20140702T232918-0700",
    "endTime" : "20140703T005919-0700",
    "activities" : [ {
      "activity" : "walking",
      "group" : "walking",
      "manual" : false,
      "startTime" : "20140703T005839-0700",
      "endTime" : "20140703T005919-0700",
      "duration" : 40.0,
      "distance" : 34.0,
      "steps" : 67
    } ],
    "lastUpdate" : "20140703T232952Z"
  }, {
    "type" : "move",
    "startTime" : "20140703T005919-0700",
    "endTime" : "20140703T014855-0700",
    "activities" : [ {
      "activity" : "walking",
      "group" : "walking",
      "manual" : false,
      "startTime" : "20140703T005919-0700",
      "endTime" : "20140703T010110-0700",
      "duration" : 111.0,
      "distance" : 203.0,
      "steps" : 216
    }, {
      "activity" : "transport",
      "group" : "transport",
      "manual" : false,
      "startTime" : "20140703T010109-0700",
      "endTime" : "20140703T014855-0700",
      "duration" : 2866.0,
      "distance" : 53085.0
    } ],
    "lastUpdate" : "20140703T232952Z"
  }, {
    "type" : "place",
    "startTime" : "20140703T014855-0700",
    "endTime" : "20140703T152119-0700",
    "activities" : [ {
      "activity" : "walking",
      "group" : "walking",
      "manual" : false,
      "startTime" : "20140703T014918-0700",
      "endTime" : "20140703T014948-0700",
      "duration" : 30.0,
      "distance" : 15.0,
      "steps" : 30
    } ],
    "lastUpdate" : "20140703T232952Z"
  }, {
    "type" : "move",
    "startTime" : "20140703T152119-0700",
    "endTime" : "20140703T152447-0700",
    "activities" : [ {
      "activity" : "transport",
      "group" : "transport",
      "manual" : false,
      "startTime" : "20140703T152119-0700",
      "endTime" : "20140703T152447-0700",
      "duration" : 208.0,
      "distance" : 2767.0
    } ],
    "lastUpdate" : "20140703T232952Z"
  }, {
    "type" : "place",
    "startTime" : "20140703T152447-0700",
    "endTime" : "20140703T161412-0700",
    "activities" : [ {
      "activity" : "walking",
      "group" : "walking",
      "manual" : false,
      "startTime" : "20140703T153230-0700",
      "endTime" : "20140703T153601-0700",
      "duration" : 211.0,
      "distance" : 245.0,
      "steps" : 326
    } ],
    "lastUpdate" : "20140704T160540Z"
  }, {
    "type" : "move",
    "startTime" : "20140703T161412-0700",
    "endTime" : "20140703T162415-0700",
    "activities" : [ {
      "activity" : "transport",
      "group" : "transport",
      "manual" : false,
      "startTime" : "20140703T161412-0700",
      "endTime" : "20140703T162138-0700",
      "duration" : 446.0,
      "distance" : 2957.0
    }, {
      "activity" : "walking",
      "group" : "walking",
      "manual" : false,
      "startTime" : "20140703T162138-0700",
      "endTime" : "20140703T162415-0700",
      "duration" : 157.0,
      "distance" : 95.0,
      "steps" : 190
    } ],
    "lastUpdate" : "20140704T160540Z"
  }, {
    "type" : "place",
    "startTime" : "20140703T162415-0700",
    "endTime" : "20140704T090414-0700",
    "activities" : [ {
      "activity" : "walking",
      "group" : "walking",
      "manual" : false,
      "startTime" : "20140703T162638-0700",
      "endTime" : "20140703T162708-0700",
      "duration" : 30.0,
      "distance" : 20.0,
      "steps" : 41
    } ],
    "lastUpdate" : "20140704T195038Z"
  } ],
  "lastUpdate" : "20140704T195038Z"
} ]