[ {
  "date" : "20140708",
  "summary" : [ {
    "activity" : "cycling",
    "group" : "cycling",
    "duration" : 717.0,
    "distance" : 2655.0
  }, {
    "activity" : "walking",
    "group" : "walking",
    "duration" : 814.0,
    "distance" : 1031.0,
    "steps" : 1196
  } ],
  "segments" : [ {
    "type" : "move",
    "startTime" : "20140708T131051-0700",
    "endTime" : "20140708T131932-0700",
    "activities" : [ {
      "activity" : "cycling",
      "group" : "cycling",
      "manual" : false,
      "startTime" : "20140708T131051-0700",
      "endTime" : "20140708T131932-0700",
      "duration" : 521.0,
      "distance" : 1883.0
    } ],
    "lastUpdate" : "20140708T215350Z"
  }, {
    "type" : "place",
    "startTime" : "20140708T131932-0700",
    "endTime" : "20140708T133000-0700",
    "activities" : [ {
      "activity" : "walking",
      "group" : "walking",
      "manual" : false,
      "startTime" : "20140708T131948-0700",
      "endTime" : "20140708T132018-0700",
      "duration" : 30.0,
      "distance" : 25.0,
      "steps" : 51
    } ],
    "lastUpdate" : "20140708T215350Z"
  }, {
    "type" : "move",
    "startTime" : "20140708T133000-0700",
    "endTime" : "20140708T133316-0700",
    "activities" : [ {
      "activity" : "cycling",
      "group" : "cycling",
      "manual" : false,
      "startTime" : "20140708T133000-0700",
      "endTime" : "20140708T133316-0700",
      "duration" : 196.0,
      "distance" : 772.0
    } ],
    "lastUpdate" : "20140708T215350Z"
  }, {
    "type" : "place",
    "startTime" : "20140708T133316-0700",
    "endTime" : "20140708T160628-0700",
    "activities" : [ {
      "activity" : "walking",
      "group" : "walking",
      "manual" : false,
      "startTime" : "20140708T133316-0700",
      "endTime" : "20140708T133635-0700",
      "duration" : 199.0,
      "distance" : 224.0,
      "steps" : 299
    }, {
      "activity" : "walking",
      "group" : "walking",
      "manual" : false,
      "startTime" : "20140708T145833-0700",
      "endTime" : "20140708T145842-0700",
      "duration" : 9.0,
      "distance" : 5.0,
      "steps" : 7
    }, {
      "activity" : "walking",
      "group" : "walking",
      "manual" : false,
      "startTime" : "20140708T160213-0700",
      "endTime" : "20140708T160243-0700",
      "duration" : 30.0,
      "distance" : 31.0,
      "steps" : 61
    } ],
    "lastUpdate" : "20140709T005430Z"
  }, {
    "type" : "move",
    "startTime" : "20140708T160628-0700",
    "endTime" : "20140708T161534-0700",
    "activities" : [ {
      "activity" : "walking",
      "group" : "walking",
      "manual" : false,
      "startTime" : "20140708T160628-0700",
      "endTime" : "20140708T161534-0700",
      "duration" : 546.0,
      "distance" : 746.0,
      "steps" : 778
    } ],
    "lastUpdate" : "20140709T005430Z"
  } ],
  "lastUpdate" : "20140709T005430Z"
} ]