[ {
  "date" : "20140614",
  "summary" : [ {
    "activity" : "walking",
    "group" : "walking",
    "duration" : 3790.0,
    "distance" : 3763.0,
    "steps" : 4458
  }, {
    "activity" : "transport",
    "group" : "transport",
    "duration" : 2315.0,
    "distance" : 12108.0
  }, {
    "activity" : "cycling",
    "group" : "cycling",
    "duration" : 1534.0,
    "distance" : 4691.0
  } ],
  "segments" : [ {
    "type" : "place",
    "startTime" : "20140613T225016-0700",
    "endTime" : "20140614T084653-0700",
    "activities" : [ {
      "activity" : "walking",
      "group" : "walking",
      "manual" : false,
      "startTime" : "20140614T084216-0700",
      "endTime" : "20140614T084346-0700",
      "duration" : 90.0,
      "distance" : 86.0,
      "steps" : 173
    } ],
    "lastUpdate" : "20140614T230256Z"
  }, {
    "type" : "move",
    "startTime" : "20140614T084653-0700",
    "endTime" : "20140614T090619-0700",
    "activities" : [ {
      "activity" : "transport",
      "group" : "transport",
      "manual" : false,
      "startTime" : "20140614T084653-0700",
      "endTime" : "20140614T090248-0700",
      "duration" : 955.0,
      "distance" : 5067.0
    }, {
      "activity" : "walking",
      "group" : "walking",
      "manual" : false,
      "startTime" : "20140614T090247-0700",
      "endTime" : "20140614T090619-0700",
      "duration" : 212.0,
      "distance" : 149.0,
      "steps" : 184
    } ],
    "lastUpdate" : "20140614T230256Z"
  }, {
    "type" : "place",
    "startTime" : "20140614T090619-0700",
    "endTime" : "20140614T185925-0700",
    "activities" : [ {
      "activity" : "walking",
      "group" : "walking",
      "manual" : false,
      "startTime" : "20140614T092316-0700",
      "endTime" : "20140614T092602-0700",
      "duration" : 166.0,
      "distance" : 124.0,
      "steps" : 158
    }, {
      "activity" : "walking",
      "group" : "walking",
      "manual" : false,
      "startTime" : "20140614T141038-0700",
      "endTime" : "20140614T141138-0700",
      "duration" : 60.0,
      "distance" : 30.0,
      "steps" : 50
    }, {
      "activity" : "walking",
      "group" : "walking",
      "manual" : false,
      "startTime" : "20140614T154145-0700",
      "endTime" : "20140614T154523-0700",
      "duration" : 218.0,
      "distance" : 166.0,
      "steps" : 221
    }, {
      "activity" : "walking",
      "group" : "walking",
      "manual" : false,
      "startTime" : "20140614T173936-0700",
      "endTime" : "20140614T174106-0700",
      "duration" : 90.0,
      "distance" : 71.0,
      "steps" : 142
    }, {
      "activity" : "walking",
      "group" : "walking",
      "manual" : false,
      "startTime" : "20140614T181216-0700",
      "endTime" : "20140614T181316-0700",
      "duration" : 60.0,
      "distance" : 31.0,
      "steps" : 61
    } ],
    "lastUpdate" : "20140615T051041Z"
  }, {
    "type" : "move",
    "startTime" : "20140614T185925-0700",
    "endTime" : "20140614T190237-0700",
    "activities" : [ {
      "activity" : "walking",
      "group" : "walking",
      "manual" : false,
      "startTime" : "20140614T185925-0700",
      "endTime" : "20140614T190238-0700",
      "duration" : 193.0,
      "distance" : 306.0,
      "steps" : 259
    } ],
    "lastUpdate" : "20140615T051041Z"
  }, {
    "type" : "move",
    "startTime" : "20140614T190445-0700",
    "endTime" : "20140614T191012-0700",
    "activities" : [ {
      "activity" : "walking",
      "group" : "walking",
      "manual" : false,
      "startTime" : "20140614T190445-0700",
      "endTime" : "20140614T191013-0700",
      "duration" : 328.0,
      "distance" : 252.0,
      "steps" : 503
    } ],
    "lastUpdate" : "20140615T051041Z"
  }, {
    "type" : "move",
    "startTime" : "20140614T191407-0700",
    "endTime" : "20140614T202223-0700",
    "activities" : [ {
      "activity" : "walking",
      "group" : "walking",
      "manual" : false,
      "startTime" : "20140614T191407-0700",
      "endTime" : "20140614T191738-0700",
      "duration" : 211.0,
      "distance" : 238.0,
      "steps" : 408
    }, {
      "activity" : "cycling",
      "group" : "cycling",
      "manual" : false,
      "startTime" : "20140614T191738-0700",
      "endTime" : "20140614T193035-0700",
      "duration" : 777.0,
      "distance" : 2638.0
    }, {
      "activity" : "walking",
      "group" : "walking",
      "manual" : false,
      "startTime" : "20140614T193036-0700",
      "endTime" : "20140614T194533-0700",
      "duration" : 897.0,
      "distance" : 1077.0,
      "steps" : 476
    }, {
      "activity" : "cycling",
      "group" : "cycling",
      "manual" : false,
      "startTime" : "20140614T194533-0700",
      "endTime" : "20140614T195810-0700",
      "duration" : 757.0,
      "distance" : 2053.0
    }, {
      "activity" : "transport",
      "group" : "transport",
      "manual" : false,
      "startTime" : "20140614T195811-0700",
      "endTime" : "20140614T201342-0700",
      "duration" : 931.0,
      "distance" : 3048.0
    }, {
      "activity" : "walking",
      "group" : "walking",
      "manual" : false,
      "startTime" : "20140614T201342-0700",
      "endTime" : "20140614T202223-0700",
      "duration" : 521.0,
      "distance" : 421.0,
      "steps" : 664
    } ],
    "lastUpdate" : "20140615T051041Z"
  }, {
    "type" : "place",
    "startTime" : "20140614T202223-0700",
    "endTime" : "20140614T215757-0700",
    "activities" : [ {
      "activity" : "walking",
      "group" : "walking",
      "manual" : false,
      "startTime" : "20140614T204116-0700",
      "endTime" : "20140614T204246-0700",
      "duration" : 90.0,
      "distance" : 76.0,
      "steps" : 152
    }, {
      "activity" : "walking",
      "group" : "walking",
      "manual" : false,
      "startTime" : "20140614T215440-0700",
      "endTime" : "20140614T215540-0700",
      "duration" : 60.0,
      "distance" : 56.0,
      "steps" : 112
    } ],
    "lastUpdate" : "20140615T060600Z"
  }, {
    "type" : "move",
    "startTime" : "20140614T215757-0700",
    "endTime" : "20140614T220112-0700",
    "activities" : [ {
      "activity" : "walking",
      "group" : "walking",
      "manual" : false,
      "startTime" : "20140614T215757-0700",
      "endTime" : "20140614T220113-0700",
      "duration" : 196.0,
      "distance" : 249.0,
      "steps" : 287
    } ],
    "lastUpdate" : "20140615T060600Z"
  }, {
    "type" : "place",
    "startTime" : "20140614T220112-0700",
    "endTime" : "20140614T224222-0700",
    "activities" : [ {
      "activity" : "walking",
      "group" : "walking",
      "manual" : false,
      "startTime" : "20140614T220635-0700",
      "endTime" : "20140614T220835-0700",
      "duration" : 120.0,
      "distance" : 130.0,
      "steps" : 173
    } ],
    "lastUpdate" : "20140616T030739Z"
  }, {
    "type" : "place",
    "startTime" : "20140614T230556-0700",
    "endTime" : "20140614T231427-0700",
    "activities" : [ {
      "activity" : "walking",
      "group" : "walking",
      "manual" : false,
      "startTime" : "20140614T230642-0700",
      "endTime" : "20140614T231012-0700",
      "duration" : 210.0,
      "distance" : 252.0,
      "steps" : 336
    } ],
    "lastUpdate" : "20140616T030739Z"
  }, {
    "type" : "move",
    "startTime" : "20140614T231427-0700",
    "endTime" : "20140614T232135-0700",
    "activities" : [ {
      "activity" : "transport",
      "group" : "transport",
      "manual" : false,
      "startTime" : "20140614T231427-0700",
      "endTime" : "20140614T232136-0700",
      "duration" : 429.0,
      "distance" : 3993.0
    } ],
    "lastUpdate" : "20140616T030739Z"
  }, {
    "type" : "place",
    "startTime" : "20140614T232136-0700",
    "endTime" : "20140614T233142-0700",
    "activities" : [ {
      "activity" : "walking",
      "group" : "walking",
      "manual" : false,
      "startTime" : "20140614T232136-0700",
      "endTime" : "20140614T232244-0700",
      "duration" : 68.0,
      "distance" : 49.0,
      "steps" : 99
    } ],
    "lastUpdate" : "20140616T030739Z"
  } ],
  "lastUpdate" : "20140616T030739Z"
} ]