[ {
  "date" : "20140624",
  "summary" : [ {
    "activity" : "walking",
    "group" : "walking",
    "duration" : 1514.0,
    "distance" : 1475.0,
    "steps" : 1621
  }, {
    "activity" : "transport",
    "group" : "transport",
    "duration" : 3630.0,
    "distance" : 87597.0
  }, {
    "activity" : "cycling",
    "group" : "cycling",
    "duration" : 1309.0,
    "distance" : 5065.0
  } ],
  "segments" : [ {
    "type" : "move",
    "startTime" : "20140623T235639-0700",
    "endTime" : "20140624T000421-0700",
    "activities" : [ {
      "activity" : "transport",
      "group" : "transport",
      "manual" : false,
      "startTime" : "20140624T000000-0700",
      "endTime" : "20140624T000128-0700",
      "duration" : 88.0,
      "distance" : 378.0
    }, {
      "activity" : "walking",
      "group" : "walking",
      "manual" : false,
      "startTime" : "20140624T000127-0700",
      "endTime" : "20140624T000421-0700",
      "duration" : 174.0,
      "distance" : 87.0,
      "steps" : 98
    } ],
    "lastUpdate" : "20140624T154406Z"
  }, {
    "type" : "place",
    "startTime" : "20140624T000422-0700",
    "endTime" : "20140624T084247-0700",
    "activities" : [ {
      "activity" : "walking",
      "group" : "walking",
      "manual" : false,
      "startTime" : "20140624T000527-0700",
      "endTime" : "20140624T000557-0700",
      "duration" : 30.0,
      "distance" : 21.0,
      "steps" : 41
    } ],
    "lastUpdate" : "20140624T201714Z"
  }, {
    "type" : "move",
    "startTime" : "20140624T084247-0700",
    "endTime" : "20140624T090420-0700",
    "activities" : [ {
      "activity" : "cycling",
      "group" : "cycling",
      "manual" : false,
      "startTime" : "20140624T084247-0700",
      "endTime" : "20140624T085150-0700",
      "duration" : 543.0,
      "distance" : 1865.0
    }, {
      "activity" : "walking",
      "group" : "walking",
      "manual" : false,
      "startTime" : "20140624T085150-0700",
      "endTime" : "20140624T090421-0700",
      "duration" : 751.0,
      "distance" : 786.0,
      "steps" : 822
    } ],
    "lastUpdate" : "20140624T201714Z"
  }, {
    "type" : "place",
    "startTime" : "20140624T090420-0700",
    "endTime" : "20140624T105116-0700",
    "activities" : [ {
      "activity" : "walking",
      "group" : "walking",
      "manual" : false,
      "startTime" : "20140624T090619-0700",
      "endTime" : "20140624T090649-0700",
      "duration" : 30.0,
      "distance" : 31.0,
      "steps" : 61
    } ],
    "lastUpdate" : "20140624T201717Z"
  }, {
    "type" : "move",
    "startTime" : "20140624T105116-0700",
    "endTime" : "20140624T105435-0700",
    "activities" : [ {
      "activity" : "walking",
      "group" : "walking",
      "manual" : false,
      "startTime" : "20140624T105116-0700",
      "endTime" : "20140624T105435-0700",
      "duration" : 199.0,
      "distance" : 244.0,
      "steps" : 204
    } ],
    "lastUpdate" : "20140624T201717Z"
  }, {
    "type" : "place",
    "startTime" : "20140624T105435-0700",
    "endTime" : "20140624T121338-0700",
    "activities" : [ {
      "activity" : "walking",
      "group" : "walking",
      "manual" : false,
      "startTime" : "20140624T110005-0700",
      "endTime" : "20140624T110035-0700",
      "duration" : 30.0,
      "distance" : 15.0,
      "steps" : 30
    } ],
    "lastUpdate" : "20140624T201720Z"
  }, {
    "type" : "move",
    "startTime" : "20140624T121338-0700",
    "endTime" : "20140624T121906-0700",
    "activities" : [ {
      "activity" : "cycling",
      "group" : "cycling",
      "manual" : false,
      "startTime" : "20140624T121338-0700",
      "endTime" : "20140624T121906-0700",
      "duration" : 328.0,
      "distance" : 1214.0
    } ],
    "lastUpdate" : "20140624T201720Z"
  }, {
    "type" : "place",
    "startTime" : "20140624T121906-0700",
    "endTime" : "20140624T130933-0700",
    "activities" : [ {
      "activity" : "walking",
      "group" : "walking",
      "manual" : false,
      "startTime" : "20140624T121940-0700",
      "endTime" : "20140624T122010-0700",
      "duration" : 30.0,
      "distance" : 41.0,
      "steps" : 81
    } ],
    "lastUpdate" : "20140625T025438Z"
  }, {
    "type" : "move",
    "startTime" : "20140624T130933-0700",
    "endTime" : "20140624T131651-0700",
    "activities" : [ {
      "activity" : "cycling",
      "group" : "cycling",
      "manual" : false,
      "startTime" : "20140624T130933-0700",
      "endTime" : "20140624T131651-0700",
      "duration" : 438.0,
      "distance" : 1986.0
    } ],
    "lastUpdate" : "20140625T025438Z"
  }, {
    "type" : "place",
    "startTime" : "20140624T131651-0700",
    "endTime" : "20140624T195429-0700",
    "activities" : [ {
      "activity" : "walking",
      "group" : "walking",
      "manual" : false,
      "startTime" : "20140624T131718-0700",
      "endTime" : "20140624T131948-0700",
      "duration" : 150.0,
      "distance" : 113.0,
      "steps" : 101
    } ],
    "lastUpdate" : "20140625T093500Z"
  }, {
    "type" : "move",
    "startTime" : "20140624T195429-0700",
    "endTime" : "20140624T204410-0700",
    "activities" : [ {
      "activity" : "transport",
      "group" : "transport",
      "manual" : false,
      "startTime" : "20140624T195429-0700",
      "endTime" : "20140624T204410-0700",
      "duration" : 2981.0,
      "distance" : 86574.0
    } ],
    "lastUpdate" : "20140625T093500Z"
  }, {
    "type" : "place",
    "startTime" : "20140624T204410-0700",
    "endTime" : "20140624T210540-0700",
    "activities" : [ {
      "activity" : "walking",
      "group" : "walking",
      "manual" : false,
      "startTime" : "20140624T204426-0700",
      "endTime" : "20140624T204626-0700",
      "duration" : 120.0,
      "distance" : 137.0,
      "steps" : 183
    } ],
    "lastUpdate" : "20140625T093502Z"
  }, {
    "type" : "move",
    "startTime" : "20140624T210540-0700",
    "endTime" : "20140624T211501-0700",
    "activities" : [ {
      "activity" : "transport",
      "group" : "transport",
      "manual" : false,
      "startTime" : "20140624T210540-0700",
      "endTime" : "20140624T211501-0700",
      "duration" : 561.0,
      "distance" : 645.0
    } ],
    "lastUpdate" : "20140625T093502Z"
  } ],
  "lastUpdate" : "20140625T093513Z"
} ]