[ {
  "date" : "20140705",
  "summary" : [ {
    "activity" : "transport",
    "group" : "transport",
    "duration" : 29554.0,
    "distance" : 692105.0
  }, {
    "activity" : "walking",
    "group" : "walking",
    "duration" : 1769.0,
    "distance" : 1465.0,
    "steps" : 2109
  } ],
  "segments" : [ {
    "type" : "move",
    "startTime" : "20140705T092411-0700",
    "endTime" : "20140705T102911-0700",
    "activities" : [ {
      "activity" : "transport",
      "group" : "transport",
      "manual" : false,
      "startTime" : "20140705T092411-0700",
      "endTime" : "20140705T102911-0700",
      "duration" : 3900.0,
      "distance" : 43889.0
    } ],
    "lastUpdate" : "20140705T204610Z"
  }, {
    "type" : "place",
    "startTime" : "20140705T102911-0700",
    "endTime" : "20140705T105344-0700",
    "activities" : [ {
      "activity" : "walking",
      "group" : "walking",
      "manual" : false,
      "startTime" : "20140705T103112-0700",
      "endTime" : "20140705T103712-0700",
      "duration" : 360.0,
      "distance" : 275.0,
      "steps" : 366
    } ],
    "lastUpdate" : "20140705T204625Z"
  }, {
    "type" : "move",
    "startTime" : "20140705T105344-0700",
    "endTime" : "20140705T110759-0700",
    "activities" : [ {
      "activity" : "transport",
      "group" : "transport",
      "manual" : false,
      "startTime" : "20140705T105344-0700",
      "endTime" : "20140705T110800-0700",
      "duration" : 856.0,
      "distance" : 6251.0
    } ],
    "lastUpdate" : "20140705T204625Z"
  }, {
    "type" : "place",
    "startTime" : "20140705T110759-0700",
    "endTime" : "20140705T112159-0700",
    "activities" : [ {
      "activity" : "walking",
      "group" : "walking",
      "manual" : false,
      "startTime" : "20140705T111006-0700",
      "endTime" : "20140705T111706-0700",
      "duration" : 420.0,
      "distance" : 362.0,
      "steps" : 483
    } ],
    "lastUpdate" : "20140705T204625Z"
  }, {
    "type" : "move",
    "startTime" : "20140705T112159-0700",
    "endTime" : "20140705T113612-0700",
    "activities" : [ {
      "activity" : "transport",
      "group" : "transport",
      "manual" : false,
      "startTime" : "20140705T112159-0700",
      "endTime" : "20140705T113613-0700",
      "duration" : 854.0,
      "distance" : 5696.0
    } ],
    "lastUpdate" : "20140705T204625Z"
  }, {
    "type" : "place",
    "startTime" : "20140705T113612-0700",
    "endTime" : "20140705T121843-0700",
    "activities" : [ {
      "activity" : "walking",
      "group" : "walking",
      "manual" : false,
      "startTime" : "20140705T113612-0700",
      "endTime" : "20140705T113824-0700",
      "duration" : 132.0,
      "distance" : 169.0,
      "steps" : 226
    } ],
    "lastUpdate" : "20140705T204627Z"
  }, {
    "type" : "move",
    "startTime" : "20140705T121843-0700",
    "endTime" : "20140705T124433-0700",
    "activities" : [ {
      "activity" : "transport",
      "group" : "transport",
      "manual" : false,
      "startTime" : "20140705T121843-0700",
      "endTime" : "20140705T124030-0700",
      "duration" : 1307.0,
      "distance" : 4648.0
    }, {
      "activity" : "walking",
      "group" : "walking",
      "manual" : false,
      "startTime" : "20140705T124030-0700",
      "endTime" : "20140705T124433-0700",
      "duration" : 243.0,
      "distance" : 233.0,
      "steps" : 390
    } ],
    "lastUpdate" : "20140705T204627Z"
  }, {
    "type" : "place",
    "startTime" : "20140705T124433-0700",
    "endTime" : "20140705T134550-0700",
    "activities" : [ {
      "activity" : "walking",
      "group" : "walking",
      "manual" : false,
      "startTime" : "20140705T124701-0700",
      "endTime" : "20140705T124831-0700",
      "duration" : 90.0,
      "distance" : 66.0,
      "steps" : 132
    } ],
    "lastUpdate" : "20140706T005643Z"
  }, {
    "type" : "move",
    "startTime" : "20140705T134550-0700",
    "endTime" : "20140705T135341-0700",
    "activities" : [ {
      "activity" : "transport",
      "group" : "transport",
      "manual" : false,
      "startTime" : "20140705T134550-0700",
      "endTime" : "20140705T135340-0700",
      "duration" : 470.0,
      "distance" : 3371.0
    } ],
    "lastUpdate" : "20140706T005643Z"
  }, {
    "type" : "place",
    "startTime" : "20140705T135341-0700",
    "endTime" : "20140705T150740-0700",
    "activities" : [ {
      "activity" : "walking",
      "group" : "walking",
      "manual" : false,
      "startTime" : "20140705T135424-0700",
      "endTime" : "20140705T135524-0700",
      "duration" : 60.0,
      "distance" : 35.0,
      "steps" : 70
    }, {
      "activity" : "walking",
      "group" : "walking",
      "manual" : false,
      "startTime" : "20140705T140225-0700",
      "endTime" : "20140705T140325-0700",
      "duration" : 60.0,
      "distance" : 34.0,
      "steps" : 67
    } ],
    "lastUpdate" : "20140706T005652Z"
  }, {
    "type" : "move",
    "startTime" : "20140705T150740-0700",
    "endTime" : "20140705T151249-0700",
    "activities" : [ {
      "activity" : "transport",
      "group" : "transport",
      "manual" : false,
      "startTime" : "20140705T150740-0700",
      "endTime" : "20140705T151249-0700",
      "duration" : 309.0,
      "distance" : 1694.0
    } ],
    "lastUpdate" : "20140706T005652Z"
  }, {
    "type" : "place",
    "startTime" : "20140705T151249-0700",
    "endTime" : "20140705T152247-0700",
    "activities" : [ {
      "activity" : "walking",
      "group" : "walking",
      "manual" : false,
      "startTime" : "20140705T151323-0700",
      "endTime" : "20140705T151423-0700",
      "duration" : 60.0,
      "distance" : 36.0,
      "steps" : 71
    } ],
    "lastUpdate" : "20140706T005652Z"
  }, {
    "type" : "move",
    "startTime" : "20140705T152247-0700",
    "endTime" : "20140705T155103-0700",
    "activities" : [ {
      "activity" : "transport",
      "group" : "transport",
      "manual" : false,
      "startTime" : "20140705T152247-0700",
      "endTime" : "20140705T155103-0700",
      "duration" : 1696.0,
      "distance" : 39455.0
    } ],
    "lastUpdate" : "20140706T005652Z"
  }, {
    "type" : "place",
    "startTime" : "20140705T155103-0700",
    "endTime" : "20140705T162324-0700",
    "activities" : [ {
      "activity" : "walking",
      "group" : "walking",
      "manual" : false,
      "startTime" : "20140705T155126-0700",
      "endTime" : "20140705T155626-0700",
      "duration" : 300.0,
      "distance" : 225.0,
      "steps" : 244
    } ],
    "lastUpdate" : "20140706T020324Z"
  }, {
    "type" : "move",
    "startTime" : "20140705T162324-0700",
    "endTime" : "20140705T175102-0700",
    "activities" : [ {
      "activity" : "transport",
      "group" : "transport",
      "manual" : false,
      "startTime" : "20140705T162324-0700",
      "endTime" : "20140705T175103-0700",
      "duration" : 5259.0,
      "distance" : 163106.0
    } ],
    "lastUpdate" : "20140706T020324Z"
  }, {
    "type" : "move",
    "startTime" : "20140705T190957-0700",
    "endTime" : "20140705T231819-0700",
    "activities" : [ {
      "activity" : "transport",
      "group" : "transport",
      "manual" : false,
      "startTime" : "20140705T190957-0700",
      "endTime" : "20140705T231820-0700",
      "duration" : 14903.0,
      "distance" : 423995.0
    } ],
    "lastUpdate" : "20140706T163450Z"
  }, {
    "type" : "place",
    "startTime" : "20140705T231831-0700",
    "endTime" : "20140706T095208-0700",
    "activities" : [ {
      "activity" : "walking",
      "group" : "walking",
      "manual" : false,
      "startTime" : "20140705T231831-0700",
      "endTime" : "20140705T231915-0700",
      "duration" : 44.0,
      "distance" : 30.0,
      "steps" : 60
    } ],
    "lastUpdate" : "20140706T193727Z"
  } ],
  "lastUpdate" : "20140706T193727Z"
} ]