[ {
  "date" : "20140611",
  "summary" : [ {
    "activity" : "cycling",
    "group" : "cycling",
    "duration" : 563.0,
    "distance" : 3035.0
  }, {
    "activity" : "walking",
    "group" : "walking",
    "duration" : 1286.0,
    "distance" : 1415.0,
    "steps" : 1878
  } ],
  "segments" : [ {
    "type" : "move",
    "startTime" : "20140611T102437-0700",
    "endTime" : "20140611T103400-0700",
    "activities" : [ {
      "activity" : "cycling",
      "group" : "cycling",
      "manual" : false,
      "startTime" : "20140611T102437-0700",
      "endTime" : "20140611T103400-0700",
      "duration" : 563.0,
      "distance" : 3035.0
    } ],
    "lastUpdate" : "20140611T203209Z"
  }, {
    "type" : "place",
    "startTime" : "20140611T103400-0700",
    "endTime" : "20140611T132516-0700",
    "activities" : [ {
      "activity" : "walking",
      "group" : "walking",
      "manual" : false,
      "startTime" : "20140611T103400-0700",
      "endTime" : "20140611T103854-0700",
      "duration" : 294.0,
      "distance" : 373.0,
      "steps" : 497
    } ],
    "lastUpdate" : "20140612T014753Z"
  }, {
    "type" : "move",
    "startTime" : "20140611T132516-0700",
    "endTime" : "20140611T133140-0700",
    "activities" : [ {
      "activity" : "walking",
      "group" : "walking",
      "manual" : false,
      "startTime" : "20140611T132516-0700",
      "endTime" : "20140611T133140-0700",
      "duration" : 384.0,
      "distance" : 442.0,
      "steps" : 513
    } ],
    "lastUpdate" : "20140612T014753Z"
  }, {
    "type" : "place",
    "startTime" : "20140611T133140-0700",
    "endTime" : "20140611T184516-0700",
    "activities" : [ {
      "activity" : "walking",
      "group" : "walking",
      "manual" : false,
      "startTime" : "20140611T133258-0700",
      "endTime" : "20140611T133328-0700",
      "duration" : 30.0,
      "distance" : 20.0,
      "steps" : 41
    } ],
    "lastUpdate" : "20140613T005602Z"
  }, {
    "type" : "move",
    "startTime" : "20140611T184516-0700",
    "endTime" : "20140611T185454-0700",
    "activities" : [ {
      "activity" : "walking",
      "group" : "walking",
      "manual" : false,
      "startTime" : "20140611T184516-0700",
      "endTime" : "20140611T185454-0700",
      "duration" : 578.0,
      "distance" : 580.0,
      "steps" : 827
    } ],
    "lastUpdate" : "20140613T005602Z"
  } ],
  "lastUpdate" : "20140613T005602Z"
} ]