[ {
  "date" : "20140625",
  "summary" : [ {
    "activity" : "transport",
    "group" : "transport",
    "duration" : 4651.0,
    "distance" : 85632.0
  }, {
    "activity" : "walking",
    "group" : "walking",
    "duration" : 376.0,
    "distance" : 303.0,
    "steps" : 524
  } ],
  "segments" : [ {
    "type" : "move",
    "startTime" : "20140625T000120-0700",
    "endTime" : "20140625T010856-0700",
    "activities" : [ {
      "activity" : "transport",
      "group" : "transport",
      "manual" : false,
      "startTime" : "20140625T000120-0700",
      "endTime" : "20140625T010856-0700",
      "duration" : 4056.0,
      "distance" : 82863.0
    } ],
    "lastUpdate" : "20140625T093513Z"
  }, {
    "type" : "place",
    "startTime" : "20140625T010856-0700",
    "endTime" : "20140625T165951-0700",
    "activities" : [ {
      "activity" : "walking",
      "group" : "walking",
      "manual" : false,
      "startTime" : "20140625T011825-0700",
      "endTime" : "20140625T011855-0700",
      "duration" : 30.0,
      "distance" : 15.0,
      "steps" : 20
    } ],
    "lastUpdate" : "20140626T031608Z"
  }, {
    "type" : "move",
    "startTime" : "20140625T165951-0700",
    "endTime" : "20140625T170807-0700",
    "activities" : [ {
      "activity" : "transport",
      "group" : "transport",
      "manual" : false,
      "startTime" : "20140625T165951-0700",
      "endTime" : "20140625T170352-0700",
      "duration" : 241.0,
      "distance" : 1258.0
    }, {
      "activity" : "walking",
      "group" : "walking",
      "manual" : false,
      "startTime" : "20140625T170351-0700",
      "endTime" : "20140625T170807-0700",
      "duration" : 256.0,
      "distance" : 222.0,
      "steps" : 371
    } ],
    "lastUpdate" : "20140626T031608Z"
  }, {
    "type" : "place",
    "startTime" : "20140625T170807-0700",
    "endTime" : "20140625T171916-0700",
    "activities" : [ {
      "activity" : "walking",
      "group" : "walking",
      "manual" : false,
      "startTime" : "20140625T171222-0700",
      "endTime" : "20140625T171252-0700",
      "duration" : 30.0,
      "distance" : 20.0,
      "steps" : 41
    } ],
    "lastUpdate" : "20140626T031608Z"
  }, {
    "type" : "move",
    "startTime" : "20140625T171916-0700",
    "endTime" : "20140625T172509-0700",
    "activities" : [ {
      "activity" : "transport",
      "group" : "transport",
      "manual" : false,
      "startTime" : "20140625T171916-0700",
      "endTime" : "20140625T172510-0700",
      "duration" : 354.0,
      "distance" : 1511.0
    } ],
    "lastUpdate" : "20140626T031608Z"
  }, {
    "type" : "place",
    "startTime" : "20140625T172509-0700",
    "endTime" : "20140626T082559-0700",
    "activities" : [ {
      "activity" : "walking",
      "group" : "walking",
      "manual" : false,
      "startTime" : "20140625T172540-0700",
      "endTime" : "20140625T172640-0700",
      "duration" : 60.0,
      "distance" : 46.0,
      "steps" : 92
    } ],
    "lastUpdate" : "20140626T231857Z"
  } ],
  "lastUpdate" : "20140626T231857Z"
} ]