[ {
  "date" : "20140610",
  "summary" : [ {
    "activity" : "cycling",
    "group" : "cycling",
    "duration" : 1167.0,
    "distance" : 5511.0
  }, {
    "activity" : "walking",
    "group" : "walking",
    "duration" : 1771.0,
    "distance" : 1789.0,
    "steps" : 2560
  }, {
    "activity" : "transport",
    "group" : "transport",
    "duration" : 407.0,
    "distance" : 468.0
  } ],
  "segments" : [ {
    "type" : "move",
    "startTime" : "20140610T123650-0700",
    "endTime" : "20140610T124900-0700",
    "activities" : [ {
      "activity" : "cycling",
      "group" : "cycling",
      "manual" : false,
      "startTime" : "20140610T123650-0700",
      "endTime" : "20140610T124901-0700",
      "duration" : 731.0,
      "distance" : 2939.0
    } ],
    "lastUpdate" : "20140610T213437Z"
  }, {
    "type" : "place",
    "startTime" : "20140610T124900-0700",
    "endTime" : "20140610T151726-0700",
    "activities" : [ {
      "activity" : "walking",
      "group" : "walking",
      "manual" : false,
      "startTime" : "20140610T124900-0700",
      "endTime" : "20140610T125529-0700",
      "duration" : 389.0,
      "distance" : 292.0,
      "steps" : 344
    } ],
    "lastUpdate" : "20140611T004232Z"
  }, {
    "type" : "move",
    "startTime" : "20140610T151726-0700",
    "endTime" : "20140610T152024-0700",
    "activities" : [ {
      "activity" : "walking",
      "group" : "walking",
      "manual" : false,
      "startTime" : "20140610T151726-0700",
      "endTime" : "20140610T152024-0700",
      "duration" : 178.0,
      "distance" : 237.0,
      "steps" : 362
    } ],
    "lastUpdate" : "20140611T004232Z"
  }, {
    "type" : "move",
    "startTime" : "20140610T152530-0700",
    "endTime" : "20140610T153403-0700",
    "activities" : [ {
      "activity" : "walking",
      "group" : "walking",
      "manual" : false,
      "startTime" : "20140610T152530-0700",
      "endTime" : "20140610T153404-0700",
      "duration" : 514.0,
      "distance" : 502.0,
      "steps" : 901
    } ],
    "lastUpdate" : "20140611T004232Z"
  }, {
    "type" : "move",
    "startTime" : "20140610T173958-0700",
    "endTime" : "20140610T175045-0700",
    "activities" : [ {
      "activity" : "transport",
      "group" : "transport",
      "manual" : false,
      "startTime" : "20140610T173958-0700",
      "endTime" : "20140610T174645-0700",
      "duration" : 407.0,
      "distance" : 468.0
    }, {
      "activity" : "walking",
      "group" : "walking",
      "manual" : false,
      "startTime" : "20140610T174645-0700",
      "endTime" : "20140610T175046-0700",
      "duration" : 241.0,
      "distance" : 304.0,
      "steps" : 421
    } ],
    "lastUpdate" : "20140611T043100Z"
  }, {
    "type" : "place",
    "startTime" : "20140610T175046-0700",
    "endTime" : "20140610T175426-0700",
    "activities" : [ {
      "activity" : "walking",
      "group" : "walking",
      "manual" : false,
      "startTime" : "20140610T175205-0700",
      "endTime" : "20140610T175235-0700",
      "duration" : 30.0,
      "distance" : 35.0,
      "steps" : 71
    } ],
    "lastUpdate" : "20140611T043100Z"
  }, {
    "type" : "move",
    "startTime" : "20140610T175426-0700",
    "endTime" : "20140610T175921-0700",
    "activities" : [ {
      "activity" : "walking",
      "group" : "walking",
      "manual" : false,
      "startTime" : "20140610T175426-0700",
      "endTime" : "20140610T175922-0700",
      "duration" : 296.0,
      "distance" : 255.0,
      "steps" : 242
    } ],
    "lastUpdate" : "20140611T043100Z"
  }, {
    "type" : "place",
    "startTime" : "20140610T175922-0700",
    "endTime" : "20140610T203528-0700",
    "activities" : [ {
      "activity" : "walking",
      "group" : "walking",
      "manual" : false,
      "startTime" : "20140610T181215-0700",
      "endTime" : "20140610T181418-0700",
      "duration" : 123.0,
      "distance" : 164.0,
      "steps" : 219
    } ],
    "lastUpdate" : "20140611T043104Z"
  }, {
    "type" : "move",
    "startTime" : "20140610T203528-0700",
    "endTime" : "20140610T204244-0700",
    "activities" : [ {
      "activity" : "cycling",
      "group" : "cycling",
      "manual" : false,
      "startTime" : "20140610T203528-0700",
      "endTime" : "20140610T204244-0700",
      "duration" : 436.0,
      "distance" : 2572.0
    } ],
    "lastUpdate" : "20140611T043104Z"
  } ],
  "lastUpdate" : "20140611T203209Z"
} ]