[ {
  "date" : "20140707",
  "summary" : [ {
    "activity" : "cycling",
    "group" : "cycling",
    "duration" : 1470.0,
    "distance" : 7708.0
  }, {
    "activity" : "walking",
    "group" : "walking",
    "duration" : 4041.0,
    "distance" : 4426.0,
    "steps" : 6815
  } ],
  "segments" : [ {
    "type" : "move",
    "startTime" : "20140707T092921-0700",
    "endTime" : "20140707T094834-0700",
    "activities" : [ {
      "activity" : "cycling",
      "group" : "cycling",
      "manual" : false,
      "startTime" : "20140707T092921-0700",
      "endTime" : "20140707T093924-0700",
      "duration" : 603.0,
      "distance" : 2455.0
    }, {
      "activity" : "walking",
      "group" : "walking",
      "manual" : false,
      "startTime" : "20140707T093923-0700",
      "endTime" : "20140707T094834-0700",
      "duration" : 551.0,
      "distance" : 556.0,
      "steps" : 944
    } ],
    "lastUpdate" : "20140707T175009Z"
  }, {
    "type" : "place",
    "startTime" : "20140707T094834-0700",
    "endTime" : "20140707T133353-0700",
    "activities" : [ {
      "activity" : "walking",
      "group" : "walking",
      "manual" : false,
      "startTime" : "20140707T095024-0700",
      "endTime" : "20140707T095124-0700",
      "duration" : 60.0,
      "distance" : 36.0,
      "steps" : 71
    } ],
    "lastUpdate" : "20140708T024931Z"
  }, {
    "type" : "move",
    "startTime" : "20140707T133353-0700",
    "endTime" : "20140707T134522-0700",
    "activities" : [ {
      "activity" : "walking",
      "group" : "walking",
      "manual" : false,
      "startTime" : "20140707T133353-0700",
      "endTime" : "20140707T134523-0700",
      "duration" : 690.0,
      "distance" : 844.0,
      "steps" : 1313
    } ],
    "lastUpdate" : "20140708T024931Z"
  }, {
    "type" : "place",
    "startTime" : "20140707T134522-0700",
    "endTime" : "20140707T142027-0700",
    "activities" : [ {
      "activity" : "walking",
      "group" : "walking",
      "manual" : false,
      "startTime" : "20140707T135307-0700",
      "endTime" : "20140707T135527-0700",
      "duration" : 140.0,
      "distance" : 201.0,
      "steps" : 268
    } ],
    "lastUpdate" : "20140708T024934Z"
  }, {
    "type" : "move",
    "startTime" : "20140707T142027-0700",
    "endTime" : "20140707T143201-0700",
    "activities" : [ {
      "activity" : "walking",
      "group" : "walking",
      "manual" : false,
      "startTime" : "20140707T142027-0700",
      "endTime" : "20140707T143200-0700",
      "duration" : 693.0,
      "distance" : 764.0,
      "steps" : 1158
    } ],
    "lastUpdate" : "20140708T024934Z"
  }, {
    "type" : "place",
    "startTime" : "20140707T143201-0700",
    "endTime" : "20140707T194821-0700",
    "activities" : [ {
      "activity" : "walking",
      "group" : "walking",
      "manual" : false,
      "startTime" : "20140707T143322-0700",
      "endTime" : "20140707T143422-0700",
      "duration" : 60.0,
      "distance" : 56.0,
      "steps" : 112
    } ],
    "lastUpdate" : "20140708T054129Z"
  }, {
    "type" : "move",
    "startTime" : "20140707T194821-0700",
    "endTime" : "20140707T195151-0700",
    "activities" : [ {
      "activity" : "cycling",
      "group" : "cycling",
      "manual" : false,
      "startTime" : "20140707T194821-0700",
      "endTime" : "20140707T195151-0700",
      "duration" : 210.0,
      "distance" : 996.0
    } ],
    "lastUpdate" : "20140708T054129Z"
  }, {
    "type" : "place",
    "startTime" : "20140707T195151-0700",
    "endTime" : "20140707T205245-0700",
    "activities" : [ {
      "activity" : "walking",
      "group" : "walking",
      "manual" : false,
      "startTime" : "20140707T195151-0700",
      "endTime" : "20140707T195747-0700",
      "duration" : 356.0,
      "distance" : 399.0,
      "steps" : 531
    } ],
    "lastUpdate" : "20140708T054131Z"
  }, {
    "type" : "move",
    "startTime" : "20140707T205245-0700",
    "endTime" : "20140707T205851-0700",
    "activities" : [ {
      "activity" : "walking",
      "group" : "walking",
      "manual" : false,
      "startTime" : "20140707T205245-0700",
      "endTime" : "20140707T205851-0700",
      "duration" : 366.0,
      "distance" : 378.0,
      "steps" : 697
    } ],
    "lastUpdate" : "20140708T054131Z"
  }, {
    "type" : "move",
    "startTime" : "20140707T214837-0700",
    "endTime" : "20140707T215235-0700",
    "activities" : [ {
      "activity" : "cycling",
      "group" : "cycling",
      "manual" : false,
      "startTime" : "20140707T214837-0700",
      "endTime" : "20140707T215235-0700",
      "duration" : 238.0,
      "distance" : 1203.0
    } ],
    "lastUpdate" : "20140708T054139Z"
  }, {
    "type" : "move",
    "startTime" : "20140707T223000-0700",
    "endTime" : "20140707T224845-0700",
    "activities" : [ {
      "activity" : "walking",
      "group" : "walking",
      "manual" : false,
      "startTime" : "20140707T223000-0700",
      "endTime" : "20140707T224845-0700",
      "duration" : 1125.0,
      "distance" : 1192.0,
      "steps" : 1721
    } ],
    "lastUpdate" : "20140708T201206Z"
  }, {
    "type" : "move",
    "startTime" : "20140707T225534-0700",
    "endTime" : "20140707T230233-0700",
    "activities" : [ {
      "activity" : "cycling",
      "group" : "cycling",
      "manual" : false,
      "startTime" : "20140707T225534-0700",
      "endTime" : "20140707T230233-0700",
      "duration" : 419.0,
      "distance" : 3054.0
    } ],
    "lastUpdate" : "20140708T201206Z"
  } ],
  "lastUpdate" : "20140708T215350Z"
} ]