[ {
  "date" : "20140605",
  "summary" : [ {
    "activity" : "cycling",
    "group" : "cycling",
    "duration" : 1284.0,
    "distance" : 5538.0
  }, {
    "activity" : "walking",
    "group" : "walking",
    "duration" : 2330.0,
    "distance" : 2952.0,
    "steps" : 4134
  }, {
    "activity" : "transport",
    "group" : "transport",
    "duration" : 8523.0,
    "distance" : 136786.0
  } ],
  "segments" : [ {
    "type" : "move",
    "startTime" : "20140605T103641-0700",
    "endTime" : "20140605T105001-0700",
    "activities" : [ {
      "activity" : "cycling",
      "group" : "cycling",
      "manual" : false,
      "startTime" : "20140605T103641-0700",
      "endTime" : "20140605T105000-0700",
      "duration" : 799.0,
      "distance" : 2826.0
    } ],
    "lastUpdate" : "20140605T184840Z"
  }, {
    "type" : "place",
    "startTime" : "20140605T105001-0700",
    "endTime" : "20140605T105936-0700",
    "activities" : [ {
      "activity" : "walking",
      "group" : "walking",
      "manual" : false,
      "startTime" : "20140605T105053-0700",
      "endTime" : "20140605T105423-0700",
      "duration" : 210.0,
      "distance" : 176.0,
      "steps" : 234
    } ],
    "lastUpdate" : "20140605T184840Z"
  }, {
    "type" : "move",
    "startTime" : "20140605T105936-0700",
    "endTime" : "20140605T110322-0700",
    "activities" : [ {
      "activity" : "walking",
      "group" : "walking",
      "manual" : false,
      "startTime" : "20140605T105936-0700",
      "endTime" : "20140605T110323-0700",
      "duration" : 227.0,
      "distance" : 427.0,
      "steps" : 365
    } ],
    "lastUpdate" : "20140605T184840Z"
  }, {
    "type" : "place",
    "startTime" : "20140605T110323-0700",
    "endTime" : "20140605T123446-0700",
    "activities" : [ {
      "activity" : "walking",
      "group" : "walking",
      "manual" : false,
      "startTime" : "20140605T110350-0700",
      "endTime" : "20140605T110650-0700",
      "duration" : 180.0,
      "distance" : 256.0,
      "steps" : 342
    } ],
    "lastUpdate" : "20140605T211901Z"
  }, {
    "type" : "move",
    "startTime" : "20140605T123446-0700",
    "endTime" : "20140605T124040-0700",
    "activities" : [ {
      "activity" : "walking",
      "group" : "walking",
      "manual" : false,
      "startTime" : "20140605T123446-0700",
      "endTime" : "20140605T124039-0700",
      "duration" : 353.0,
      "distance" : 411.0,
      "steps" : 688
    } ],
    "lastUpdate" : "20140605T211901Z"
  }, {
    "type" : "move",
    "startTime" : "20140605T140925-0700",
    "endTime" : "20140605T141730-0700",
    "activities" : [ {
      "activity" : "cycling",
      "group" : "cycling",
      "manual" : false,
      "startTime" : "20140605T140925-0700",
      "endTime" : "20140605T141730-0700",
      "duration" : 485.0,
      "distance" : 2712.0
    } ],
    "lastUpdate" : "20140606T011125Z"
  }, {
    "type" : "move",
    "startTime" : "20140605T155629-0700",
    "endTime" : "20140605T170506-0700",
    "activities" : [ {
      "activity" : "transport",
      "group" : "transport",
      "manual" : false,
      "startTime" : "20140605T155629-0700",
      "endTime" : "20140605T170506-0700",
      "duration" : 4117.0,
      "distance" : 66324.0
    } ],
    "lastUpdate" : "20140606T011135Z"
  }, {
    "type" : "place",
    "startTime" : "20140605T170506-0700",
    "endTime" : "20140605T181106-0700",
    "activities" : [ {
      "activity" : "walking",
      "group" : "walking",
      "manual" : false,
      "startTime" : "20140605T170627-0700",
      "endTime" : "20140605T170757-0700",
      "duration" : 90.0,
      "distance" : 66.0,
      "steps" : 132
    } ],
    "lastUpdate" : "20140606T065035Z"
  }, {
    "type" : "move",
    "startTime" : "20140605T181106-0700",
    "endTime" : "20140605T192432-0700",
    "activities" : [ {
      "activity" : "transport",
      "group" : "transport",
      "manual" : false,
      "startTime" : "20140605T181106-0700",
      "endTime" : "20140605T192432-0700",
      "duration" : 4406.0,
      "distance" : 70462.0
    } ],
    "lastUpdate" : "20140606T065035Z"
  }, {
    "type" : "place",
    "startTime" : "20140605T192432-0700",
    "endTime" : "20140605T213359-0700",
    "activities" : [ {
      "activity" : "walking",
      "group" : "walking",
      "manual" : false,
      "startTime" : "20140605T192432-0700",
      "endTime" : "20140605T192440-0700",
      "duration" : 8.0,
      "distance" : 4.0,
      "steps" : 8
    } ],
    "lastUpdate" : "20140606T065039Z"
  }, {
    "type" : "move",
    "startTime" : "20140605T213359-0700",
    "endTime" : "20140605T215331-0700",
    "activities" : [ {
      "activity" : "walking",
      "group" : "walking",
      "manual" : false,
      "startTime" : "20140605T213359-0700",
      "endTime" : "20140605T215331-0700",
      "duration" : 1172.0,
      "distance" : 1566.0,
      "steps" : 2273
    } ],
    "lastUpdate" : "20140606T065039Z"
  }, {
    "type" : "place",
    "startTime" : "20140605T215331-0700",
    "endTime" : "20140606T003642-0700",
    "activities" : [ {
      "activity" : "walking",
      "group" : "walking",
      "manual" : false,
      "startTime" : "20140605T235420-0700",
      "endTime" : "20140605T235550-0700",
      "duration" : 90.0,
      "distance" : 46.0,
      "steps" : 92
    } ],
    "lastUpdate" : "20140606T155212Z"
  } ],
  "lastUpdate" : "20140606T155212Z"
} ]