[ {
  "date" : "20140702",
  "summary" : [ {
    "activity" : "walking",
    "group" : "walking",
    "duration" : 2185.0,
    "distance" : 2584.0,
    "steps" : 3292
  }, {
    "activity" : "transport",
    "group" : "transport",
    "duration" : 9325.0,
    "distance" : 139029.0
  }, {
    "activity" : "cycling",
    "group" : "cycling",
    "duration" : 334.0,
    "distance" : 1975.0
  } ],
  "segments" : [ {
    "type" : "move",
    "startTime" : "20140702T154254-0700",
    "endTime" : "20140702T155254-0700",
    "activities" : [ {
      "activity" : "transport",
      "group" : "transport",
      "manual" : false,
      "startTime" : "20140702T154254-0700",
      "endTime" : "20140702T154653-0700",
      "duration" : 239.0,
      "distance" : 1323.0
    }, {
      "activity" : "walking",
      "group" : "walking",
      "manual" : false,
      "startTime" : "20140702T154653-0700",
      "endTime" : "20140702T155253-0700",
      "duration" : 360.0,
      "distance" : 536.0,
      "steps" : 447
    } ],
    "lastUpdate" : "20140703T003439Z"
  }, {
    "type" : "place",
    "startTime" : "20140702T155254-0700",
    "endTime" : "20140702T170127-0700",
    "activities" : [ {
      "activity" : "walking",
      "group" : "walking",
      "manual" : false,
      "startTime" : "20140702T155554-0700",
      "endTime" : "20140702T155624-0700",
      "duration" : 30.0,
      "distance" : 30.0,
      "steps" : 61
    } ],
    "lastUpdate" : "20140703T232952Z"
  }, {
    "type" : "move",
    "startTime" : "20140702T170127-0700",
    "endTime" : "20140702T170702-0700",
    "activities" : [ {
      "activity" : "cycling",
      "group" : "cycling",
      "manual" : false,
      "startTime" : "20140702T170127-0700",
      "endTime" : "20140702T170701-0700",
      "duration" : 334.0,
      "distance" : 1975.0
    } ],
    "lastUpdate" : "20140703T232952Z"
  }, {
    "type" : "place",
    "startTime" : "20140702T170702-0700",
    "endTime" : "20140702T173233-0700",
    "activities" : [ {
      "activity" : "walking",
      "group" : "walking",
      "manual" : false,
      "startTime" : "20140702T170752-0700",
      "endTime" : "20140702T170852-0700",
      "duration" : 60.0,
      "distance" : 46.0,
      "steps" : 92
    } ],
    "lastUpdate" : "20140703T232952Z"
  }, {
    "type" : "move",
    "startTime" : "20140702T173233-0700",
    "endTime" : "20140702T184459-0700",
    "activities" : [ {
      "activity" : "walking",
      "group" : "walking",
      "manual" : false,
      "startTime" : "20140702T173233-0700",
      "endTime" : "20140702T174425-0700",
      "duration" : 712.0,
      "distance" : 1072.0,
      "steps" : 1207
    }, {
      "activity" : "transport",
      "group" : "transport",
      "manual" : false,
      "startTime" : "20140702T174425-0700",
      "endTime" : "20140702T184459-0700",
      "duration" : 3634.0,
      "distance" : 51288.0
    } ],
    "lastUpdate" : "20140703T232952Z"
  }, {
    "type" : "move",
    "startTime" : "20140702T185456-0700",
    "endTime" : "20140702T194911-0700",
    "activities" : [ {
      "activity" : "transport",
      "group" : "transport",
      "manual" : false,
      "startTime" : "20140702T185456-0700",
      "endTime" : "20140702T194912-0700",
      "duration" : 3256.0,
      "distance" : 50397.0
    } ],
    "lastUpdate" : "20140703T232952Z"
  }, {
    "type" : "place",
    "startTime" : "20140702T194911-0700",
    "endTime" : "20140702T195331-0700",
    "activities" : [ {
      "activity" : "walking",
      "group" : "walking",
      "manual" : false,
      "startTime" : "20140702T194940-0700",
      "endTime" : "20140702T195040-0700",
      "duration" : 60.0,
      "distance" : 46.0,
      "steps" : 92
    } ],
    "lastUpdate" : "20140703T232952Z"
  }, {
    "type" : "move",
    "startTime" : "20140702T195331-0700",
    "endTime" : "20140702T200341-0700",
    "activities" : [ {
      "activity" : "walking",
      "group" : "walking",
      "manual" : false,
      "startTime" : "20140702T195331-0700",
      "endTime" : "20140702T200342-0700",
      "duration" : 611.0,
      "distance" : 643.0,
      "steps" : 1016
    } ],
    "lastUpdate" : "20140703T232952Z"
  }, {
    "type" : "move",
    "startTime" : "20140702T201114-0700",
    "endTime" : "20140702T202012-0700",
    "activities" : [ {
      "activity" : "transport",
      "group" : "transport",
      "manual" : false,
      "startTime" : "20140702T201114-0700",
      "endTime" : "20140702T202012-0700",
      "duration" : 538.0,
      "distance" : 6934.0
    } ],
    "lastUpdate" : "20140703T232952Z"
  }, {
    "type" : "place",
    "startTime" : "20140702T202012-0700",
    "endTime" : "20140702T214314-0700",
    "activities" : [ {
      "activity" : "walking",
      "group" : "walking",
      "manual" : false,
      "startTime" : "20140702T202018-0700",
      "endTime" : "20140702T202048-0700",
      "duration" : 30.0,
      "distance" : 30.0,
      "steps" : 61
    } ],
    "lastUpdate" : "20140703T232952Z"
  }, {
    "type" : "move",
    "startTime" : "20140702T214314-0700",
    "endTime" : "20140702T215429-0700",
    "activities" : [ {
      "activity" : "transport",
      "group" : "transport",
      "manual" : false,
      "startTime" : "20140702T214314-0700",
      "endTime" : "20140702T215429-0700",
      "duration" : 675.0,
      "distance" : 8438.0
    } ],
    "lastUpdate" : "20140703T232952Z"
  }, {
    "type" : "place",
    "startTime" : "20140702T215429-0700",
    "endTime" : "20140702T230803-0700",
    "activities" : [ {
      "activity" : "walking",
      "group" : "walking",
      "manual" : false,
      "startTime" : "20140702T215439-0700",
      "endTime" : "20140702T215509-0700",
      "duration" : 30.0,
      "distance" : 20.0,
      "steps" : 41
    } ],
    "lastUpdate" : "20140703T232952Z"
  }, {
    "type" : "move",
    "startTime" : "20140702T230803-0700",
    "endTime" : "20140702T232917-0700",
    "activities" : [ {
      "activity" : "transport",
      "group" : "transport",
      "manual" : false,
      "startTime" : "20140702T230803-0700",
      "endTime" : "20140702T232426-0700",
      "duration" : 983.0,
      "distance" : 20649.0
    }, {
      "activity" : "walking",
      "group" : "walking",
      "manual" : false,
      "startTime" : "20140702T232426-0700",
      "endTime" : "20140702T232918-0700",
      "duration" : 292.0,
      "distance" : 161.0,
      "steps" : 275
    } ],
    "lastUpdate" : "20140703T232952Z"
  } ],
  "lastUpdate" : "20140703T232952Z"
} ]