[ {
  "date" : "20140623",
  "summary" : [ {
    "activity" : "cycling",
    "group" : "cycling",
    "duration" : 420.0,
    "distance" : 2050.0
  }, {
    "activity" : "walking",
    "group" : "walking",
    "duration" : 1899.0,
    "distance" : 2016.0,
    "steps" : 2573
  }, {
    "activity" : "transport",
    "group" : "transport",
    "duration" : 201.0,
    "distance" : 1461.0
  } ],
  "segments" : [ {
    "type" : "move",
    "startTime" : "20140623T195407-0700",
    "endTime" : "20140623T200107-0700",
    "activities" : [ {
      "activity" : "cycling",
      "group" : "cycling",
      "manual" : false,
      "startTime" : "20140623T195407-0700",
      "endTime" : "20140623T200107-0700",
      "duration" : 420.0,
      "distance" : 2050.0
    } ],
    "lastUpdate" : "20140624T070129Z"
  }, {
    "type" : "place",
    "startTime" : "20140623T200107-0700",
    "endTime" : "20140623T220054-0700",
    "activities" : [ {
      "activity" : "walking",
      "group" : "walking",
      "manual" : false,
      "startTime" : "20140623T200107-0700",
      "endTime" : "20140623T200420-0700",
      "duration" : 193.0,
      "distance" : 155.0,
      "steps" : 206
    }, {
      "activity" : "walking",
      "group" : "walking",
      "manual" : false,
      "startTime" : "20140623T213934-0700",
      "endTime" : "20140623T214034-0700",
      "duration" : 60.0,
      "distance" : 46.0,
      "steps" : 92
    } ],
    "lastUpdate" : "20140624T070135Z"
  }, {
    "type" : "move",
    "startTime" : "20140623T220054-0700",
    "endTime" : "20140623T221121-0700",
    "activities" : [ {
      "activity" : "walking",
      "group" : "walking",
      "manual" : false,
      "startTime" : "20140623T220054-0700",
      "endTime" : "20140623T221121-0700",
      "duration" : 627.0,
      "distance" : 589.0,
      "steps" : 690
    } ],
    "lastUpdate" : "20140624T070135Z"
  }, {
    "type" : "place",
    "startTime" : "20140623T221121-0700",
    "endTime" : "20140623T225511-0700",
    "activities" : [ {
      "activity" : "walking",
      "group" : "walking",
      "manual" : false,
      "startTime" : "20140623T221648-0700",
      "endTime" : "20140623T221748-0700",
      "duration" : 60.0,
      "distance" : 30.0,
      "steps" : 61
    } ],
    "lastUpdate" : "20140624T070138Z"
  }, {
    "type" : "move",
    "startTime" : "20140623T225511-0700",
    "endTime" : "20140623T230501-0700",
    "activities" : [ {
      "activity" : "walking",
      "group" : "walking",
      "manual" : false,
      "startTime" : "20140623T225511-0700",
      "endTime" : "20140623T230501-0700",
      "duration" : 590.0,
      "distance" : 744.0,
      "steps" : 981
    } ],
    "lastUpdate" : "20140624T070138Z"
  }, {
    "type" : "move",
    "startTime" : "20140623T230720-0700",
    "endTime" : "20140623T231329-0700",
    "activities" : [ {
      "activity" : "walking",
      "group" : "walking",
      "manual" : false,
      "startTime" : "20140623T230720-0700",
      "endTime" : "20140623T231329-0700",
      "duration" : 369.0,
      "distance" : 452.0,
      "steps" : 543
    } ],
    "lastUpdate" : "20140624T070138Z"
  }, {
    "type" : "move",
    "startTime" : "20140623T235639-0700",
    "endTime" : "20140624T000421-0700",
    "activities" : [ {
      "activity" : "transport",
      "group" : "transport",
      "manual" : false,
      "startTime" : "20140623T235639-0700",
      "endTime" : "20140624T000000-0700",
      "duration" : 201.0,
      "distance" : 1461.0
    } ],
    "lastUpdate" : "20140624T154406Z"
  } ],
  "lastUpdate" : "20140703T003709Z"
} ]