[ {
  "date" : "20140628",
  "summary" : [ {
    "activity" : "walking",
    "group" : "walking",
    "duration" : 313.0,
    "distance" : 289.0,
    "steps" : 498
  }, {
    "activity" : "transport",
    "group" : "transport",
    "duration" : 7108.0,
    "distance" : 156962.0
  } ],
  "segments" : [ {
    "type" : "move",
    "startTime" : "20140628T001901-0700",
    "endTime" : "20140628T012631-0700",
    "activities" : [ {
      "activity" : "walking",
      "group" : "walking",
      "manual" : false,
      "startTime" : "20140628T001901-0700",
      "endTime" : "20140628T002314-0700",
      "duration" : 253.0,
      "distance" : 244.0,
      "steps" : 407
    }, {
      "activity" : "transport",
      "group" : "transport",
      "manual" : false,
      "startTime" : "20140628T002314-0700",
      "endTime" : "20140628T012632-0700",
      "duration" : 3798.0,
      "distance" : 71135.0
    } ],
    "lastUpdate" : "20140628T223547Z"
  }, {
    "type" : "move",
    "startTime" : "20140628T153517-0700",
    "endTime" : "20140628T163026-0700",
    "activities" : [ {
      "activity" : "transport",
      "group" : "transport",
      "manual" : false,
      "startTime" : "20140628T153517-0700",
      "endTime" : "20140628T163027-0700",
      "duration" : 3310.0,
      "distance" : 85827.0
    } ],
    "lastUpdate" : "20140629T080924Z"
  }, {
    "type" : "place",
    "startTime" : "20140628T163026-0700",
    "endTime" : "20140629T160533-0700",
    "activities" : [ {
      "activity" : "walking",
      "group" : "walking",
      "manual" : false,
      "startTime" : "20140628T163106-0700",
      "endTime" : "20140628T163136-0700",
      "duration" : 30.0,
      "distance" : 30.0,
      "steps" : 61
    }, {
      "activity" : "walking",
      "group" : "walking",
      "manual" : false,
      "startTime" : "20140628T211955-0700",
      "endTime" : "20140628T212025-0700",
      "duration" : 30.0,
      "distance" : 15.0,
      "steps" : 30
    } ],
    "lastUpdate" : "20140703T200713Z"
  } ],
  "lastUpdate" : "20140703T200713Z"
} ]