[ {
  "date" : "20140704",
  "summary" : [ {
    "activity" : "transport",
    "group" : "transport",
    "duration" : 27570.0,
    "distance" : 699310.0
  }, {
    "activity" : "walking",
    "group" : "walking",
    "duration" : 2836.0,
    "distance" : 2826.0,
    "steps" : 4367
  } ],
  "segments" : [ {
    "type" : "move",
    "startTime" : "20140704T090414-0700",
    "endTime" : "20140704T091500-0700",
    "activities" : [ {
      "activity" : "transport",
      "group" : "transport",
      "manual" : false,
      "startTime" : "20140704T090414-0700",
      "endTime" : "20140704T091500-0700",
      "duration" : 646.0,
      "distance" : 3651.0
    } ],
    "lastUpdate" : "20140704T195038Z"
  }, {
    "type" : "place",
    "startTime" : "20140704T091500-0700",
    "endTime" : "20140704T100213-0700",
    "activities" : [ {
      "activity" : "walking",
      "group" : "walking",
      "manual" : false,
      "startTime" : "20140704T092206-0700",
      "endTime" : "20140704T092236-0700",
      "duration" : 30.0,
      "distance" : 20.0,
      "steps" : 41
    } ],
    "lastUpdate" : "20140704T230638Z"
  }, {
    "type" : "move",
    "startTime" : "20140704T100213-0700",
    "endTime" : "20140704T115648-0700",
    "activities" : [ {
      "activity" : "transport",
      "group" : "transport",
      "manual" : false,
      "startTime" : "20140704T100213-0700",
      "endTime" : "20140704T115649-0700",
      "duration" : 6876.0,
      "distance" : 208052.0
    } ],
    "lastUpdate" : "20140704T230638Z"
  }, {
    "type" : "place",
    "startTime" : "20140704T115648-0700",
    "endTime" : "20140704T120702-0700",
    "activities" : [ {
      "activity" : "walking",
      "group" : "walking",
      "manual" : false,
      "startTime" : "20140704T120641-0700",
      "endTime" : "20140704T120702-0700",
      "duration" : 21.0,
      "distance" : 25.0,
      "steps" : 50
    } ],
    "lastUpdate" : "20140704T230638Z"
  }, {
    "type" : "move",
    "startTime" : "20140704T120702-0700",
    "endTime" : "20140704T132110-0700",
    "activities" : [ {
      "activity" : "transport",
      "group" : "transport",
      "manual" : false,
      "startTime" : "20140704T120702-0700",
      "endTime" : "20140704T132111-0700",
      "duration" : 4449.0,
      "distance" : 159587.0
    } ],
    "lastUpdate" : "20140704T230638Z"
  }, {
    "type" : "move",
    "startTime" : "20140704T132958-0700",
    "endTime" : "20140704T134927-0700",
    "activities" : [ {
      "activity" : "transport",
      "group" : "transport",
      "manual" : false,
      "startTime" : "20140704T132958-0700",
      "endTime" : "20140704T134928-0700",
      "duration" : 1170.0,
      "distance" : 34448.0
    } ],
    "lastUpdate" : "20140704T230638Z"
  }, {
    "type" : "place",
    "startTime" : "20140704T134927-0700",
    "endTime" : "20140704T143307-0700",
    "activities" : [ {
      "activity" : "walking",
      "group" : "walking",
      "manual" : false,
      "startTime" : "20140704T134954-0700",
      "endTime" : "20140704T135024-0700",
      "duration" : 30.0,
      "distance" : 25.0,
      "steps" : 51
    } ],
    "lastUpdate" : "20140705T010522Z"
  }, {
    "type" : "move",
    "startTime" : "20140704T143307-0700",
    "endTime" : "20140704T161436-0700",
    "activities" : [ {
      "activity" : "transport",
      "group" : "transport",
      "manual" : false,
      "startTime" : "20140704T143307-0700",
      "endTime" : "20140704T161236-0700",
      "duration" : 5969.0,
      "distance" : 204968.0
    }, {
      "activity" : "walking",
      "group" : "walking",
      "manual" : false,
      "startTime" : "20140704T161235-0700",
      "endTime" : "20140704T161435-0700",
      "duration" : 120.0,
      "distance" : 105.0,
      "steps" : 211
    } ],
    "lastUpdate" : "20140705T010522Z"
  }, {
    "type" : "move",
    "startTime" : "20140704T164203-0700",
    "endTime" : "20140704T170249-0700",
    "activities" : [ {
      "activity" : "transport",
      "group" : "transport",
      "manual" : false,
      "startTime" : "20140704T164203-0700",
      "endTime" : "20140704T170250-0700",
      "duration" : 1247.0,
      "distance" : 5554.0
    } ],
    "lastUpdate" : "20140705T010527Z"
  }, {
    "type" : "place",
    "startTime" : "20140704T170249-0700",
    "endTime" : "20140704T172738-0700",
    "activities" : [ {
      "activity" : "walking",
      "group" : "walking",
      "manual" : false,
      "startTime" : "20140704T170802-0700",
      "endTime" : "20140704T171202-0700",
      "duration" : 240.0,
      "distance" : 288.0,
      "steps" : 384
    } ],
    "lastUpdate" : "20140705T042120Z"
  }, {
    "type" : "move",
    "startTime" : "20140704T172738-0700",
    "endTime" : "20140704T180111-0700",
    "activities" : [ {
      "activity" : "transport",
      "group" : "transport",
      "manual" : false,
      "startTime" : "20140704T172738-0700",
      "endTime" : "20140704T180111-0700",
      "duration" : 2013.0,
      "distance" : 13671.0
    } ],
    "lastUpdate" : "20140705T042120Z"
  }, {
    "type" : "place",
    "startTime" : "20140704T180111-0700",
    "endTime" : "20140704T181511-0700",
    "activities" : [ {
      "activity" : "walking",
      "group" : "walking",
      "manual" : false,
      "startTime" : "20140704T181219-0700",
      "endTime" : "20140704T181349-0700",
      "duration" : 90.0,
      "distance" : 91.0,
      "steps" : 182
    } ],
    "lastUpdate" : "20140705T042120Z"
  }, {
    "type" : "move",
    "startTime" : "20140704T181511-0700",
    "endTime" : "20140704T182021-0700",
    "activities" : [ {
      "activity" : "transport",
      "group" : "transport",
      "manual" : false,
      "startTime" : "20140704T181511-0700",
      "endTime" : "20140704T181718-0700",
      "duration" : 127.0,
      "distance" : 348.0
    }, {
      "activity" : "walking",
      "group" : "walking",
      "manual" : false,
      "startTime" : "20140704T181718-0700",
      "endTime" : "20140704T182021-0700",
      "duration" : 183.0,
      "distance" : 152.0,
      "steps" : 216
    } ],
    "lastUpdate" : "20140705T042120Z"
  }, {
    "type" : "place",
    "startTime" : "20140704T182021-0700",
    "endTime" : "20140704T184504-0700",
    "activities" : [ {
      "activity" : "walking",
      "group" : "walking",
      "manual" : false,
      "startTime" : "20140704T182518-0700",
      "endTime" : "20140704T182548-0700",
      "duration" : 30.0,
      "distance" : 15.0,
      "steps" : 31
    } ],
    "lastUpdate" : "20140705T042123Z"
  }, {
    "type" : "move",
    "startTime" : "20140704T184504-0700",
    "endTime" : "20140704T185837-0700",
    "activities" : [ {
      "activity" : "walking",
      "group" : "walking",
      "manual" : false,
      "startTime" : "20140704T184504-0700",
      "endTime" : "20140704T185837-0700",
      "duration" : 813.0,
      "distance" : 802.0,
      "steps" : 1254
    } ],
    "lastUpdate" : "20140705T042123Z"
  }, {
    "type" : "place",
    "startTime" : "20140704T185837-0700",
    "endTime" : "20140704T190255-0700",
    "activities" : [ {
      "activity" : "walking",
      "group" : "walking",
      "manual" : false,
      "startTime" : "20140704T190007-0700",
      "endTime" : "20140704T190137-0700",
      "duration" : 90.0,
      "distance" : 97.0,
      "steps" : 193
    } ],
    "lastUpdate" : "20140705T042123Z"
  }, {
    "type" : "move",
    "startTime" : "20140704T190255-0700",
    "endTime" : "20140704T191956-0700",
    "activities" : [ {
      "activity" : "walking",
      "group" : "walking",
      "manual" : false,
      "startTime" : "20140704T190255-0700",
      "endTime" : "20140704T191338-0700",
      "duration" : 643.0,
      "distance" : 629.0,
      "steps" : 1056
    }, {
      "activity" : "transport",
      "group" : "transport",
      "manual" : false,
      "startTime" : "20140704T191337-0700",
      "endTime" : "20140704T191955-0700",
      "duration" : 378.0,
      "distance" : 2008.0
    } ],
    "lastUpdate" : "20140705T042123Z"
  }, {
    "type" : "move",
    "startTime" : "20140704T193102-0700",
    "endTime" : "20140704T194555-0700",
    "activities" : [ {
      "activity" : "transport",
      "group" : "transport",
      "manual" : false,
      "startTime" : "20140704T193102-0700",
      "endTime" : "20140704T194555-0700",
      "duration" : 893.0,
      "distance" : 8953.0
    } ],
    "lastUpdate" : "20140705T042123Z"
  }, {
    "type" : "place",
    "startTime" : "20140704T194555-0700",
    "endTime" : "20140704T212021-0700",
    "activities" : [ {
      "activity" : "walking",
      "group" : "walking",
      "manual" : false,
      "startTime" : "20140704T194915-0700",
      "endTime" : "20140704T195145-0700",
      "duration" : 150.0,
      "distance" : 160.0,
      "steps" : 214
    } ],
    "lastUpdate" : "20140705T162434Z"
  }, {
    "type" : "move",
    "startTime" : "20140704T212021-0700",
    "endTime" : "20140704T222719-0700",
    "activities" : [ {
      "activity" : "walking",
      "group" : "walking",
      "manual" : false,
      "startTime" : "20140704T212021-0700",
      "endTime" : "20140704T212357-0700",
      "duration" : 216.0,
      "distance" : 272.0,
      "steps" : 291
    }, {
      "activity" : "transport",
      "group" : "transport",
      "manual" : false,
      "startTime" : "20140704T212357-0700",
      "endTime" : "20140704T222719-0700",
      "duration" : 3802.0,
      "distance" : 58070.0
    } ],
    "lastUpdate" : "20140705T162434Z"
  }, {
    "type" : "place",
    "startTime" : "20140704T222719-0700",
    "endTime" : "20140705T092411-0700",
    "activities" : [ {
      "activity" : "walking",
      "group" : "walking",
      "manual" : false,
      "startTime" : "20140704T222931-0700",
      "endTime" : "20140704T223231-0700",
      "duration" : 180.0,
      "distance" : 145.0,
      "steps" : 193
    } ],
    "lastUpdate" : "20140705T204610Z"
  } ],
  "lastUpdate" : "20140705T204610Z"
} ]