[ {
  "date" : "20140627",
  "summary" : [ {
    "activity" : "transport",
    "group" : "transport",
    "duration" : 4023.0,
    "distance" : 32776.0
  }, {
    "activity" : "walking",
    "group" : "walking",
    "duration" : 699.0,
    "distance" : 727.0,
    "steps" : 1033
  } ],
  "segments" : [ {
    "type" : "move",
    "startTime" : "20140627T102642-0700",
    "endTime" : "20140627T104202-0700",
    "activities" : [ {
      "activity" : "transport",
      "group" : "transport",
      "manual" : false,
      "startTime" : "20140627T102642-0700",
      "endTime" : "20140627T104202-0700",
      "duration" : 920.0,
      "distance" : 10609.0
    } ],
    "lastUpdate" : "20140627T205317Z"
  }, {
    "type" : "place",
    "startTime" : "20140627T104203-0700",
    "endTime" : "20140627T124225-0700",
    "activities" : [ {
      "activity" : "walking",
      "group" : "walking",
      "manual" : false,
      "startTime" : "20140627T104351-0700",
      "endTime" : "20140627T104721-0700",
      "duration" : 210.0,
      "distance" : 228.0,
      "steps" : 305
    } ],
    "lastUpdate" : "20140627T205319Z"
  }, {
    "type" : "move",
    "startTime" : "20140627T124225-0700",
    "endTime" : "20140627T124821-0700",
    "activities" : [ {
      "activity" : "transport",
      "group" : "transport",
      "manual" : false,
      "startTime" : "20140627T124225-0700",
      "endTime" : "20140627T124820-0700",
      "duration" : 355.0,
      "distance" : 2357.0
    } ],
    "lastUpdate" : "20140627T205319Z"
  }, {
    "type" : "place",
    "startTime" : "20140627T124821-0700",
    "endTime" : "20140627T135235-0700",
    "activities" : [ {
      "activity" : "walking",
      "group" : "walking",
      "manual" : false,
      "startTime" : "20140627T124917-0700",
      "endTime" : "20140627T125047-0700",
      "duration" : 90.0,
      "distance" : 91.0,
      "steps" : 183
    } ],
    "lastUpdate" : "20140628T040715Z"
  }, {
    "type" : "move",
    "startTime" : "20140627T135235-0700",
    "endTime" : "20140627T140521-0700",
    "activities" : [ {
      "activity" : "transport",
      "group" : "transport",
      "manual" : false,
      "startTime" : "20140627T135235-0700",
      "endTime" : "20140627T140522-0700",
      "duration" : 767.0,
      "distance" : 7842.0
    } ],
    "lastUpdate" : "20140628T040715Z"
  }, {
    "type" : "move",
    "startTime" : "20140627T154230-0700",
    "endTime" : "20140627T155910-0700",
    "activities" : [ {
      "activity" : "transport",
      "group" : "transport",
      "manual" : false,
      "startTime" : "20140627T154230-0700",
      "endTime" : "20140627T155910-0700",
      "duration" : 1000.0,
      "distance" : 1758.0
    } ],
    "lastUpdate" : "20140628T040717Z"
  }, {
    "type" : "move",
    "startTime" : "20140627T174838-0700",
    "endTime" : "20140627T180459-0700",
    "activities" : [ {
      "activity" : "transport",
      "group" : "transport",
      "manual" : false,
      "startTime" : "20140627T174838-0700",
      "endTime" : "20140627T180459-0700",
      "duration" : 981.0,
      "distance" : 10210.0
    } ],
    "lastUpdate" : "20140628T040720Z"
  }, {
    "type" : "place",
    "startTime" : "20140627T180459-0700",
    "endTime" : "20140627T210240-0700",
    "activities" : [ {
      "activity" : "walking",
      "group" : "walking",
      "manual" : false,
      "startTime" : "20140627T180919-0700",
      "endTime" : "20140627T181019-0700",
      "duration" : 60.0,
      "distance" : 41.0,
      "steps" : 81
    } ],
    "lastUpdate" : "20140628T223547Z"
  }, {
    "type" : "move",
    "startTime" : "20140627T210240-0700",
    "endTime" : "20140627T210719-0700",
    "activities" : [ {
      "activity" : "walking",
      "group" : "walking",
      "manual" : false,
      "startTime" : "20140627T210240-0700",
      "endTime" : "20140627T210719-0700",
      "duration" : 279.0,
      "distance" : 321.0,
      "steps" : 373
    } ],
    "lastUpdate" : "20140628T223547Z"
  }, {
    "type" : "place",
    "startTime" : "20140627T210719-0700",
    "endTime" : "20140627T211713-0700",
    "activities" : [ {
      "activity" : "walking",
      "group" : "walking",
      "manual" : false,
      "startTime" : "20140627T211027-0700",
      "endTime" : "20140627T211127-0700",
      "duration" : 60.0,
      "distance" : 46.0,
      "steps" : 91
    } ],
    "lastUpdate" : "20140628T223547Z"
  } ],
  "lastUpdate" : "20140628T223547Z"
} ]