[ {
  "date" : "20140630",
  "summary" : [ {
    "activity" : "walking",
    "group" : "walking",
    "duration" : 1929.0,
    "distance" : 2203.0,
    "steps" : 2335
  }, {
    "activity" : "transport",
    "group" : "transport",
    "duration" : 932.0,
    "distance" : 4435.0
  }, {
    "activity" : "cycling",
    "group" : "cycling",
    "duration" : 48.0,
    "distance" : 0.0
  } ],
  "segments" : [ {
    "type" : "move",
    "startTime" : "20140630T164648-0700",
    "endTime" : "20140630T165929-0700",
    "activities" : [ {
      "activity" : "transport",
      "group" : "transport",
      "manual" : false,
      "startTime" : "20140630T164648-0700",
      "endTime" : "20140630T165809-0700",
      "duration" : 681.0,
      "distance" : 2394.0
    }, {
      "activity" : "walking",
      "group" : "walking",
      "manual" : false,
      "startTime" : "20140630T165809-0700",
      "endTime" : "20140630T165929-0700",
      "duration" : 80.0,
      "distance" : 96.0,
      "steps" : 54
    } ],
    "lastUpdate" : "20140701T030057Z"
  }, {
    "type" : "place",
    "startTime" : "20140630T165929-0700",
    "endTime" : "20140630T193829-0700",
    "activities" : [ {
      "activity" : "walking",
      "group" : "walking",
      "manual" : false,
      "startTime" : "20140630T165929-0700",
      "endTime" : "20140630T170653-0700",
      "duration" : 444.0,
      "distance" : 448.0,
      "steps" : 611
    } ],
    "lastUpdate" : "20140701T205229Z"
  }, {
    "type" : "move",
    "startTime" : "20140630T193829-0700",
    "endTime" : "20140630T195549-0700",
    "activities" : [ {
      "activity" : "walking",
      "group" : "walking",
      "manual" : false,
      "startTime" : "20140630T193829-0700",
      "endTime" : "20140630T195550-0700",
      "duration" : 1041.0,
      "distance" : 1256.0,
      "steps" : 1104
    } ],
    "lastUpdate" : "20140701T205229Z"
  }, {
    "type" : "place",
    "startTime" : "20140630T195549-0700",
    "endTime" : "20140630T220105-0700",
    "activities" : [ {
      "activity" : "walking",
      "group" : "walking",
      "manual" : false,
      "startTime" : "20140630T195906-0700",
      "endTime" : "20140630T200307-0700",
      "duration" : 241.0,
      "distance" : 276.0,
      "steps" : 397
    }, {
      "activity" : "cycling",
      "group" : "cycling",
      "manual" : false,
      "startTime" : "20140630T200449-0700",
      "endTime" : "20140630T200537-0700",
      "duration" : 48.0,
      "distance" : 0.0
    } ],
    "lastUpdate" : "20140701T205232Z"
  }, {
    "type" : "move",
    "startTime" : "20140630T220105-0700",
    "endTime" : "20140630T220517-0700",
    "activities" : [ {
      "activity" : "transport",
      "group" : "transport",
      "manual" : false,
      "startTime" : "20140630T220105-0700",
      "endTime" : "20140630T220516-0700",
      "duration" : 251.0,
      "distance" : 2041.0
    } ],
    "lastUpdate" : "20140701T205232Z"
  }, {
    "type" : "place",
    "startTime" : "20140630T220531-0700",
    "endTime" : "20140701T135126-0700",
    "activities" : [ {
      "activity" : "walking",
      "group" : "walking",
      "manual" : false,
      "startTime" : "20140630T220554-0700",
      "endTime" : "20140630T220757-0700",
      "duration" : 123.0,
      "distance" : 127.0,
      "steps" : 169
    } ],
    "lastUpdate" : "20140701T222316Z"
  } ],
  "lastUpdate" : "20140701T222316Z"
} ]