[ {
  "date" : "20140606",
  "summary" : [ {
    "activity" : "walking",
    "group" : "walking",
    "duration" : 4726.0,
    "distance" : 6263.0,
    "steps" : 8823
  }, {
    "activity" : "transport",
    "group" : "transport",
    "duration" : 1714.0,
    "distance" : 8496.0
  } ],
  "segments" : [ {
    "type" : "move",
    "startTime" : "20140606T003642-0700",
    "endTime" : "20140606T010024-0700",
    "activities" : [ {
      "activity" : "walking",
      "group" : "walking",
      "manual" : false,
      "startTime" : "20140606T003642-0700",
      "endTime" : "20140606T010024-0700",
      "duration" : 1422.0,
      "distance" : 1732.0,
      "steps" : 2785
    } ],
    "lastUpdate" : "20140606T155212Z"
  }, {
    "type" : "move",
    "startTime" : "20140606T085045-0700",
    "endTime" : "20140606T091845-0700",
    "activities" : [ {
      "activity" : "transport",
      "group" : "transport",
      "manual" : false,
      "startTime" : "20140606T085045-0700",
      "endTime" : "20140606T090119-0700",
      "duration" : 634.0,
      "distance" : 2098.0
    }, {
      "activity" : "walking",
      "group" : "walking",
      "manual" : false,
      "startTime" : "20140606T090118-0700",
      "endTime" : "20140606T091844-0700",
      "duration" : 1046.0,
      "distance" : 1276.0,
      "steps" : 1630
    } ],
    "lastUpdate" : "20140606T190028Z"
  }, {
    "type" : "move",
    "startTime" : "20140606T115832-0700",
    "endTime" : "20140606T123300-0700",
    "activities" : [ {
      "activity" : "walking",
      "group" : "walking",
      "manual" : false,
      "startTime" : "20140606T115832-0700",
      "endTime" : "20140606T123301-0700",
      "duration" : 2069.0,
      "distance" : 3097.0,
      "steps" : 4141
    } ],
    "lastUpdate" : "20140607T022937Z"
  }, {
    "type" : "move",
    "startTime" : "20140606T192739-0700",
    "endTime" : "20140606T194059-0700",
    "activities" : [ {
      "activity" : "transport",
      "group" : "transport",
      "manual" : false,
      "startTime" : "20140606T192739-0700",
      "endTime" : "20140606T193751-0700",
      "duration" : 612.0,
      "distance" : 3548.0
    }, {
      "activity" : "walking",
      "group" : "walking",
      "manual" : false,
      "startTime" : "20140606T193750-0700",
      "endTime" : "20140606T194059-0700",
      "duration" : 189.0,
      "distance" : 158.0,
      "steps" : 267
    } ],
    "lastUpdate" : "20140607T185333Z"
  }, {
    "type" : "move",
    "startTime" : "20140606T211950-0700",
    "endTime" : "20140606T212739-0700",
    "activities" : [ {
      "activity" : "transport",
      "group" : "transport",
      "manual" : false,
      "startTime" : "20140606T211950-0700",
      "endTime" : "20140606T212738-0700",
      "duration" : 468.0,
      "distance" : 2850.0
    } ],
    "lastUpdate" : "20140607T185335Z"
  } ],
  "lastUpdate" : "20140608T022151Z"
} ]