[ {
  "date" : "20140609",
  "summary" : [ {
    "activity" : "cycling",
    "group" : "cycling",
    "duration" : 1954.0,
    "distance" : 7636.0
  }, {
    "activity" : "walking",
    "group" : "walking",
    "duration" : 2179.0,
    "distance" : 2306.0,
    "steps" : 2987
  }, {
    "activity" : "transport",
    "group" : "transport",
    "duration" : 8037.0,
    "distance" : 135333.0
  } ],
  "segments" : [ {
    "type" : "move",
    "startTime" : "20140609T083255-0700",
    "endTime" : "20140609T085405-0700",
    "activities" : [ {
      "activity" : "cycling",
      "group" : "cycling",
      "manual" : false,
      "startTime" : "20140609T083255-0700",
      "endTime" : "20140609T084351-0700",
      "duration" : 656.0,
      "distance" : 2574.0
    }, {
      "activity" : "walking",
      "group" : "walking",
      "manual" : false,
      "startTime" : "20140609T084351-0700",
      "endTime" : "20140609T084709-0700",
      "duration" : 198.0,
      "distance" : 235.0,
      "steps" : 316
    }, {
      "activity" : "transport",
      "group" : "transport",
      "manual" : false,
      "startTime" : "20140609T084709-0700",
      "endTime" : "20140609T085405-0700",
      "duration" : 416.0,
      "distance" : 375.0
    } ],
    "lastUpdate" : "20140609T194254Z"
  }, {
    "type" : "place",
    "startTime" : "20140609T085405-0700",
    "endTime" : "20140609T123714-0700",
    "activities" : [ {
      "activity" : "walking",
      "group" : "walking",
      "manual" : false,
      "startTime" : "20140609T085447-0700",
      "endTime" : "20140609T085829-0700",
      "duration" : 222.0,
      "distance" : 220.0,
      "steps" : 294
    }, {
      "activity" : "walking",
      "group" : "walking",
      "manual" : false,
      "startTime" : "20140609T090000-0700",
      "endTime" : "20140609T090018-0700",
      "duration" : 18.0,
      "distance" : 11.0,
      "steps" : 21
    } ],
    "lastUpdate" : "20140610T003714Z"
  }, {
    "type" : "move",
    "startTime" : "20140609T123714-0700",
    "endTime" : "20140609T124239-0700",
    "activities" : [ {
      "activity" : "walking",
      "group" : "walking",
      "manual" : false,
      "startTime" : "20140609T123714-0700",
      "endTime" : "20140609T124239-0700",
      "duration" : 325.0,
      "distance" : 373.0,
      "steps" : 433
    } ],
    "lastUpdate" : "20140610T003714Z"
  }, {
    "type" : "place",
    "startTime" : "20140609T124239-0700",
    "endTime" : "20140609T143454-0700",
    "activities" : [ {
      "activity" : "walking",
      "group" : "walking",
      "manual" : false,
      "startTime" : "20140609T124325-0700",
      "endTime" : "20140609T124425-0700",
      "duration" : 60.0,
      "distance" : 46.0,
      "steps" : 91
    } ],
    "lastUpdate" : "20140610T003716Z"
  }, {
    "type" : "move",
    "startTime" : "20140609T143454-0700",
    "endTime" : "20140609T144702-0700",
    "activities" : [ {
      "activity" : "cycling",
      "group" : "cycling",
      "manual" : false,
      "startTime" : "20140609T143454-0700",
      "endTime" : "20140609T144701-0700",
      "duration" : 727.0,
      "distance" : 2912.0
    } ],
    "lastUpdate" : "20140610T003716Z"
  }, {
    "type" : "move",
    "startTime" : "20140609T154215-0700",
    "endTime" : "20140609T163816-0700",
    "activities" : [ {
      "activity" : "transport",
      "group" : "transport",
      "manual" : false,
      "startTime" : "20140609T154215-0700",
      "endTime" : "20140609T163817-0700",
      "duration" : 3362.0,
      "distance" : 65067.0
    } ],
    "lastUpdate" : "20140610T003720Z"
  }, {
    "type" : "place",
    "startTime" : "20140609T163816-0700",
    "endTime" : "20140609T173422-0700",
    "activities" : [ {
      "activity" : "walking",
      "group" : "walking",
      "manual" : false,
      "startTime" : "20140609T164416-0700",
      "endTime" : "20140609T164446-0700",
      "duration" : 30.0,
      "distance" : 21.0,
      "steps" : 41
    } ],
    "lastUpdate" : "20140610T213638Z"
  }, {
    "type" : "move",
    "startTime" : "20140609T173422-0700",
    "endTime" : "20140609T173732-0700",
    "activities" : [ {
      "activity" : "walking",
      "group" : "walking",
      "manual" : false,
      "startTime" : "20140609T173422-0700",
      "endTime" : "20140609T173732-0700",
      "duration" : 190.0,
      "distance" : 218.0,
      "steps" : 253
    } ],
    "lastUpdate" : "20140610T190557Z"
  }, {
    "type" : "move",
    "startTime" : "20140609T174226-0700",
    "endTime" : "20140609T184850-0700",
    "activities" : [ {
      "activity" : "transport",
      "group" : "transport",
      "manual" : false,
      "startTime" : "20140609T174226-0700",
      "endTime" : "20140609T184851-0700",
      "duration" : 3985.0,
      "distance" : 68329.0
    } ],
    "lastUpdate" : "20140610T190557Z"
  }, {
    "type" : "place",
    "startTime" : "20140609T184850-0700",
    "endTime" : "20140609T195220-0700",
    "activities" : [ {
      "activity" : "walking",
      "group" : "walking",
      "manual" : false,
      "startTime" : "20140609T185100-0700",
      "endTime" : "20140609T185200-0700",
      "duration" : 60.0,
      "distance" : 46.0,
      "steps" : 92
    } ],
    "lastUpdate" : "20140610T190557Z"
  }, {
    "type" : "move",
    "startTime" : "20140609T195220-0700",
    "endTime" : "20140609T200151-0700",
    "activities" : [ {
      "activity" : "cycling",
      "group" : "cycling",
      "manual" : false,
      "startTime" : "20140609T195220-0700",
      "endTime" : "20140609T200151-0700",
      "duration" : 571.0,
      "distance" : 2150.0
    } ],
    "lastUpdate" : "20140610T190557Z"
  }, {
    "type" : "place",
    "startTime" : "20140609T200151-0700",
    "endTime" : "20140609T215938-0700",
    "activities" : [ {
      "activity" : "walking",
      "group" : "walking",
      "manual" : false,
      "startTime" : "20140609T200220-0700",
      "endTime" : "20140609T200520-0700",
      "duration" : 180.0,
      "distance" : 213.0,
      "steps" : 285
    } ],
    "lastUpdate" : "20140610T190557Z"
  }, {
    "type" : "move",
    "startTime" : "20140609T215938-0700",
    "endTime" : "20140609T221404-0700",
    "activities" : [ {
      "activity" : "walking",
      "group" : "walking",
      "manual" : false,
      "startTime" : "20140609T215938-0700",
      "endTime" : "20140609T221404-0700",
      "duration" : 866.0,
      "distance" : 903.0,
      "steps" : 1120
    } ],
    "lastUpdate" : "20140610T190557Z"
  }, {
    "type" : "move",
    "startTime" : "20140609T230127-0700",
    "endTime" : "20140609T230602-0700",
    "activities" : [ {
      "activity" : "transport",
      "group" : "transport",
      "manual" : false,
      "startTime" : "20140609T230127-0700",
      "endTime" : "20140609T230601-0700",
      "duration" : 274.0,
      "distance" : 1562.0
    } ],
    "lastUpdate" : "20140610T190558Z"
  }, {
    "type" : "place",
    "startTime" : "20140609T230602-0700",
    "endTime" : "20140610T123650-0700",
    "activities" : [ {
      "activity" : "walking",
      "group" : "walking",
      "manual" : false,
      "startTime" : "20140609T232037-0700",
      "endTime" : "20140609T232107-0700",
      "duration" : 30.0,
      "distance" : 20.0,
      "steps" : 41
    } ],
    "lastUpdate" : "20140610T213437Z"
  } ],
  "lastUpdate" : "20140610T213709Z"
} ]