[ {
  "date" : "20140629",
  "summary" : [ {
    "activity" : "transport",
    "group" : "transport",
    "duration" : 4477.0,
    "distance" : 76553.0
  }, {
    "activity" : "walking",
    "group" : "walking",
    "duration" : 1816.0,
    "distance" : 2042.0,
    "steps" : 2249
  } ],
  "segments" : [ {
    "type" : "move",
    "startTime" : "20140629T160533-0700",
    "endTime" : "20140629T162213-0700",
    "activities" : [ {
      "activity" : "transport",
      "group" : "transport",
      "manual" : false,
      "startTime" : "20140629T160533-0700",
      "endTime" : "20140629T162213-0700",
      "duration" : 1000.0,
      "distance" : 1338.0
    } ],
    "lastUpdate" : "20140630T234810Z"
  }, {
    "type" : "move",
    "startTime" : "20140629T163113-0700",
    "endTime" : "20140629T165051-0700",
    "activities" : [ {
      "activity" : "transport",
      "group" : "transport",
      "manual" : false,
      "startTime" : "20140629T163113-0700",
      "endTime" : "20140629T164635-0700",
      "duration" : 922.0,
      "distance" : 5577.0
    }, {
      "activity" : "walking",
      "group" : "walking",
      "manual" : false,
      "startTime" : "20140629T164635-0700",
      "endTime" : "20140629T165051-0700",
      "duration" : 256.0,
      "distance" : 235.0,
      "steps" : 376
    } ],
    "lastUpdate" : "20140630T234810Z"
  }, {
    "type" : "place",
    "startTime" : "20140629T165051-0700",
    "endTime" : "20140629T173133-0700",
    "activities" : [ {
      "activity" : "walking",
      "group" : "walking",
      "manual" : false,
      "startTime" : "20140629T165505-0700",
      "endTime" : "20140629T165705-0700",
      "duration" : 120.0,
      "distance" : 144.0,
      "steps" : 192
    }, {
      "activity" : "walking",
      "group" : "walking",
      "manual" : false,
      "startTime" : "20140629T170006-0700",
      "endTime" : "20140629T170036-0700",
      "duration" : 30.0,
      "distance" : 20.0,
      "steps" : 41
    } ],
    "lastUpdate" : "20140630T234817Z"
  }, {
    "type" : "move",
    "startTime" : "20140629T173133-0700",
    "endTime" : "20140629T181408-0700",
    "activities" : [ {
      "activity" : "transport",
      "group" : "transport",
      "manual" : false,
      "startTime" : "20140629T173133-0700",
      "endTime" : "20140629T181408-0700",
      "duration" : 2555.0,
      "distance" : 69638.0
    } ],
    "lastUpdate" : "20140630T234817Z"
  }, {
    "type" : "place",
    "startTime" : "20140629T181408-0700",
    "endTime" : "20140629T184931-0700",
    "activities" : [ {
      "activity" : "walking",
      "group" : "walking",
      "manual" : false,
      "startTime" : "20140629T181550-0700",
      "endTime" : "20140629T181850-0700",
      "duration" : 180.0,
      "distance" : 251.0,
      "steps" : 335
    } ],
    "lastUpdate" : "20140630T234822Z"
  }, {
    "type" : "move",
    "startTime" : "20140629T184931-0700",
    "endTime" : "20140629T190701-0700",
    "activities" : [ {
      "activity" : "walking",
      "group" : "walking",
      "manual" : false,
      "startTime" : "20140629T184931-0700",
      "endTime" : "20140629T190701-0700",
      "duration" : 1050.0,
      "distance" : 1260.0,
      "steps" : 1049
    } ],
    "lastUpdate" : "20140630T234822Z"
  }, {
    "type" : "place",
    "startTime" : "20140629T190701-0700",
    "endTime" : "20140630T164648-0700",
    "activities" : [ {
      "activity" : "walking",
      "group" : "walking",
      "manual" : false,
      "startTime" : "20140629T190701-0700",
      "endTime" : "20140629T190831-0700",
      "duration" : 90.0,
      "distance" : 77.0,
      "steps" : 155
    }, {
      "activity" : "walking",
      "group" : "walking",
      "manual" : false,
      "startTime" : "20140629T203623-0700",
      "endTime" : "20140629T203653-0700",
      "duration" : 30.0,
      "distance" : 25.0,
      "steps" : 51
    }, {
      "activity" : "walking",
      "group" : "walking",
      "manual" : false,
      "startTime" : "20140629T211222-0700",
      "endTime" : "20140629T211322-0700",
      "duration" : 60.0,
      "distance" : 30.0,
      "steps" : 50
    } ],
    "lastUpdate" : "20140701T030057Z"
  } ],
  "lastUpdate" : "20140703T200713Z"
} ]