[ {
  "date" : "20140621",
  "segments" : [ {
    "type" : "place",
    "startTime" : "20140621T093051-0700",
    "endTime" : "20140621T180027-0700",
    "place" : {
      "id" : 72187887,
      "name" : "Home",
      "type" : "home",
      "location" : {
        "lat" : 37.8651493645,
        "lon" : -122.282029798
      }
    },
    "lastUpdate" : "20140622T113759Z"
  }, {
    "type" : "place",
    "startTime" : "20140621T190458-0700",
    "endTime" : "20140621T233310-0700",
    "place" : {
      "id" : 78697246,
      "type" : "unknown",
      "location" : {
        "lat" : 37.3926010971,
        "lon" : -122.0115597468
      }
    },
    "lastUpdate" : "20140622T113804Z"
  } ],
  "lastUpdate" : "20140622T113804Z"
} ]