[ {
  "date" : "20140701",
  "segments" : [ {
    "type" : "place",
    "startTime" : "20140630T220531-0700",
    "endTime" : "20140701T135126-0700",
    "place" : {
      "id" : 72187887,
      "name" : "Home",
      "type" : "home",
      "location" : {
        "lat" : 37.8651493645,
        "lon" : -122.282029798
      }
    },
    "lastUpdate" : "20140701T222316Z"
  }, {
    "type" : "place",
    "startTime" : "20140701T135814-0700",
    "endTime" : "20140701T151147-0700",
    "place" : {
      "id" : 77843155,
      "name" : "Siemens Berkeley",
      "type" : "work",
      "location" : {
        "lat" : 37.8704362297,
        "lon" : -122.2662692272
      }
    },
    "lastUpdate" : "20140703T003709Z"
  }, {
    "type" : "place",
    "startTime" : "20140701T152657-0700",
    "endTime" : "20140701T192143-0700",
    "place" : {
      "id" : 72412230,
      "name" : "School of Information",
      "type" : "foursquare",
      "foursquareId" : "4f184661e4b0b34551aaa7cb",
      "foursquareCategoryIds" : [ "4bf58dd8d48988d19f941735" ],
      "location" : {
        "lat" : 37.87135752021174,
        "lon" : -122.2584125748343
      }
    },
    "lastUpdate" : "20140702T121316Z"
  }, {
    "type" : "place",
    "startTime" : "20140701T193036-0700",
    "endTime" : "20140702T154254-0700",
    "place" : {
      "id" : 72187887,
      "name" : "Home",
      "type" : "home",
      "location" : {
        "lat" : 37.8651493645,
        "lon" : -122.282029798
      }
    },
    "lastUpdate" : "20140703T003439Z"
  } ],
  "lastUpdate" : "20140703T003709Z"
} ]