[ {
  "date" : "20140704",
  "segments" : [ {
    "type" : "place",
    "startTime" : "20140703T162415-0700",
    "endTime" : "20140704T090414-0700",
    "place" : {
      "id" : 81375678,
      "name" : "Home",
      "type" : "home",
      "location" : {
        "lat" : 37.403213609,
        "lon" : -122.0854344467
      }
    },
    "lastUpdate" : "20140704T195038Z"
  }, {
    "type" : "place",
    "startTime" : "20140704T091500-0700",
    "endTime" : "20140704T100213-0700",
    "place" : {
      "id" : 81375678,
      "name" : "Home",
      "type" : "home",
      "location" : {
        "lat" : 37.403213609,
        "lon" : -122.0854344467
      }
    },
    "lastUpdate" : "20140704T230638Z"
  }, {
    "type" : "place",
    "startTime" : "20140704T115648-0700",
    "endTime" : "20140704T120702-0700",
    "place" : {
      "id" : 82915155,
      "type" : "unknown",
      "location" : {
        "lat" : 36.6373310316,
        "lon" : -120.6265615875
      }
    },
    "lastUpdate" : "20140704T230638Z"
  }, {
    "type" : "place",
    "startTime" : "20140704T132110-0700",
    "endTime" : "20140704T132958-0700",
    "place" : {
      "id" : 82970601,
      "type" : "unknown",
      "location" : {
        "lat" : 35.6158863865,
        "lon" : -119.6587823971
      }
    },
    "lastUpdate" : "20140704T230638Z"
  }, {
    "type" : "place",
    "startTime" : "20140704T134927-0700",
    "endTime" : "20140704T143307-0700",
    "place" : {
      "id" : 82970637,
      "type" : "unknown",
      "location" : {
        "lat" : 35.3992292687,
        "lon" : -119.3960832407
      }
    },
    "lastUpdate" : "20140705T010522Z"
  }, {
    "type" : "place",
    "startTime" : "20140704T161436-0700",
    "endTime" : "20140704T164203-0700",
    "place" : {
      "id" : 82995880,
      "type" : "unknown",
      "location" : {
        "lat" : 34.0534193625,
        "lon" : -118.4409008257
      }
    },
    "lastUpdate" : "20140705T010527Z"
  }, {
    "type" : "place",
    "startTime" : "20140704T170249-0700",
    "endTime" : "20140704T172738-0700",
    "place" : {
      "id" : 83038489,
      "type" : "unknown",
      "location" : {
        "lat" : 34.0613341729,
        "lon" : -118.4444486703
      }
    },
    "lastUpdate" : "20140705T042120Z"
  }, {
    "type" : "place",
    "startTime" : "20140704T180111-0700",
    "endTime" : "20140704T181511-0700",
    "place" : {
      "id" : 83038491,
      "type" : "unknown",
      "location" : {
        "lat" : 34.017923976,
        "lon" : -118.4934548023
      }
    },
    "lastUpdate" : "20140705T042120Z"
  }, {
    "type" : "place",
    "startTime" : "20140704T182021-0700",
    "endTime" : "20140704T184504-0700",
    "place" : {
      "id" : 83038504,
      "type" : "unknown",
      "location" : {
        "lat" : 34.016351106,
        "lon" : -118.4968539827
      }
    },
    "lastUpdate" : "20140705T042123Z"
  }, {
    "type" : "place",
    "startTime" : "20140704T185837-0700",
    "endTime" : "20140704T190255-0700",
    "place" : {
      "id" : 83038516,
      "type" : "unknown",
      "location" : {
        "lat" : 34.0161268878,
        "lon" : -118.4956437632
      }
    },
    "lastUpdate" : "20140705T042123Z"
  }, {
    "type" : "place",
    "startTime" : "20140704T191956-0700",
    "endTime" : "20140704T193102-0700",
    "place" : {
      "id" : 83038517,
      "type" : "unknown",
      "location" : {
        "lat" : 34.0282099799,
        "lon" : -118.4803627265
      }
    },
    "lastUpdate" : "20140705T042123Z"
  }, {
    "type" : "place",
    "startTime" : "20140704T194555-0700",
    "endTime" : "20140704T212021-0700",
    "place" : {
      "id" : 83038518,
      "type" : "unknown",
      "location" : {
        "lat" : 34.0398894241,
        "lon" : -118.4295888486
      }
    },
    "lastUpdate" : "20140705T162434Z"
  }, {
    "type" : "place",
    "startTime" : "20140704T222719-0700",
    "endTime" : "20140705T092411-0700",
    "place" : {
      "id" : 83253060,
      "type" : "unknown",
      "location" : {
        "lat" : 34.1930824384,
        "lon" : -118.571303669
      }
    },
    "lastUpdate" : "20140705T204610Z"
  } ],
  "lastUpdate" : "20140705T204610Z"
} ]