[ {
  "date" : "20140607",
  "segments" : [ {
    "type" : "place",
    "startTime" : "20140606T212815-0700",
    "endTime" : "20140607T115141-0700",
    "place" : {
      "id" : 72187887,
      "name" : "Home",
      "type" : "home",
      "location" : {
        "lat" : 37.8651493645,
        "lon" : -122.282029798
      }
    },
    "lastUpdate" : "20140608T022151Z"
  }, {
    "type" : "place",
    "startTime" : "20140607T125403-0700",
    "endTime" : "20140607T130104-0700",
    "place" : {
      "id" : 73773566,
      "type" : "unknown",
      "location" : {
        "lat" : 37.7846127687,
        "lon" : -122.4071395759
      }
    },
    "lastUpdate" : "20140608T022151Z"
  }, {
    "type" : "place",
    "startTime" : "20140607T135353-0700",
    "endTime" : "20140607T143517-0700",
    "place" : {
      "id" : 73873625,
      "type" : "unknown",
      "location" : {
        "lat" : 37.7705862489,
        "lon" : -122.4828503099
      }
    },
    "lastUpdate" : "20140608T022154Z"
  }, {
    "type" : "place",
    "startTime" : "20140607T144037-0700",
    "endTime" : "20140607T181408-0700",
    "place" : {
      "id" : 73873675,
      "type" : "unknown",
      "location" : {
        "lat" : 37.7693260714,
        "lon" : -122.4861069042
      }
    },
    "lastUpdate" : "20140609T033608Z"
  }, {
    "type" : "place",
    "startTime" : "20140607T191631-0700",
    "endTime" : "20140607T192415-0700",
    "place" : {
      "id" : 73909251,
      "type" : "unknown",
      "location" : {
        "lat" : 37.7723603308,
        "lon" : -122.4894246704
      }
    },
    "lastUpdate" : "20140609T033608Z"
  }, {
    "type" : "place",
    "startTime" : "20140607T221758-0700",
    "endTime" : "20140608T002704-0700",
    "place" : {
      "id" : 72187887,
      "name" : "Home",
      "type" : "home",
      "location" : {
        "lat" : 37.8651493645,
        "lon" : -122.282029798
      }
    },
    "lastUpdate" : "20140609T194254Z"
  } ],
  "lastUpdate" : "20140609T194254Z"
} ]