[ {
  "date" : "20140615",
  "segments" : [ {
    "type" : "place",
    "startTime" : "20140615T020218-0700",
    "endTime" : "20140615T021141-0700",
    "place" : {
      "id" : 75945996,
      "type" : "unknown",
      "location" : {
        "lat" : 36.9803702941,
        "lon" : -122.0603293345
      }
    },
    "lastUpdate" : "20140616T030739Z"
  }, {
    "type" : "place",
    "startTime" : "20140615T123145-0700",
    "endTime" : "20140615T125042-0700",
    "place" : {
      "id" : 76643430,
      "type" : "unknown",
      "location" : {
        "lat" : 36.9730839438,
        "lon" : -122.0272819505
      }
    },
    "lastUpdate" : "20140616T030741Z"
  }, {
    "type" : "place",
    "startTime" : "20140615T125817-0700",
    "endTime" : "20140615T151554-0700",
    "place" : {
      "id" : 76643435,
      "type" : "unknown",
      "location" : {
        "lat" : 36.9765270957,
        "lon" : -122.0272181019
      }
    },
    "lastUpdate" : "20140616T030743Z"
  }, {
    "type" : "place",
    "startTime" : "20140615T154806-0700",
    "endTime" : "20140615T212519-0700",
    "place" : {
      "id" : 76319846,
      "type" : "unknown",
      "location" : {
        "lat" : 36.9762826412,
        "lon" : -122.0269870647
      }
    },
    "lastUpdate" : "20140616T084444Z"
  }, {
    "type" : "place",
    "startTime" : "20140615T231238-0700",
    "endTime" : "20140616T001431-0700",
    "place" : {
      "id" : 72187887,
      "name" : "Home",
      "type" : "home",
      "location" : {
        "lat" : 37.8651493645,
        "lon" : -122.282029798
      }
    },
    "lastUpdate" : "20140617T021359Z"
  } ],
  "lastUpdate" : "20140617T021359Z"
} ]