[ {
  "date" : "20140610",
  "segments" : [ {
    "type" : "place",
    "startTime" : "20140609T230602-0700",
    "endTime" : "20140610T123650-0700",
    "place" : {
      "id" : 72187887,
      "name" : "Home",
      "type" : "home",
      "location" : {
        "lat" : 37.8651493645,
        "lon" : -122.282029798
      }
    },
    "lastUpdate" : "20140610T213437Z"
  }, {
    "type" : "place",
    "startTime" : "20140610T124900-0700",
    "endTime" : "20140610T151726-0700",
    "place" : {
      "id" : 74820760,
      "name" : "Memorial Glade",
      "type" : "foursquare",
      "foursquareId" : "4b7485dcf964a520b8e12de3",
      "foursquareCategoryIds" : [ "4bf58dd8d48988d1aa941735" ],
      "location" : {
        "lat" : 37.87303846604494,
        "lon" : -122.2594095918372
      }
    },
    "lastUpdate" : "20140611T004232Z"
  }, {
    "type" : "place",
    "startTime" : "20140610T152024-0700",
    "endTime" : "20140610T152530-0700",
    "place" : {
      "id" : 72412230,
      "name" : "School of Information",
      "type" : "foursquare",
      "foursquareId" : "4f184661e4b0b34551aaa7cb",
      "foursquareCategoryIds" : [ "4bf58dd8d48988d19f941735" ],
      "location" : {
        "lat" : 37.87135752021174,
        "lon" : -122.2584125748343
      }
    },
    "lastUpdate" : "20140611T004232Z"
  }, {
    "type" : "place",
    "startTime" : "20140610T153403-0700",
    "endTime" : "20140610T173958-0700",
    "place" : {
      "id" : 73323513,
      "name" : "Sutardja Dai Hall - CITRIS Building",
      "type" : "foursquare",
      "foursquareId" : "4a68c693f964a520fcca1fe3",
      "foursquareCategoryIds" : [ "4bf58dd8d48988d19f941735" ],
      "location" : {
        "lat" : 37.87481528371463,
        "lon" : -122.2583994269371
      }
    },
    "lastUpdate" : "20140611T043122Z"
  }, {
    "type" : "place",
    "startTime" : "20140610T175046-0700",
    "endTime" : "20140610T175426-0700",
    "place" : {
      "id" : 74856193,
      "type" : "unknown",
      "location" : {
        "lat" : 37.8686860677,
        "lon" : -122.2590823391
      }
    },
    "lastUpdate" : "20140611T043100Z"
  }, {
    "type" : "place",
    "startTime" : "20140610T175922-0700",
    "endTime" : "20140610T203528-0700",
    "place" : {
      "id" : 74856197,
      "type" : "unknown",
      "location" : {
        "lat" : 37.8704821681,
        "lon" : -122.2585077862
      }
    },
    "lastUpdate" : "20140611T043104Z"
  }, {
    "type" : "place",
    "startTime" : "20140610T204244-0700",
    "endTime" : "20140611T102437-0700",
    "place" : {
      "id" : 72187887,
      "name" : "Home",
      "type" : "home",
      "location" : {
        "lat" : 37.8651493645,
        "lon" : -122.282029798
      }
    },
    "lastUpdate" : "20140611T203209Z"
  } ],
  "lastUpdate" : "20140611T203209Z"
} ]