[ {
  "date" : "20140614",
  "segments" : [ {
    "type" : "place",
    "startTime" : "20140613T225016-0700",
    "endTime" : "20140614T084653-0700",
    "place" : {
      "id" : 75945996,
      "type" : "unknown",
      "location" : {
        "lat" : 36.9803702941,
        "lon" : -122.0603293345
      }
    },
    "lastUpdate" : "20140614T230256Z"
  }, {
    "type" : "place",
    "startTime" : "20140614T090619-0700",
    "endTime" : "20140614T185925-0700",
    "place" : {
      "id" : 76243205,
      "type" : "unknown",
      "location" : {
        "lat" : 36.9632505774,
        "lon" : -122.0219765901
      }
    },
    "lastUpdate" : "20140615T051041Z"
  }, {
    "type" : "place",
    "startTime" : "20140614T190237-0700",
    "endTime" : "20140614T190445-0700",
    "place" : {
      "id" : 76243205,
      "type" : "unknown",
      "location" : {
        "lat" : 36.9632505774,
        "lon" : -122.0219765901
      }
    },
    "lastUpdate" : "20140615T051041Z"
  }, {
    "type" : "place",
    "startTime" : "20140614T191013-0700",
    "endTime" : "20140614T191407-0700",
    "place" : {
      "id" : 76319845,
      "type" : "unknown",
      "location" : {
        "lat" : 36.9646420161,
        "lon" : -122.0202976457
      }
    },
    "lastUpdate" : "20140615T051041Z"
  }, {
    "type" : "place",
    "startTime" : "20140614T202223-0700",
    "endTime" : "20140614T215757-0700",
    "place" : {
      "id" : 76319846,
      "type" : "unknown",
      "location" : {
        "lat" : 36.9762826412,
        "lon" : -122.0269870647
      }
    },
    "lastUpdate" : "20140615T060600Z"
  }, {
    "type" : "place",
    "startTime" : "20140614T220112-0700",
    "endTime" : "20140614T224222-0700",
    "place" : {
      "id" : 76319924,
      "type" : "unknown",
      "location" : {
        "lat" : 36.9752194494,
        "lon" : -122.0280723422
      }
    },
    "lastUpdate" : "20140616T030739Z"
  }, {
    "type" : "place",
    "startTime" : "20140614T230556-0700",
    "endTime" : "20140614T231427-0700",
    "place" : {
      "id" : 76319924,
      "type" : "unknown",
      "location" : {
        "lat" : 36.9752194494,
        "lon" : -122.0280723422
      }
    },
    "lastUpdate" : "20140616T030739Z"
  }, {
    "type" : "place",
    "startTime" : "20140614T232136-0700",
    "endTime" : "20140614T233142-0700",
    "place" : {
      "id" : 76365356,
      "type" : "unknown",
      "location" : {
        "lat" : 36.9681430516,
        "lon" : -122.0505583313
      }
    },
    "lastUpdate" : "20140616T030739Z"
  } ],
  "lastUpdate" : "20140616T030739Z"
} ]