[ {
  "date" : "20140628",
  "segments" : [ {
    "type" : "place",
    "startTime" : "20140628T012646-0700",
    "endTime" : "20140628T153517-0700",
    "place" : {
      "id" : 72187887,
      "name" : "Home",
      "type" : "home",
      "location" : {
        "lat" : 37.8651493645,
        "lon" : -122.282029798
      }
    },
    "lastUpdate" : "20140629T080924Z"
  }, {
    "type" : "place",
    "startTime" : "20140628T163026-0700",
    "endTime" : "20140629T160533-0700",
    "place" : {
      "id" : 81375678,
      "name" : "Home",
      "type" : "home",
      "location" : {
        "lat" : 37.403213609,
        "lon" : -122.0854344467
      }
    },
    "lastUpdate" : "20140703T200713Z"
  } ],
  "lastUpdate" : "20140703T200713Z"
} ]