[ {
  "date" : "20140703",
  "segments" : [ {
    "type" : "place",
    "startTime" : "20140702T232918-0700",
    "endTime" : "20140703T005919-0700",
    "place" : {
      "id" : 82558504,
      "type" : "unknown",
      "location" : {
        "lat" : 37.4175568399,
        "lon" : -121.8990236057
      }
    },
    "lastUpdate" : "20140703T232952Z"
  }, {
    "type" : "place",
    "startTime" : "20140703T014855-0700",
    "endTime" : "20140703T152119-0700",
    "place" : {
      "id" : 81375678,
      "name" : "Home",
      "type" : "home",
      "location" : {
        "lat" : 37.403213609,
        "lon" : -122.0854344467
      }
    },
    "lastUpdate" : "20140703T232952Z"
  }, {
    "type" : "place",
    "startTime" : "20140703T152447-0700",
    "endTime" : "20140703T161412-0700",
    "place" : {
      "id" : 82611909,
      "type" : "unknown",
      "location" : {
        "lat" : 37.4171356668,
        "lon" : -122.1035523003
      }
    },
    "lastUpdate" : "20140704T160540Z"
  }, {
    "type" : "place",
    "startTime" : "20140703T162415-0700",
    "endTime" : "20140704T090414-0700",
    "place" : {
      "id" : 81375678,
      "name" : "Home",
      "type" : "home",
      "location" : {
        "lat" : 37.403213609,
        "lon" : -122.0854344467
      }
    },
    "lastUpdate" : "20140704T195038Z"
  } ],
  "lastUpdate" : "20140704T195038Z"
} ]