[ {
  "date" : "20140708",
  "segments" : [ {
    "type" : "place",
    "startTime" : "20140707T235116-0700",
    "endTime" : "20140708T131051-0700",
    "place" : {
      "id" : 72187887,
      "name" : "Home",
      "type" : "home",
      "location" : {
        "lat" : 37.8651493645,
        "lon" : -122.282029798
      }
    },
    "lastUpdate" : "20140708T215350Z"
  }, {
    "type" : "place",
    "startTime" : "20140708T131932-0700",
    "endTime" : "20140708T133000-0700",
    "place" : {
      "id" : 77843155,
      "name" : "Siemens Berkeley",
      "type" : "work",
      "location" : {
        "lat" : 37.8704362297,
        "lon" : -122.2662692272
      }
    },
    "lastUpdate" : "20140708T215350Z"
  }, {
    "type" : "place",
    "startTime" : "20140708T133316-0700",
    "endTime" : "20140708T160628-0700",
    "place" : {
      "id" : 72412230,
      "name" : "School of Information",
      "type" : "foursquare",
      "foursquareId" : "4f184661e4b0b34551aaa7cb",
      "foursquareCategoryIds" : [ "4bf58dd8d48988d19f941735" ],
      "location" : {
        "lat" : 37.87135752021174,
        "lon" : -122.2584125748343
      }
    },
    "lastUpdate" : "20140709T005430Z"
  }, {
    "type" : "place",
    "startTime" : "20140708T161534-0700",
    "endTime" : "20140708T175423-0700",
    "place" : {
      "id" : 73323513,
      "name" : "Sutardja Dai Hall - CITRIS Building",
      "type" : "foursquare",
      "foursquareId" : "4a68c693f964a520fcca1fe3",
      "foursquareCategoryIds" : [ "4bf58dd8d48988d19f941735" ],
      "location" : {
        "lat" : 37.87481528371463,
        "lon" : -122.2583994269371
      }
    },
    "lastUpdate" : "20140709T005430Z"
  } ],
  "lastUpdate" : "20140709T005430Z"
} ]