[ {
  "date" : "20140618",
  "segments" : [ {
    "type" : "place",
    "startTime" : "20140617T235158-0700",
    "endTime" : "20140618T180556-0700",
    "place" : {
      "id" : 72187887,
      "name" : "Home",
      "type" : "home",
      "location" : {
        "lat" : 37.8651493645,
        "lon" : -122.282029798
      }
    },
    "lastUpdate" : "20140619T050419Z"
  }, {
    "type" : "place",
    "startTime" : "20140618T181814-0700",
    "endTime" : "20140618T211405-0700",
    "place" : {
      "id" : 77571787,
      "type" : "unknown",
      "location" : {
        "lat" : 37.8693466448,
        "lon" : -122.2620834554
      }
    },
    "lastUpdate" : "20140619T050421Z"
  }, {
    "type" : "place",
    "startTime" : "20140618T211656-0700",
    "endTime" : "20140618T212204-0700",
    "place" : {
      "id" : 77571789,
      "type" : "unknown",
      "location" : {
        "lat" : 37.8685642405,
        "lon" : -122.2604173632
      }
    },
    "lastUpdate" : "20140619T050421Z"
  }, {
    "type" : "place",
    "startTime" : "20140618T212746-0700",
    "endTime" : "20140618T215720-0700",
    "place" : {
      "id" : 77571790,
      "type" : "unknown",
      "location" : {
        "lat" : 37.8683408974,
        "lon" : -122.259185787
      }
    },
    "lastUpdate" : "20140619T163152Z"
  }, {
    "type" : "place",
    "startTime" : "20140618T220322-0700",
    "endTime" : "20140619T092926-0700",
    "place" : {
      "id" : 72187887,
      "name" : "Home",
      "type" : "home",
      "location" : {
        "lat" : 37.8651493645,
        "lon" : -122.282029798
      }
    },
    "lastUpdate" : "20140619T215052Z"
  } ],
  "lastUpdate" : "20140619T215052Z"
} ]