[ {
  "date" : "20140701",
  "segments" : [ {
    "type" : "place",
    "startTime" : "20140630T220531-0700",
    "endTime" : "20140701T135126-0700",
    "place" : {
      "id" : 72187887,
      "name" : "Home",
      "type" : "home",
      "location" : {
        "lat" : 37.8651493645,
        "lon" : -122.282029798
      }
    },
    "lastUpdate" : "20140701T222316Z"
  }, {
    "type" : "place",
    "startTime" : "20140701T135814-0700",
    "endTime" : "20140701T151147-0700",
    "place" : {
      "id" : 77843155,
      "name" : "Siemens Berkeley",
      "type" : "work",
      "location" : {
        "lat" : 37.8704362297,
        "lon" : -122.2662692272
      }
    },
    "lastUpdate" : "20140703T003709Z"
  }, {
    "type" : "place",
    "startTime" : "20140701T152657-0700",
    "endTime" : "20140701T192143-0700",
    "place" : {
      "id" : 72412230,
      "name" : "School of Information",
      "type" : "foursquare",
      "foursquareId" : "4f184661e4b0b34551aaa7cb",
      "foursquareCategoryIds" : [ "4bf58dd8d48988d19f941735" ],
      "location" : {
        "lat" : 37.87135752021174,
        "lon" : -122.2584125748343
      }
    },
    "lastUpdate" : "20140702T121316Z"
  }, {
    "type" : "place",
    "startTime" : "20140701T193036-0700",
    "endTime" : "20140702T154254-0700",
    "place" : {
      "id" : 72187887,
      "name" : "Home",
      "type" : "home",
      "location" : {
        "lat" : 37.8651493645,
        "lon" : -122.282029798
      }
    },
    "lastUpdate" : "20140703T003439Z"
  } ],
  "lastUpdate" : "20140703T003709Z"
}, {
  "date" : "20140702",
  "segments" : [ {
    "type" : "place",
    "startTime" : "20140701T193036-0700",
    "endTime" : "20140702T154254-0700",
    "place" : {
      "id" : 72187887,
      "name" : "Home",
      "type" : "home",
      "location" : {
        "lat" : 37.8651493645,
        "lon" : -122.282029798
      }
    },
    "lastUpdate" : "20140703T003439Z"
  }, {
    "type" : "place",
    "startTime" : "20140702T155254-0700",
    "endTime" : "20140702T170127-0700",
    "place" : {
      "id" : 77843155,
      "name" : "Siemens Berkeley",
      "type" : "work",
      "location" : {
        "lat" : 37.8704362297,
        "lon" : -122.2662692272
      }
    },
    "lastUpdate" : "20140703T232952Z"
  }, {
    "type" : "place",
    "startTime" : "20140702T170702-0700",
    "endTime" : "20140702T173233-0700",
    "place" : {
      "id" : 72187887,
      "name" : "Home",
      "type" : "home",
      "location" : {
        "lat" : 37.8651493645,
        "lon" : -122.282029798
      }
    },
    "lastUpdate" : "20140703T232952Z"
  }, {
    "type" : "place",
    "startTime" : "20140702T184459-0700",
    "endTime" : "20140702T185456-0700",
    "place" : {
      "id" : 82320962,
      "type" : "unknown",
      "location" : {
        "lat" : 37.616721722,
        "lon" : -122.3917111991
      }
    },
    "lastUpdate" : "20140703T232952Z"
  }, {
    "type" : "place",
    "startTime" : "20140702T194911-0700",
    "endTime" : "20140702T195331-0700",
    "place" : {
      "id" : 82320989,
      "type" : "unknown",
      "location" : {
        "lat" : 37.3943299456,
        "lon" : -122.0760016991
      }
    },
    "lastUpdate" : "20140703T232952Z"
  }, {
    "type" : "place",
    "startTime" : "20140702T200341-0700",
    "endTime" : "20140702T201114-0700",
    "place" : {
      "id" : 82320990,
      "type" : "unknown",
      "location" : {
        "lat" : 37.3945198311,
        "lon" : -122.0766327694
      }
    },
    "lastUpdate" : "20140703T232952Z"
  }, {
    "type" : "place",
    "startTime" : "20140702T202012-0700",
    "endTime" : "20140702T214314-0700",
    "place" : {
      "id" : 82558465,
      "name" : "Saravana Bhavan",
      "type" : "foursquare",
      "foursquareId" : "458e49d4f964a52011401fe3",
      "foursquareCategoryIds" : [ "4bf58dd8d48988d10f941735" ],
      "location" : {
        "lat" : 37.350963,
        "lon" : -122.050749
      }
    },
    "lastUpdate" : "20140703T232952Z"
  }, {
    "type" : "place",
    "startTime" : "20140702T215429-0700",
    "endTime" : "20140702T230803-0700",
    "place" : {
      "id" : 81375678,
      "name" : "Home",
      "type" : "home",
      "location" : {
        "lat" : 37.403213609,
        "lon" : -122.0854344467
      }
    },
    "lastUpdate" : "20140703T232952Z"
  }, {
    "type" : "place",
    "startTime" : "20140702T232918-0700",
    "endTime" : "20140703T005919-0700",
    "place" : {
      "id" : 82558504,
      "type" : "unknown",
      "location" : {
        "lat" : 37.4175568399,
        "lon" : -121.8990236057
      }
    },
    "lastUpdate" : "20140703T232952Z"
  } ],
  "lastUpdate" : "20140703T232952Z"
}, {
  "date" : "20140703",
  "segments" : [ {
    "type" : "place",
    "startTime" : "20140702T232918-0700",
    "endTime" : "20140703T005919-0700",
    "place" : {
      "id" : 82558504,
      "type" : "unknown",
      "location" : {
        "lat" : 37.4175568399,
        "lon" : -121.8990236057
      }
    },
    "lastUpdate" : "20140703T232952Z"
  }, {
    "type" : "place",
    "startTime" : "20140703T014855-0700",
    "endTime" : "20140703T152119-0700",
    "place" : {
      "id" : 81375678,
      "name" : "Home",
      "type" : "home",
      "location" : {
        "lat" : 37.403213609,
        "lon" : -122.0854344467
      }
    },
    "lastUpdate" : "20140703T232952Z"
  }, {
    "type" : "place",
    "startTime" : "20140703T152447-0700",
    "endTime" : "20140703T161412-0700",
    "place" : {
      "id" : 82611909,
      "type" : "unknown",
      "location" : {
        "lat" : 37.4171356668,
        "lon" : -122.1035523003
      }
    },
    "lastUpdate" : "20140704T160540Z"
  }, {
    "type" : "place",
    "startTime" : "20140703T162415-0700",
    "endTime" : "20140704T090414-0700",
    "place" : {
      "id" : 81375678,
      "name" : "Home",
      "type" : "home",
      "location" : {
        "lat" : 37.403213609,
        "lon" : -122.0854344467
      }
    },
    "lastUpdate" : "20140704T195038Z"
  } ],
  "lastUpdate" : "20140704T195038Z"
}, {
  "date" : "20140704",
  "segments" : [ {
    "type" : "place",
    "startTime" : "20140703T162415-0700",
    "endTime" : "20140704T090414-0700",
    "place" : {
      "id" : 81375678,
      "name" : "Home",
      "type" : "home",
      "location" : {
        "lat" : 37.403213609,
        "lon" : -122.0854344467
      }
    },
    "lastUpdate" : "20140704T195038Z"
  }, {
    "type" : "place",
    "startTime" : "20140704T091500-0700",
    "endTime" : "20140704T100213-0700",
    "place" : {
      "id" : 81375678,
      "name" : "Home",
      "type" : "home",
      "location" : {
        "lat" : 37.403213609,
        "lon" : -122.0854344467
      }
    },
    "lastUpdate" : "20140704T230638Z"
  }, {
    "type" : "place",
    "startTime" : "20140704T115648-0700",
    "endTime" : "20140704T120702-0700",
    "place" : {
      "id" : 82915155,
      "type" : "unknown",
      "location" : {
        "lat" : 36.6373310316,
        "lon" : -120.6265615875
      }
    },
    "lastUpdate" : "20140704T230638Z"
  }, {
    "type" : "place",
    "startTime" : "20140704T132110-0700",
    "endTime" : "20140704T132958-0700",
    "place" : {
      "id" : 82970601,
      "type" : "unknown",
      "location" : {
        "lat" : 35.6158863865,
        "lon" : -119.6587823971
      }
    },
    "lastUpdate" : "20140704T230638Z"
  }, {
    "type" : "place",
    "startTime" : "20140704T134927-0700",
    "endTime" : "20140704T143307-0700",
    "place" : {
      "id" : 82970637,
      "type" : "unknown",
      "location" : {
        "lat" : 35.3992292687,
        "lon" : -119.3960832407
      }
    },
    "lastUpdate" : "20140705T010522Z"
  }, {
    "type" : "place",
    "startTime" : "20140704T161436-0700",
    "endTime" : "20140704T164203-0700",
    "place" : {
      "id" : 82995880,
      "type" : "unknown",
      "location" : {
        "lat" : 34.0534193625,
        "lon" : -118.4409008257
      }
    },
    "lastUpdate" : "20140705T010527Z"
  }, {
    "type" : "place",
    "startTime" : "20140704T170249-0700",
    "endTime" : "20140704T172738-0700",
    "place" : {
      "id" : 83038489,
      "type" : "unknown",
      "location" : {
        "lat" : 34.0613341729,
        "lon" : -118.4444486703
      }
    },
    "lastUpdate" : "20140705T042120Z"
  }, {
    "type" : "place",
    "startTime" : "20140704T180111-0700",
    "endTime" : "20140704T181511-0700",
    "place" : {
      "id" : 83038491,
      "type" : "unknown",
      "location" : {
        "lat" : 34.017923976,
        "lon" : -118.4934548023
      }
    },
    "lastUpdate" : "20140705T042120Z"
  }, {
    "type" : "place",
    "startTime" : "20140704T182021-0700",
    "endTime" : "20140704T184504-0700",
    "place" : {
      "id" : 83038504,
      "type" : "unknown",
      "location" : {
        "lat" : 34.016351106,
        "lon" : -118.4968539827
      }
    },
    "lastUpdate" : "20140705T042123Z"
  }, {
    "type" : "place",
    "startTime" : "20140704T185837-0700",
    "endTime" : "20140704T190255-0700",
    "place" : {
      "id" : 83038516,
      "type" : "unknown",
      "location" : {
        "lat" : 34.0161268878,
        "lon" : -118.4956437632
      }
    },
    "lastUpdate" : "20140705T042123Z"
  }, {
    "type" : "place",
    "startTime" : "20140704T191956-0700",
    "endTime" : "20140704T193102-0700",
    "place" : {
      "id" : 83038517,
      "type" : "unknown",
      "location" : {
        "lat" : 34.0282099799,
        "lon" : -118.4803627265
      }
    },
    "lastUpdate" : "20140705T042123Z"
  }, {
    "type" : "place",
    "startTime" : "20140704T194555-0700",
    "endTime" : "20140704T212021-0700",
    "place" : {
      "id" : 83038518,
      "type" : "unknown",
      "location" : {
        "lat" : 34.0398894241,
        "lon" : -118.4295888486
      }
    },
    "lastUpdate" : "20140705T162434Z"
  }, {
    "type" : "place",
    "startTime" : "20140704T222719-0700",
    "endTime" : "20140705T092411-0700",
    "place" : {
      "id" : 83253060,
      "type" : "unknown",
      "location" : {
        "lat" : 34.1930824384,
        "lon" : -118.571303669
      }
    },
    "lastUpdate" : "20140705T204610Z"
  } ],
  "lastUpdate" : "20140705T204610Z"
}, {
  "date" : "20140705",
  "segments" : [ {
    "type" : "place",
    "startTime" : "20140704T222719-0700",
    "endTime" : "20140705T092411-0700",
    "place" : {
      "id" : 83253060,
      "type" : "unknown",
      "location" : {
        "lat" : 34.1930824384,
        "lon" : -118.571303669
      }
    },
    "lastUpdate" : "20140705T204610Z"
  }, {
    "type" : "place",
    "startTime" : "20140705T102911-0700",
    "endTime" : "20140705T105344-0700",
    "place" : {
      "id" : 83329012,
      "type" : "unknown",
      "location" : {
        "lat" : 34.052833533,
        "lon" : -118.4367557842
      }
    },
    "lastUpdate" : "20140705T204625Z"
  }, {
    "type" : "place",
    "startTime" : "20140705T110759-0700",
    "endTime" : "20140705T112159-0700",
    "place" : {
      "id" : 83347896,
      "type" : "unknown",
      "location" : {
        "lat" : 34.0263951245,
        "lon" : -118.4879002995
      }
    },
    "lastUpdate" : "20140705T204625Z"
  }, {
    "type" : "place",
    "startTime" : "20140705T113612-0700",
    "endTime" : "20140705T121843-0700",
    "place" : {
      "id" : 83347939,
      "type" : "unknown",
      "location" : {
        "lat" : 34.0570655571,
        "lon" : -118.444945488
      }
    },
    "lastUpdate" : "20140705T204627Z"
  }, {
    "type" : "place",
    "startTime" : "20140705T124433-0700",
    "endTime" : "20140705T134550-0700",
    "place" : {
      "id" : 83347951,
      "type" : "unknown",
      "location" : {
        "lat" : 34.0433076741,
        "lon" : -118.468944525
      }
    },
    "lastUpdate" : "20140706T005643Z"
  }, {
    "type" : "place",
    "startTime" : "20140705T135341-0700",
    "endTime" : "20140705T150740-0700",
    "place" : {
      "id" : 83416327,
      "type" : "unknown",
      "location" : {
        "lat" : 34.0552698573,
        "lon" : -118.4451775982
      }
    },
    "lastUpdate" : "20140706T005652Z"
  }, {
    "type" : "place",
    "startTime" : "20140705T151249-0700",
    "endTime" : "20140705T152247-0700",
    "place" : {
      "id" : 83416351,
      "type" : "unknown",
      "location" : {
        "lat" : 34.054413211,
        "lon" : -118.4421768964
      }
    },
    "lastUpdate" : "20140706T005652Z"
  }, {
    "type" : "place",
    "startTime" : "20140705T155103-0700",
    "endTime" : "20140705T162324-0700",
    "place" : {
      "id" : 83416352,
      "type" : "unknown",
      "location" : {
        "lat" : 34.2471802354,
        "lon" : -118.522739722
      }
    },
    "lastUpdate" : "20140706T020324Z"
  }, {
    "type" : "place",
    "startTime" : "20140705T175102-0700",
    "endTime" : "20140705T190957-0700",
    "place" : {
      "id" : 83416381,
      "type" : "unknown",
      "location" : {
        "lat" : 35.3375409815,
        "lon" : -119.0602020422
      }
    },
    "lastUpdate" : "20140706T163450Z"
  }, {
    "type" : "place",
    "startTime" : "20140705T231831-0700",
    "endTime" : "20140706T095208-0700",
    "place" : {
      "id" : 81375678,
      "name" : "Home",
      "type" : "home",
      "location" : {
        "lat" : 37.403213609,
        "lon" : -122.0854344467
      }
    },
    "lastUpdate" : "20140706T193727Z"
  } ],
  "lastUpdate" : "20140706T193727Z"
}, {
  "date" : "20140706",
  "segments" : [ {
    "type" : "place",
    "startTime" : "20140705T231831-0700",
    "endTime" : "20140706T095208-0700",
    "place" : {
      "id" : 81375678,
      "name" : "Home",
      "type" : "home",
      "location" : {
        "lat" : 37.403213609,
        "lon" : -122.0854344467
      }
    },
    "lastUpdate" : "20140706T193727Z"
  }, {
    "type" : "place",
    "startTime" : "20140706T102814-0700",
    "endTime" : "20140706T121840-0700",
    "place" : {
      "id" : 81375678,
      "name" : "Home",
      "type" : "home",
      "location" : {
        "lat" : 37.403213609,
        "lon" : -122.0854344467
      }
    },
    "lastUpdate" : "20140707T015347Z"
  }, {
    "type" : "place",
    "startTime" : "20140706T122410-0700",
    "endTime" : "20140706T123506-0700",
    "place" : {
      "id" : 83706596,
      "type" : "unknown",
      "location" : {
        "lat" : 37.3970746702,
        "lon" : -122.0614777723
      }
    },
    "lastUpdate" : "20140707T015347Z"
  }, {
    "type" : "place",
    "startTime" : "20140706T125122-0700",
    "endTime" : "20140706T170355-0700",
    "place" : {
      "id" : 83706596,
      "type" : "unknown",
      "location" : {
        "lat" : 37.3970746702,
        "lon" : -122.0614777723
      }
    },
    "lastUpdate" : "20140707T015349Z"
  }, {
    "type" : "place",
    "startTime" : "20140706T171033-0700",
    "endTime" : "20140706T175955-0700",
    "place" : {
      "id" : 81375678,
      "name" : "Home",
      "type" : "home",
      "location" : {
        "lat" : 37.403213609,
        "lon" : -122.0854344467
      }
    },
    "lastUpdate" : "20140707T093934Z"
  }, {
    "type" : "place",
    "startTime" : "20140706T184954-0700",
    "endTime" : "20140707T092921-0700",
    "place" : {
      "id" : 72187887,
      "name" : "Home",
      "type" : "home",
      "location" : {
        "lat" : 37.8651493645,
        "lon" : -122.282029798
      }
    },
    "lastUpdate" : "20140707T175009Z"
  } ],
  "lastUpdate" : "20140707T175009Z"
}, {
  "date" : "20140707",
  "segments" : [ {
    "type" : "place",
    "startTime" : "20140706T184954-0700",
    "endTime" : "20140707T092921-0700",
    "place" : {
      "id" : 72187887,
      "name" : "Home",
      "type" : "home",
      "location" : {
        "lat" : 37.8651493645,
        "lon" : -122.282029798
      }
    },
    "lastUpdate" : "20140707T175009Z"
  }, {
    "type" : "place",
    "startTime" : "20140707T094834-0700",
    "endTime" : "20140707T133353-0700",
    "place" : {
      "id" : 73323513,
      "name" : "Sutardja Dai Hall - CITRIS Building",
      "type" : "foursquare",
      "foursquareId" : "4a68c693f964a520fcca1fe3",
      "foursquareCategoryIds" : [ "4bf58dd8d48988d19f941735" ],
      "location" : {
        "lat" : 37.87481528371463,
        "lon" : -122.2583994269371
      }
    },
    "lastUpdate" : "20140708T024931Z"
  }, {
    "type" : "place",
    "startTime" : "20140707T134522-0700",
    "endTime" : "20140707T142027-0700",
    "place" : {
      "id" : 84114745,
      "type" : "unknown",
      "location" : {
        "lat" : 37.8688801607,
        "lon" : -122.2585626064
      }
    },
    "lastUpdate" : "20140708T024934Z"
  }, {
    "type" : "place",
    "startTime" : "20140707T143201-0700",
    "endTime" : "20140707T194821-0700",
    "place" : {
      "id" : 73323513,
      "name" : "Sutardja Dai Hall - CITRIS Building",
      "type" : "foursquare",
      "foursquareId" : "4a68c693f964a520fcca1fe3",
      "foursquareCategoryIds" : [ "4bf58dd8d48988d19f941735" ],
      "location" : {
        "lat" : 37.87481528371463,
        "lon" : -122.2583994269371
      }
    },
    "lastUpdate" : "20140708T054129Z"
  }, {
    "type" : "place",
    "startTime" : "20140707T195151-0700",
    "endTime" : "20140707T205245-0700",
    "place" : {
      "id" : 72458029,
      "name" : "Recreational Sports Facility (RSF)",
      "type" : "foursquare",
      "foursquareId" : "4a68deb9f964a52028cb1fe3",
      "foursquareCategoryIds" : [ "4bf58dd8d48988d1b2941735" ],
      "location" : {
        "lat" : 37.8686826907337,
        "lon" : -122.262618027927
      }
    },
    "lastUpdate" : "20140708T054131Z"
  }, {
    "type" : "place",
    "startTime" : "20140707T205851-0700",
    "endTime" : "20140707T214837-0700",
    "place" : {
      "id" : 84137853,
      "type" : "unknown",
      "location" : {
        "lat" : 37.8680715836,
        "lon" : -122.2591184923
      }
    },
    "lastUpdate" : "20140708T054139Z"
  }, {
    "type" : "place",
    "startTime" : "20140707T215235-0700",
    "endTime" : "20140707T223000-0700",
    "place" : {
      "id" : 77817074,
      "type" : "unknown",
      "location" : {
        "lat" : 37.8715286365,
        "lon" : -122.2682853653
      }
    },
    "lastUpdate" : "20140708T201206Z"
  }, {
    "type" : "place",
    "startTime" : "20140707T224845-0700",
    "endTime" : "20140707T225534-0700",
    "place" : {
      "id" : 84147929,
      "type" : "unknown",
      "location" : {
        "lat" : 37.8789464939,
        "lon" : -122.2652457569
      }
    },
    "lastUpdate" : "20140708T201206Z"
  }, {
    "type" : "place",
    "startTime" : "20140707T235116-0700",
    "endTime" : "20140708T131051-0700",
    "place" : {
      "id" : 72187887,
      "name" : "Home",
      "type" : "home",
      "location" : {
        "lat" : 37.8651493645,
        "lon" : -122.282029798
      }
    },
    "lastUpdate" : "20140708T215350Z"
  } ],
  "lastUpdate" : "20140708T215350Z"
}, {
  "date" : "20140708",
  "segments" : [ {
    "type" : "place",
    "startTime" : "20140707T235116-0700",
    "endTime" : "20140708T131051-0700",
    "place" : {
      "id" : 72187887,
      "name" : "Home",
      "type" : "home",
      "location" : {
        "lat" : 37.8651493645,
        "lon" : -122.282029798
      }
    },
    "lastUpdate" : "20140708T215350Z"
  }, {
    "type" : "place",
    "startTime" : "20140708T131932-0700",
    "endTime" : "20140708T133000-0700",
    "place" : {
      "id" : 77843155,
      "name" : "Siemens Berkeley",
      "type" : "work",
      "location" : {
        "lat" : 37.8704362297,
        "lon" : -122.2662692272
      }
    },
    "lastUpdate" : "20140708T215350Z"
  }, {
    "type" : "place",
    "startTime" : "20140708T133316-0700",
    "endTime" : "20140708T160628-0700",
    "place" : {
      "id" : 72412230,
      "name" : "School of Information",
      "type" : "foursquare",
      "foursquareId" : "4f184661e4b0b34551aaa7cb",
      "foursquareCategoryIds" : [ "4bf58dd8d48988d19f941735" ],
      "location" : {
        "lat" : 37.87135752021174,
        "lon" : -122.2584125748343
      }
    },
    "lastUpdate" : "20140709T005430Z"
  }, {
    "type" : "place",
    "startTime" : "20140708T161534-0700",
    "endTime" : "20140708T175423-0700",
    "place" : {
      "id" : 73323513,
      "name" : "Sutardja Dai Hall - CITRIS Building",
      "type" : "foursquare",
      "foursquareId" : "4a68c693f964a520fcca1fe3",
      "foursquareCategoryIds" : [ "4bf58dd8d48988d19f941735" ],
      "location" : {
        "lat" : 37.87481528371463,
        "lon" : -122.2583994269371
      }
    },
    "lastUpdate" : "20140709T005430Z"
  } ],
  "lastUpdate" : "20140709T005430Z"
} ]