[ {
  "date" : "20140603",
  "segments" : [ {
    "type" : "place",
    "startTime" : "20140603T010231-0700",
    "endTime" : "20140603T152242-0700",
    "place" : {
      "id" : 72187887,
      "name" : "Home",
      "type" : "home",
      "location" : {
        "lat" : 37.8651493645,
        "lon" : -122.282029798
      }
    },
    "lastUpdate" : "20140605T055655Z"
  }, {
    "type" : "place",
    "startTime" : "20140603T152854-0700",
    "endTime" : "20140603T161148-0700",
    "place" : {
      "id" : 72392429,
      "name" : "Herbivore",
      "type" : "foursquare",
      "foursquareId" : "4a2b2909f964a520af961fe3",
      "foursquareCategoryIds" : [ "4bf58dd8d48988d1d3941735" ],
      "location" : {
        "lat" : 37.864724,
        "lon" : -122.267372
      }
    },
    "lastUpdate" : "20140605T055851Z"
  }, {
    "type" : "place",
    "startTime" : "20140603T162205-0700",
    "endTime" : "20140603T210143-0700",
    "place" : {
      "id" : 72412230,
      "name" : "School of Information",
      "type" : "foursquare",
      "foursquareId" : "4f184661e4b0b34551aaa7cb",
      "foursquareCategoryIds" : [ "4bf58dd8d48988d19f941735" ],
      "location" : {
        "lat" : 37.87135752021174,
        "lon" : -122.2584125748343
      }
    },
    "lastUpdate" : "20140605T055803Z"
  }, {
    "type" : "place",
    "startTime" : "20140603T210638-0700",
    "endTime" : "20140603T225918-0700",
    "place" : {
      "id" : 72458029,
      "name" : "Recreational Sports Facility (RSF)",
      "type" : "foursquare",
      "foursquareId" : "4a68deb9f964a52028cb1fe3",
      "foursquareCategoryIds" : [ "4bf58dd8d48988d1b2941735" ],
      "location" : {
        "lat" : 37.8686826907337,
        "lon" : -122.262618027927
      }
    },
    "lastUpdate" : "20140605T055742Z"
  }, {
    "type" : "place",
    "startTime" : "20140603T230417-0700",
    "endTime" : "20140603T234900-0700",
    "place" : {
      "id" : 72483000,
      "name" : "Bangkok Noodles & Thai BBQ",
      "type" : "foursquare",
      "foursquareId" : "4c68398f73851b8d0e02ba39",
      "foursquareCategoryIds" : [ "4bf58dd8d48988d149941735" ],
      "location" : {
        "lat" : 37.872681,
        "lon" : -122.268581
      }
    },
    "lastUpdate" : "20140605T055749Z"
  }, {
    "type" : "place",
    "startTime" : "20140603T235340-0700",
    "endTime" : "20140604T152113-0700",
    "place" : {
      "id" : 72187887,
      "name" : "Home",
      "type" : "home",
      "location" : {
        "lat" : 37.8651493645,
        "lon" : -122.282029798
      }
    },
    "lastUpdate" : "20140605T055655Z"
  } ],
  "lastUpdate" : "20140605T055851Z"
}, {
  "date" : "20140604",
  "segments" : [ {
    "type" : "place",
    "startTime" : "20140603T235340-0700",
    "endTime" : "20140604T152113-0700",
    "place" : {
      "id" : 72187887,
      "name" : "Home",
      "type" : "home",
      "location" : {
        "lat" : 37.8651493645,
        "lon" : -122.282029798
      }
    },
    "lastUpdate" : "20140605T055655Z"
  }, {
    "type" : "place",
    "startTime" : "20140604T161200-0700",
    "endTime" : "20140604T171150-0700",
    "place" : {
      "id" : 72187887,
      "name" : "Home",
      "type" : "home",
      "location" : {
        "lat" : 37.8651493645,
        "lon" : -122.282029798
      }
    },
    "lastUpdate" : "20140605T055655Z"
  }, {
    "type" : "place",
    "startTime" : "20140604T171759-0700",
    "endTime" : "20140604T182208-0700",
    "place" : {
      "id" : 72753205,
      "name" : "Berkeley Bowl West",
      "type" : "foursquare",
      "foursquareId" : "4a2c53e1f964a5204d971fe3",
      "foursquareCategoryIds" : [ "4bf58dd8d48988d118951735" ],
      "location" : {
        "lat" : 37.85343161834265,
        "lon" : -122.2900965337171
      }
    },
    "lastUpdate" : "20140605T055722Z"
  }, {
    "type" : "place",
    "startTime" : "20140604T183033-0700",
    "endTime" : "20140605T103641-0700",
    "place" : {
      "id" : 72187887,
      "name" : "Home",
      "type" : "home",
      "location" : {
        "lat" : 37.8651493645,
        "lon" : -122.282029798
      }
    },
    "lastUpdate" : "20140605T184840Z"
  } ],
  "lastUpdate" : "20140605T184840Z"
}, {
  "date" : "20140605",
  "segments" : [ {
    "type" : "place",
    "startTime" : "20140604T183033-0700",
    "endTime" : "20140605T103641-0700",
    "place" : {
      "id" : 72187887,
      "name" : "Home",
      "type" : "home",
      "location" : {
        "lat" : 37.8651493645,
        "lon" : -122.282029798
      }
    },
    "lastUpdate" : "20140605T184840Z"
  }, {
    "type" : "place",
    "startTime" : "20140605T105001-0700",
    "endTime" : "20140605T105936-0700",
    "place" : {
      "id" : 72412230,
      "name" : "School of Information",
      "type" : "foursquare",
      "foursquareId" : "4f184661e4b0b34551aaa7cb",
      "foursquareCategoryIds" : [ "4bf58dd8d48988d19f941735" ],
      "location" : {
        "lat" : 37.87135752021174,
        "lon" : -122.2584125748343
      }
    },
    "lastUpdate" : "20140605T184840Z"
  }, {
    "type" : "place",
    "startTime" : "20140605T110323-0700",
    "endTime" : "20140605T123446-0700",
    "place" : {
      "id" : 72958759,
      "type" : "unknown",
      "location" : {
        "lat" : 37.8746003862,
        "lon" : -122.2587579188
      }
    },
    "lastUpdate" : "20140605T211901Z"
  }, {
    "type" : "place",
    "startTime" : "20140605T124040-0700",
    "endTime" : "20140605T140925-0700",
    "place" : {
      "id" : 72412230,
      "name" : "School of Information",
      "type" : "foursquare",
      "foursquareId" : "4f184661e4b0b34551aaa7cb",
      "foursquareCategoryIds" : [ "4bf58dd8d48988d19f941735" ],
      "location" : {
        "lat" : 37.87135752021174,
        "lon" : -122.2584125748343
      }
    },
    "lastUpdate" : "20140606T011125Z"
  }, {
    "type" : "place",
    "startTime" : "20140605T141730-0700",
    "endTime" : "20140605T155629-0700",
    "place" : {
      "id" : 72187887,
      "name" : "Home",
      "type" : "home",
      "location" : {
        "lat" : 37.8651493645,
        "lon" : -122.282029798
      }
    },
    "lastUpdate" : "20140606T011135Z"
  }, {
    "type" : "place",
    "startTime" : "20140605T170506-0700",
    "endTime" : "20140605T181106-0700",
    "place" : {
      "id" : 73056560,
      "type" : "unknown",
      "location" : {
        "lat" : 37.4640609873,
        "lon" : -122.1285669556
      }
    },
    "lastUpdate" : "20140606T065035Z"
  }, {
    "type" : "place",
    "startTime" : "20140605T192432-0700",
    "endTime" : "20140605T213359-0700",
    "place" : {
      "id" : 72187887,
      "name" : "Home",
      "type" : "home",
      "location" : {
        "lat" : 37.8651493645,
        "lon" : -122.282029798
      }
    },
    "lastUpdate" : "20140606T065039Z"
  }, {
    "type" : "place",
    "startTime" : "20140605T215331-0700",
    "endTime" : "20140606T003642-0700",
    "place" : {
      "id" : 73109797,
      "type" : "unknown",
      "location" : {
        "lat" : 37.870812308,
        "lon" : -122.2929270405
      }
    },
    "lastUpdate" : "20140606T155212Z"
  } ],
  "lastUpdate" : "20140606T155212Z"
}, {
  "date" : "20140606",
  "segments" : [ {
    "type" : "place",
    "startTime" : "20140605T215331-0700",
    "endTime" : "20140606T003642-0700",
    "place" : {
      "id" : 73109797,
      "type" : "unknown",
      "location" : {
        "lat" : 37.870812308,
        "lon" : -122.2929270405
      }
    },
    "lastUpdate" : "20140606T155212Z"
  }, {
    "type" : "place",
    "startTime" : "20140606T010024-0700",
    "endTime" : "20140606T085045-0700",
    "place" : {
      "id" : 72187887,
      "name" : "Home",
      "type" : "home",
      "location" : {
        "lat" : 37.8651493645,
        "lon" : -122.282029798
      }
    },
    "lastUpdate" : "20140606T190028Z"
  }, {
    "type" : "place",
    "startTime" : "20140606T091845-0700",
    "endTime" : "20140606T115832-0700",
    "place" : {
      "id" : 72958759,
      "type" : "unknown",
      "location" : {
        "lat" : 37.8746003862,
        "lon" : -122.2587579188
      }
    },
    "lastUpdate" : "20140607T022937Z"
  }, {
    "type" : "place",
    "startTime" : "20140606T123300-0700",
    "endTime" : "20140606T192739-0700",
    "place" : {
      "id" : 72187887,
      "name" : "Home",
      "type" : "home",
      "location" : {
        "lat" : 37.8651493645,
        "lon" : -122.282029798
      }
    },
    "lastUpdate" : "20140607T185333Z"
  }, {
    "type" : "place",
    "startTime" : "20140606T194059-0700",
    "endTime" : "20140606T211950-0700",
    "place" : {
      "id" : 73741012,
      "type" : "unknown",
      "location" : {
        "lat" : 37.8693516962,
        "lon" : -122.2624896863
      }
    },
    "lastUpdate" : "20140607T185335Z"
  }, {
    "type" : "place",
    "startTime" : "20140606T212815-0700",
    "endTime" : "20140607T115141-0700",
    "place" : {
      "id" : 72187887,
      "name" : "Home",
      "type" : "home",
      "location" : {
        "lat" : 37.8651493645,
        "lon" : -122.282029798
      }
    },
    "lastUpdate" : "20140608T022151Z"
  } ],
  "lastUpdate" : "20140608T022151Z"
}, {
  "date" : "20140607",
  "segments" : [ {
    "type" : "place",
    "startTime" : "20140606T212815-0700",
    "endTime" : "20140607T115141-0700",
    "place" : {
      "id" : 72187887,
      "name" : "Home",
      "type" : "home",
      "location" : {
        "lat" : 37.8651493645,
        "lon" : -122.282029798
      }
    },
    "lastUpdate" : "20140608T022151Z"
  }, {
    "type" : "place",
    "startTime" : "20140607T125403-0700",
    "endTime" : "20140607T130104-0700",
    "place" : {
      "id" : 73773566,
      "type" : "unknown",
      "location" : {
        "lat" : 37.7846127687,
        "lon" : -122.4071395759
      }
    },
    "lastUpdate" : "20140608T022151Z"
  }, {
    "type" : "place",
    "startTime" : "20140607T135353-0700",
    "endTime" : "20140607T143517-0700",
    "place" : {
      "id" : 73873625,
      "type" : "unknown",
      "location" : {
        "lat" : 37.7705862489,
        "lon" : -122.4828503099
      }
    },
    "lastUpdate" : "20140608T022154Z"
  }, {
    "type" : "place",
    "startTime" : "20140607T144037-0700",
    "endTime" : "20140607T181408-0700",
    "place" : {
      "id" : 73873675,
      "type" : "unknown",
      "location" : {
        "lat" : 37.7693260714,
        "lon" : -122.4861069042
      }
    },
    "lastUpdate" : "20140609T033608Z"
  }, {
    "type" : "place",
    "startTime" : "20140607T191631-0700",
    "endTime" : "20140607T192415-0700",
    "place" : {
      "id" : 73909251,
      "type" : "unknown",
      "location" : {
        "lat" : 37.7723603308,
        "lon" : -122.4894246704
      }
    },
    "lastUpdate" : "20140609T033608Z"
  }, {
    "type" : "place",
    "startTime" : "20140607T221758-0700",
    "endTime" : "20140608T002704-0700",
    "place" : {
      "id" : 72187887,
      "name" : "Home",
      "type" : "home",
      "location" : {
        "lat" : 37.8651493645,
        "lon" : -122.282029798
      }
    },
    "lastUpdate" : "20140609T194254Z"
  } ],
  "lastUpdate" : "20140609T194254Z"
}, {
  "date" : "20140608",
  "segments" : [ {
    "type" : "place",
    "startTime" : "20140607T221758-0700",
    "endTime" : "20140608T002704-0700",
    "place" : {
      "id" : 72187887,
      "name" : "Home",
      "type" : "home",
      "location" : {
        "lat" : 37.8651493645,
        "lon" : -122.282029798
      }
    },
    "lastUpdate" : "20140609T194254Z"
  }, {
    "type" : "place",
    "startTime" : "20140608T203709-0700",
    "endTime" : "20140609T083255-0700",
    "place" : {
      "id" : 72187887,
      "name" : "Home",
      "type" : "home",
      "location" : {
        "lat" : 37.8651493645,
        "lon" : -122.282029798
      }
    },
    "lastUpdate" : "20140609T194254Z"
  } ],
  "lastUpdate" : "20140609T194254Z"
}, {
  "date" : "20140609",
  "segments" : [ {
    "type" : "place",
    "startTime" : "20140608T203709-0700",
    "endTime" : "20140609T083255-0700",
    "place" : {
      "id" : 72187887,
      "name" : "Home",
      "type" : "home",
      "location" : {
        "lat" : 37.8651493645,
        "lon" : -122.282029798
      }
    },
    "lastUpdate" : "20140609T194254Z"
  }, {
    "type" : "place",
    "startTime" : "20140609T085405-0700",
    "endTime" : "20140609T123714-0700",
    "place" : {
      "id" : 74484878,
      "type" : "unknown",
      "location" : {
        "lat" : 37.8742685131,
        "lon" : -122.2586981009
      }
    },
    "lastUpdate" : "20140610T003714Z"
  }, {
    "type" : "place",
    "startTime" : "20140609T124239-0700",
    "endTime" : "20140609T143454-0700",
    "place" : {
      "id" : 72412230,
      "name" : "School of Information",
      "type" : "foursquare",
      "foursquareId" : "4f184661e4b0b34551aaa7cb",
      "foursquareCategoryIds" : [ "4bf58dd8d48988d19f941735" ],
      "location" : {
        "lat" : 37.87135752021174,
        "lon" : -122.2584125748343
      }
    },
    "lastUpdate" : "20140610T003716Z"
  }, {
    "type" : "place",
    "startTime" : "20140609T144702-0700",
    "endTime" : "20140609T154215-0700",
    "place" : {
      "id" : 72187887,
      "name" : "Home",
      "type" : "home",
      "location" : {
        "lat" : 37.8651493645,
        "lon" : -122.282029798
      }
    },
    "lastUpdate" : "20140610T003720Z"
  }, {
    "type" : "place",
    "startTime" : "20140609T163816-0700",
    "endTime" : "20140609T173422-0700",
    "place" : {
      "id" : 74821146,
      "name" : "Ravenswood Child Development Center",
      "type" : "foursquare",
      "foursquareId" : "4db87b111e7206c23d0924b2",
      "location" : {
        "lat" : 37.46093,
        "lon" : -122.1331
      }
    },
    "lastUpdate" : "20140610T213638Z"
  }, {
    "type" : "place",
    "startTime" : "20140609T173732-0700",
    "endTime" : "20140609T174226-0700",
    "place" : {
      "id" : 74563566,
      "type" : "unknown",
      "location" : {
        "lat" : 37.4629617072,
        "lon" : -122.1302079718
      }
    },
    "lastUpdate" : "20140610T190557Z"
  }, {
    "type" : "place",
    "startTime" : "20140609T184850-0700",
    "endTime" : "20140609T195220-0700",
    "place" : {
      "id" : 72187887,
      "name" : "Home",
      "type" : "home",
      "location" : {
        "lat" : 37.8651493645,
        "lon" : -122.282029798
      }
    },
    "lastUpdate" : "20140610T190557Z"
  }, {
    "type" : "place",
    "startTime" : "20140609T200151-0700",
    "endTime" : "20140609T215938-0700",
    "place" : {
      "id" : 72458029,
      "name" : "Recreational Sports Facility (RSF)",
      "type" : "foursquare",
      "foursquareId" : "4a68deb9f964a52028cb1fe3",
      "foursquareCategoryIds" : [ "4bf58dd8d48988d1b2941735" ],
      "location" : {
        "lat" : 37.8686826907337,
        "lon" : -122.262618027927
      }
    },
    "lastUpdate" : "20140610T190557Z"
  }, {
    "type" : "place",
    "startTime" : "20140609T221404-0700",
    "endTime" : "20140609T230127-0700",
    "place" : {
      "id" : 74821269,
      "name" : "Tuk Tuk Thai Cafe",
      "type" : "foursquare",
      "foursquareId" : "43334580f964a5200f281fe3",
      "foursquareCategoryIds" : [ "4bf58dd8d48988d149941735" ],
      "location" : {
        "lat" : 37.86449386303605,
        "lon" : -122.2677398582839
      }
    },
    "lastUpdate" : "20140610T213709Z"
  }, {
    "type" : "place",
    "startTime" : "20140609T230602-0700",
    "endTime" : "20140610T123650-0700",
    "place" : {
      "id" : 72187887,
      "name" : "Home",
      "type" : "home",
      "location" : {
        "lat" : 37.8651493645,
        "lon" : -122.282029798
      }
    },
    "lastUpdate" : "20140610T213437Z"
  } ],
  "lastUpdate" : "20140610T213709Z"
}, {
  "date" : "20140610",
  "segments" : [ {
    "type" : "place",
    "startTime" : "20140609T230602-0700",
    "endTime" : "20140610T123650-0700",
    "place" : {
      "id" : 72187887,
      "name" : "Home",
      "type" : "home",
      "location" : {
        "lat" : 37.8651493645,
        "lon" : -122.282029798
      }
    },
    "lastUpdate" : "20140610T213437Z"
  }, {
    "type" : "place",
    "startTime" : "20140610T124900-0700",
    "endTime" : "20140610T151726-0700",
    "place" : {
      "id" : 74820760,
      "name" : "Memorial Glade",
      "type" : "foursquare",
      "foursquareId" : "4b7485dcf964a520b8e12de3",
      "foursquareCategoryIds" : [ "4bf58dd8d48988d1aa941735" ],
      "location" : {
        "lat" : 37.87303846604494,
        "lon" : -122.2594095918372
      }
    },
    "lastUpdate" : "20140611T004232Z"
  }, {
    "type" : "place",
    "startTime" : "20140610T152024-0700",
    "endTime" : "20140610T152530-0700",
    "place" : {
      "id" : 72412230,
      "name" : "School of Information",
      "type" : "foursquare",
      "foursquareId" : "4f184661e4b0b34551aaa7cb",
      "foursquareCategoryIds" : [ "4bf58dd8d48988d19f941735" ],
      "location" : {
        "lat" : 37.87135752021174,
        "lon" : -122.2584125748343
      }
    },
    "lastUpdate" : "20140611T004232Z"
  }, {
    "type" : "place",
    "startTime" : "20140610T153403-0700",
    "endTime" : "20140610T173958-0700",
    "place" : {
      "id" : 73323513,
      "name" : "Sutardja Dai Hall - CITRIS Building",
      "type" : "foursquare",
      "foursquareId" : "4a68c693f964a520fcca1fe3",
      "foursquareCategoryIds" : [ "4bf58dd8d48988d19f941735" ],
      "location" : {
        "lat" : 37.87481528371463,
        "lon" : -122.2583994269371
      }
    },
    "lastUpdate" : "20140611T043122Z"
  }, {
    "type" : "place",
    "startTime" : "20140610T175046-0700",
    "endTime" : "20140610T175426-0700",
    "place" : {
      "id" : 74856193,
      "type" : "unknown",
      "location" : {
        "lat" : 37.8686860677,
        "lon" : -122.2590823391
      }
    },
    "lastUpdate" : "20140611T043100Z"
  }, {
    "type" : "place",
    "startTime" : "20140610T175922-0700",
    "endTime" : "20140610T203528-0700",
    "place" : {
      "id" : 74856197,
      "type" : "unknown",
      "location" : {
        "lat" : 37.8704821681,
        "lon" : -122.2585077862
      }
    },
    "lastUpdate" : "20140611T043104Z"
  }, {
    "type" : "place",
    "startTime" : "20140610T204244-0700",
    "endTime" : "20140611T102437-0700",
    "place" : {
      "id" : 72187887,
      "name" : "Home",
      "type" : "home",
      "location" : {
        "lat" : 37.8651493645,
        "lon" : -122.282029798
      }
    },
    "lastUpdate" : "20140611T203209Z"
  } ],
  "lastUpdate" : "20140611T203209Z"
}, {
  "date" : "20140611",
  "segments" : [ {
    "type" : "place",
    "startTime" : "20140610T204244-0700",
    "endTime" : "20140611T102437-0700",
    "place" : {
      "id" : 72187887,
      "name" : "Home",
      "type" : "home",
      "location" : {
        "lat" : 37.8651493645,
        "lon" : -122.282029798
      }
    },
    "lastUpdate" : "20140611T203209Z"
  }, {
    "type" : "place",
    "startTime" : "20140611T103400-0700",
    "endTime" : "20140611T132516-0700",
    "place" : {
      "id" : 73323513,
      "name" : "Sutardja Dai Hall - CITRIS Building",
      "type" : "foursquare",
      "foursquareId" : "4a68c693f964a520fcca1fe3",
      "foursquareCategoryIds" : [ "4bf58dd8d48988d19f941735" ],
      "location" : {
        "lat" : 37.87481528371463,
        "lon" : -122.2583994269371
      }
    },
    "lastUpdate" : "20140612T014753Z"
  }, {
    "type" : "place",
    "startTime" : "20140611T133140-0700",
    "endTime" : "20140611T184516-0700",
    "place" : {
      "id" : 72412230,
      "name" : "School of Information",
      "type" : "foursquare",
      "foursquareId" : "4f184661e4b0b34551aaa7cb",
      "foursquareCategoryIds" : [ "4bf58dd8d48988d19f941735" ],
      "location" : {
        "lat" : 37.87135752021174,
        "lon" : -122.2584125748343
      }
    },
    "lastUpdate" : "20140613T005602Z"
  }, {
    "type" : "place",
    "startTime" : "20140611T185455-0700",
    "endTime" : "20140611T190341-0700",
    "place" : {
      "id" : 72458029,
      "name" : "Recreational Sports Facility (RSF)",
      "type" : "foursquare",
      "foursquareId" : "4a68deb9f964a52028cb1fe3",
      "foursquareCategoryIds" : [ "4bf58dd8d48988d1b2941735" ],
      "location" : {
        "lat" : 37.8686826907337,
        "lon" : -122.262618027927
      }
    },
    "lastUpdate" : "20140613T005602Z"
  }, {
    "type" : "place",
    "startTime" : "20140611T223527-0700",
    "endTime" : "20140611T224720-0700",
    "place" : {
      "id" : 72187887,
      "name" : "Home",
      "type" : "home",
      "location" : {
        "lat" : 37.8651493645,
        "lon" : -122.282029798
      }
    },
    "lastUpdate" : "20140613T005602Z"
  } ],
  "lastUpdate" : "20140613T005602Z"
}, {
  "date" : "20140612",
  "segments" : [ {
    "type" : "place",
    "startTime" : "20140612T141714-0700",
    "endTime" : "20140612T153250-0700",
    "place" : {
      "id" : 72412230,
      "name" : "School of Information",
      "type" : "foursquare",
      "foursquareId" : "4f184661e4b0b34551aaa7cb",
      "foursquareCategoryIds" : [ "4bf58dd8d48988d19f941735" ],
      "location" : {
        "lat" : 37.87135752021174,
        "lon" : -122.2584125748343
      }
    },
    "lastUpdate" : "20140613T005604Z"
  }, {
    "type" : "place",
    "startTime" : "20140612T153914-0700",
    "endTime" : "20140612T175221-0700",
    "place" : {
      "id" : 73323513,
      "name" : "Sutardja Dai Hall - CITRIS Building",
      "type" : "foursquare",
      "foursquareId" : "4a68c693f964a520fcca1fe3",
      "foursquareCategoryIds" : [ "4bf58dd8d48988d19f941735" ],
      "location" : {
        "lat" : 37.87481528371463,
        "lon" : -122.2583994269371
      }
    },
    "lastUpdate" : "20140613T232722Z"
  }, {
    "type" : "place",
    "startTime" : "20140612T175947-0700",
    "endTime" : "20140612T181305-0700",
    "place" : {
      "id" : 72412230,
      "name" : "School of Information",
      "type" : "foursquare",
      "foursquareId" : "4f184661e4b0b34551aaa7cb",
      "foursquareCategoryIds" : [ "4bf58dd8d48988d19f941735" ],
      "location" : {
        "lat" : 37.87135752021174,
        "lon" : -122.2584125748343
      }
    },
    "lastUpdate" : "20140613T232722Z"
  }, {
    "type" : "place",
    "startTime" : "20140612T182827-0700",
    "endTime" : "20140613T085656-0700",
    "place" : {
      "id" : 72187887,
      "name" : "Home",
      "type" : "home",
      "location" : {
        "lat" : 37.8651493645,
        "lon" : -122.282029798
      }
    },
    "lastUpdate" : "20140613T232722Z"
  } ],
  "lastUpdate" : "20140613T232722Z"
}, {
  "date" : "20140613",
  "segments" : [ {
    "type" : "place",
    "startTime" : "20140612T182827-0700",
    "endTime" : "20140613T085656-0700",
    "place" : {
      "id" : 72187887,
      "name" : "Home",
      "type" : "home",
      "location" : {
        "lat" : 37.8651493645,
        "lon" : -122.282029798
      }
    },
    "lastUpdate" : "20140613T232722Z"
  }, {
    "type" : "place",
    "startTime" : "20140613T091216-0700",
    "endTime" : "20140613T104516-0700",
    "place" : {
      "id" : 73323513,
      "name" : "Sutardja Dai Hall - CITRIS Building",
      "type" : "foursquare",
      "foursquareId" : "4a68c693f964a520fcca1fe3",
      "foursquareCategoryIds" : [ "4bf58dd8d48988d19f941735" ],
      "location" : {
        "lat" : 37.87481528371463,
        "lon" : -122.2583994269371
      }
    },
    "lastUpdate" : "20140613T232722Z"
  }, {
    "type" : "place",
    "startTime" : "20140613T105504-0700",
    "endTime" : "20140613T112209-0700",
    "place" : {
      "id" : 72187887,
      "name" : "Home",
      "type" : "home",
      "location" : {
        "lat" : 37.8651493645,
        "lon" : -122.282029798
      }
    },
    "lastUpdate" : "20140613T232722Z"
  }, {
    "type" : "place",
    "startTime" : "20140613T120500-0700",
    "endTime" : "20140613T135352-0700",
    "place" : {
      "id" : 75828891,
      "type" : "unknown",
      "location" : {
        "lat" : 37.5637292876,
        "lon" : -122.3252240339
      }
    },
    "lastUpdate" : "20140613T232729Z"
  }, {
    "type" : "place",
    "startTime" : "20140613T140039-0700",
    "endTime" : "20140613T144603-0700",
    "place" : {
      "id" : 75828918,
      "type" : "unknown",
      "location" : {
        "lat" : 37.5652941153,
        "lon" : -122.3222786276
      }
    },
    "lastUpdate" : "20140613T232731Z"
  }, {
    "type" : "place",
    "startTime" : "20140613T150035-0700",
    "endTime" : "20140613T162448-0700",
    "place" : {
      "id" : 75869091,
      "type" : "unknown",
      "location" : {
        "lat" : 37.5504006563,
        "lon" : -122.3162247302
      }
    },
    "lastUpdate" : "20140614T024033Z"
  }, {
    "type" : "place",
    "startTime" : "20140613T162835-0700",
    "endTime" : "20140613T163921-0700",
    "place" : {
      "id" : 75869127,
      "type" : "unknown",
      "location" : {
        "lat" : 37.5504006563,
        "lon" : -122.3162247302
      }
    },
    "lastUpdate" : "20140614T024033Z"
  }, {
    "type" : "place",
    "startTime" : "20140613T173400-0700",
    "endTime" : "20140613T173652-0700",
    "place" : {
      "id" : 75869106,
      "type" : "unknown",
      "location" : {
        "lat" : 37.419920589,
        "lon" : -122.0957517532
      }
    },
    "lastUpdate" : "20140614T024033Z"
  }, {
    "type" : "place",
    "startTime" : "20140613T180749-0700",
    "endTime" : "20140613T184515-0700",
    "place" : {
      "id" : 75869123,
      "type" : "unknown",
      "location" : {
        "lat" : 37.4033396014,
        "lon" : -122.0854525385
      }
    },
    "lastUpdate" : "20140614T024042Z"
  }, {
    "type" : "place",
    "startTime" : "20140613T185033-0700",
    "endTime" : "20140613T192238-0700",
    "place" : {
      "id" : 75869156,
      "type" : "unknown",
      "location" : {
        "lat" : 37.3904241358,
        "lon" : -122.0948432734
      }
    },
    "lastUpdate" : "20140614T055024Z"
  }, {
    "type" : "place",
    "startTime" : "20140613T193036-0700",
    "endTime" : "20140613T205334-0700",
    "place" : {
      "id" : 75906258,
      "type" : "unknown",
      "location" : {
        "lat" : 37.3603739596,
        "lon" : -122.1242441011
      }
    },
    "lastUpdate" : "20140614T055043Z"
  }, {
    "type" : "place",
    "startTime" : "20140613T205937-0700",
    "endTime" : "20140613T214034-0700",
    "place" : {
      "id" : 75906258,
      "type" : "unknown",
      "location" : {
        "lat" : 37.3603739596,
        "lon" : -122.1242441011
      }
    },
    "lastUpdate" : "20140614T085437Z"
  }, {
    "type" : "place",
    "startTime" : "20140613T225016-0700",
    "endTime" : "20140614T084653-0700",
    "place" : {
      "id" : 75945996,
      "type" : "unknown",
      "location" : {
        "lat" : 36.9803702941,
        "lon" : -122.0603293345
      }
    },
    "lastUpdate" : "20140614T230256Z"
  } ],
  "lastUpdate" : "20140614T230256Z"
}, {
  "date" : "20140614",
  "segments" : [ {
    "type" : "place",
    "startTime" : "20140613T225016-0700",
    "endTime" : "20140614T084653-0700",
    "place" : {
      "id" : 75945996,
      "type" : "unknown",
      "location" : {
        "lat" : 36.9803702941,
        "lon" : -122.0603293345
      }
    },
    "lastUpdate" : "20140614T230256Z"
  }, {
    "type" : "place",
    "startTime" : "20140614T090619-0700",
    "endTime" : "20140614T185925-0700",
    "place" : {
      "id" : 76243205,
      "type" : "unknown",
      "location" : {
        "lat" : 36.9632505774,
        "lon" : -122.0219765901
      }
    },
    "lastUpdate" : "20140615T051041Z"
  }, {
    "type" : "place",
    "startTime" : "20140614T190237-0700",
    "endTime" : "20140614T190445-0700",
    "place" : {
      "id" : 76243205,
      "type" : "unknown",
      "location" : {
        "lat" : 36.9632505774,
        "lon" : -122.0219765901
      }
    },
    "lastUpdate" : "20140615T051041Z"
  }, {
    "type" : "place",
    "startTime" : "20140614T191013-0700",
    "endTime" : "20140614T191407-0700",
    "place" : {
      "id" : 76319845,
      "type" : "unknown",
      "location" : {
        "lat" : 36.9646420161,
        "lon" : -122.0202976457
      }
    },
    "lastUpdate" : "20140615T051041Z"
  }, {
    "type" : "place",
    "startTime" : "20140614T202223-0700",
    "endTime" : "20140614T215757-0700",
    "place" : {
      "id" : 76319846,
      "type" : "unknown",
      "location" : {
        "lat" : 36.9762826412,
        "lon" : -122.0269870647
      }
    },
    "lastUpdate" : "20140615T060600Z"
  }, {
    "type" : "place",
    "startTime" : "20140614T220112-0700",
    "endTime" : "20140614T224222-0700",
    "place" : {
      "id" : 76319924,
      "type" : "unknown",
      "location" : {
        "lat" : 36.9752194494,
        "lon" : -122.0280723422
      }
    },
    "lastUpdate" : "20140616T030739Z"
  }, {
    "type" : "place",
    "startTime" : "20140614T230556-0700",
    "endTime" : "20140614T231427-0700",
    "place" : {
      "id" : 76319924,
      "type" : "unknown",
      "location" : {
        "lat" : 36.9752194494,
        "lon" : -122.0280723422
      }
    },
    "lastUpdate" : "20140616T030739Z"
  }, {
    "type" : "place",
    "startTime" : "20140614T232136-0700",
    "endTime" : "20140614T233142-0700",
    "place" : {
      "id" : 76365356,
      "type" : "unknown",
      "location" : {
        "lat" : 36.9681430516,
        "lon" : -122.0505583313
      }
    },
    "lastUpdate" : "20140616T030739Z"
  } ],
  "lastUpdate" : "20140616T030739Z"
}, {
  "date" : "20140615",
  "segments" : [ {
    "type" : "place",
    "startTime" : "20140615T020218-0700",
    "endTime" : "20140615T021141-0700",
    "place" : {
      "id" : 75945996,
      "type" : "unknown",
      "location" : {
        "lat" : 36.9803702941,
        "lon" : -122.0603293345
      }
    },
    "lastUpdate" : "20140616T030739Z"
  }, {
    "type" : "place",
    "startTime" : "20140615T123145-0700",
    "endTime" : "20140615T125042-0700",
    "place" : {
      "id" : 76643430,
      "type" : "unknown",
      "location" : {
        "lat" : 36.9730839438,
        "lon" : -122.0272819505
      }
    },
    "lastUpdate" : "20140616T030741Z"
  }, {
    "type" : "place",
    "startTime" : "20140615T125817-0700",
    "endTime" : "20140615T151554-0700",
    "place" : {
      "id" : 76643435,
      "type" : "unknown",
      "location" : {
        "lat" : 36.9765270957,
        "lon" : -122.0272181019
      }
    },
    "lastUpdate" : "20140616T030743Z"
  }, {
    "type" : "place",
    "startTime" : "20140615T154806-0700",
    "endTime" : "20140615T212519-0700",
    "place" : {
      "id" : 76319846,
      "type" : "unknown",
      "location" : {
        "lat" : 36.9762826412,
        "lon" : -122.0269870647
      }
    },
    "lastUpdate" : "20140616T084444Z"
  }, {
    "type" : "place",
    "startTime" : "20140615T231238-0700",
    "endTime" : "20140616T001431-0700",
    "place" : {
      "id" : 72187887,
      "name" : "Home",
      "type" : "home",
      "location" : {
        "lat" : 37.8651493645,
        "lon" : -122.282029798
      }
    },
    "lastUpdate" : "20140617T021359Z"
  } ],
  "lastUpdate" : "20140617T021359Z"
}, {
  "date" : "20140616",
  "segments" : [ {
    "type" : "place",
    "startTime" : "20140615T231238-0700",
    "endTime" : "20140616T001431-0700",
    "place" : {
      "id" : 72187887,
      "name" : "Home",
      "type" : "home",
      "location" : {
        "lat" : 37.8651493645,
        "lon" : -122.282029798
      }
    },
    "lastUpdate" : "20140617T021359Z"
  }, {
    "type" : "place",
    "startTime" : "20140616T014531-0700",
    "endTime" : "20140616T015306-0700",
    "place" : {
      "id" : 72187887,
      "name" : "Home",
      "type" : "home",
      "location" : {
        "lat" : 37.8651493645,
        "lon" : -122.282029798
      }
    },
    "lastUpdate" : "20140617T021359Z"
  }, {
    "type" : "place",
    "startTime" : "20140616T163004-0700",
    "endTime" : "20140616T180807-0700",
    "place" : {
      "id" : 73056560,
      "type" : "unknown",
      "location" : {
        "lat" : 37.4640609873,
        "lon" : -122.1285669556
      }
    },
    "lastUpdate" : "20140617T092655Z"
  }, {
    "type" : "place",
    "startTime" : "20140616T191243-0700",
    "endTime" : "20140616T191508-0700",
    "place" : {
      "id" : 76934583,
      "type" : "unknown",
      "location" : {
        "lat" : 37.8675405347,
        "lon" : -122.2650438724
      }
    },
    "lastUpdate" : "20140617T092655Z"
  }, {
    "type" : "place",
    "startTime" : "20140616T191851-0700",
    "endTime" : "20140616T210327-0700",
    "place" : {
      "id" : 72458029,
      "name" : "Recreational Sports Facility (RSF)",
      "type" : "foursquare",
      "foursquareId" : "4a68deb9f964a52028cb1fe3",
      "foursquareCategoryIds" : [ "4bf58dd8d48988d1b2941735" ],
      "location" : {
        "lat" : 37.8686826907337,
        "lon" : -122.262618027927
      }
    },
    "lastUpdate" : "20140617T092702Z"
  }, {
    "type" : "place",
    "startTime" : "20140616T211537-0700",
    "endTime" : "20140616T213631-0700",
    "place" : {
      "id" : 76998232,
      "type" : "unknown",
      "location" : {
        "lat" : 37.8717346586,
        "lon" : -122.2731595893
      }
    },
    "lastUpdate" : "20140617T092708Z"
  }, {
    "type" : "place",
    "startTime" : "20140616T213950-0700",
    "endTime" : "20140617T151152-0700",
    "place" : {
      "id" : 72187887,
      "name" : "Home",
      "type" : "home",
      "location" : {
        "lat" : 37.8651493645,
        "lon" : -122.282029798
      }
    },
    "lastUpdate" : "20140618T065202Z"
  } ],
  "lastUpdate" : "20140618T065202Z"
}, {
  "date" : "20140617",
  "segments" : [ {
    "type" : "place",
    "startTime" : "20140616T213950-0700",
    "endTime" : "20140617T151152-0700",
    "place" : {
      "id" : 72187887,
      "name" : "Home",
      "type" : "home",
      "location" : {
        "lat" : 37.8651493645,
        "lon" : -122.282029798
      }
    },
    "lastUpdate" : "20140618T065202Z"
  }, {
    "type" : "place",
    "startTime" : "20140617T151729-0700",
    "endTime" : "20140617T170328-0700",
    "place" : {
      "id" : 77273249,
      "type" : "unknown",
      "location" : {
        "lat" : 37.8711963665,
        "lon" : -122.2688494703
      }
    },
    "lastUpdate" : "20140618T065205Z"
  }, {
    "type" : "place",
    "startTime" : "20140617T170652-0700",
    "endTime" : "20140617T233518-0700",
    "place" : {
      "id" : 77536892,
      "type" : "unknown",
      "location" : {
        "lat" : 37.8699151376,
        "lon" : -122.2672597573
      }
    },
    "lastUpdate" : "20140619T010922Z"
  }, {
    "type" : "place",
    "startTime" : "20140617T235158-0700",
    "endTime" : "20140618T180556-0700",
    "place" : {
      "id" : 72187887,
      "name" : "Home",
      "type" : "home",
      "location" : {
        "lat" : 37.8651493645,
        "lon" : -122.282029798
      }
    },
    "lastUpdate" : "20140619T050419Z"
  } ],
  "lastUpdate" : "20140619T050419Z"
}, {
  "date" : "20140618",
  "segments" : [ {
    "type" : "place",
    "startTime" : "20140617T235158-0700",
    "endTime" : "20140618T180556-0700",
    "place" : {
      "id" : 72187887,
      "name" : "Home",
      "type" : "home",
      "location" : {
        "lat" : 37.8651493645,
        "lon" : -122.282029798
      }
    },
    "lastUpdate" : "20140619T050419Z"
  }, {
    "type" : "place",
    "startTime" : "20140618T181814-0700",
    "endTime" : "20140618T211405-0700",
    "place" : {
      "id" : 77571787,
      "type" : "unknown",
      "location" : {
        "lat" : 37.8693466448,
        "lon" : -122.2620834554
      }
    },
    "lastUpdate" : "20140619T050421Z"
  }, {
    "type" : "place",
    "startTime" : "20140618T211656-0700",
    "endTime" : "20140618T212204-0700",
    "place" : {
      "id" : 77571789,
      "type" : "unknown",
      "location" : {
        "lat" : 37.8685642405,
        "lon" : -122.2604173632
      }
    },
    "lastUpdate" : "20140619T050421Z"
  }, {
    "type" : "place",
    "startTime" : "20140618T212746-0700",
    "endTime" : "20140618T215720-0700",
    "place" : {
      "id" : 77571790,
      "type" : "unknown",
      "location" : {
        "lat" : 37.8683408974,
        "lon" : -122.259185787
      }
    },
    "lastUpdate" : "20140619T163152Z"
  }, {
    "type" : "place",
    "startTime" : "20140618T220322-0700",
    "endTime" : "20140619T092926-0700",
    "place" : {
      "id" : 72187887,
      "name" : "Home",
      "type" : "home",
      "location" : {
        "lat" : 37.8651493645,
        "lon" : -122.282029798
      }
    },
    "lastUpdate" : "20140619T215052Z"
  } ],
  "lastUpdate" : "20140619T215052Z"
}, {
  "date" : "20140619",
  "segments" : [ {
    "type" : "place",
    "startTime" : "20140618T220322-0700",
    "endTime" : "20140619T092926-0700",
    "place" : {
      "id" : 72187887,
      "name" : "Home",
      "type" : "home",
      "location" : {
        "lat" : 37.8651493645,
        "lon" : -122.282029798
      }
    },
    "lastUpdate" : "20140619T215052Z"
  }, {
    "type" : "place",
    "startTime" : "20140619T093807-0700",
    "endTime" : "20140619T111726-0700",
    "place" : {
      "id" : 77817081,
      "type" : "unknown",
      "location" : {
        "lat" : 37.8712424585,
        "lon" : -122.2671398111
      }
    },
    "lastUpdate" : "20140619T215055Z"
  }, {
    "type" : "place",
    "startTime" : "20140619T112713-0700",
    "endTime" : "20140619T145804-0700",
    "place" : {
      "id" : 72412230,
      "name" : "School of Information",
      "type" : "foursquare",
      "foursquareId" : "4f184661e4b0b34551aaa7cb",
      "foursquareCategoryIds" : [ "4bf58dd8d48988d19f941735" ],
      "location" : {
        "lat" : 37.87135752021174,
        "lon" : -122.2584125748343
      }
    },
    "lastUpdate" : "20140620T001237Z"
  }, {
    "type" : "place",
    "startTime" : "20140619T150247-0700",
    "endTime" : "20140619T153830-0700",
    "place" : {
      "id" : 77843155,
      "name" : "Siemens Berkeley",
      "type" : "work",
      "location" : {
        "lat" : 37.8704362297,
        "lon" : -122.2662692272
      }
    },
    "lastUpdate" : "20140703T003709Z"
  }, {
    "type" : "place",
    "startTime" : "20140619T154232-0700",
    "endTime" : "20140619T170400-0700",
    "place" : {
      "id" : 77843144,
      "type" : "unknown",
      "location" : {
        "lat" : 37.8704544627,
        "lon" : -122.2665492027
      }
    },
    "lastUpdate" : "20140620T014006Z"
  }, {
    "type" : "place",
    "startTime" : "20140619T171119-0700",
    "endTime" : "20140619T174245-0700",
    "place" : {
      "id" : 72187887,
      "name" : "Home",
      "type" : "home",
      "location" : {
        "lat" : 37.8651493645,
        "lon" : -122.282029798
      }
    },
    "lastUpdate" : "20140620T045748Z"
  }, {
    "type" : "place",
    "startTime" : "20140619T180125-0700",
    "endTime" : "20140619T181037-0700",
    "place" : {
      "id" : 77857497,
      "type" : "unknown",
      "location" : {
        "lat" : 37.8286088259,
        "lon" : -122.2673142227
      }
    },
    "lastUpdate" : "20140620T045748Z"
  }, {
    "type" : "place",
    "startTime" : "20140619T182647-0700",
    "endTime" : "20140619T183018-0700",
    "place" : {
      "id" : 77857500,
      "type" : "unknown",
      "location" : {
        "lat" : 37.7536472526,
        "lon" : -122.1968811684
      }
    },
    "lastUpdate" : "20140620T045748Z"
  }, {
    "type" : "place",
    "startTime" : "20140619T183732-0700",
    "endTime" : "20140619T220301-0700",
    "place" : {
      "id" : 77857501,
      "type" : "unknown",
      "location" : {
        "lat" : 37.7523909901,
        "lon" : -122.199755007
      }
    },
    "lastUpdate" : "20140622T010040Z"
  }, {
    "type" : "place",
    "startTime" : "20140619T220744-0700",
    "endTime" : "20140619T222214-0700",
    "place" : {
      "id" : 78453431,
      "type" : "unknown",
      "location" : {
        "lat" : 37.754121949,
        "lon" : -122.1976710534
      }
    },
    "lastUpdate" : "20140622T010041Z"
  }, {
    "type" : "place",
    "startTime" : "20140619T225843-0700",
    "endTime" : "20140619T230220-0700",
    "place" : {
      "id" : 72187887,
      "name" : "Home",
      "type" : "home",
      "location" : {
        "lat" : 37.8651493645,
        "lon" : -122.282029798
      }
    },
    "lastUpdate" : "20140622T010041Z"
  } ],
  "lastUpdate" : "20140703T003709Z"
}, {
  "date" : "20140621",
  "segments" : [ {
    "type" : "place",
    "startTime" : "20140621T093051-0700",
    "endTime" : "20140621T180027-0700",
    "place" : {
      "id" : 72187887,
      "name" : "Home",
      "type" : "home",
      "location" : {
        "lat" : 37.8651493645,
        "lon" : -122.282029798
      }
    },
    "lastUpdate" : "20140622T113759Z"
  }, {
    "type" : "place",
    "startTime" : "20140621T190458-0700",
    "endTime" : "20140621T233310-0700",
    "place" : {
      "id" : 78697246,
      "type" : "unknown",
      "location" : {
        "lat" : 37.3926010971,
        "lon" : -122.0115597468
      }
    },
    "lastUpdate" : "20140622T113804Z"
  } ],
  "lastUpdate" : "20140622T113804Z"
}, {
  "date" : "20140622",
  "segments" : [ {
    "type" : "place",
    "startTime" : "20140622T004135-0700",
    "endTime" : "20140622T043644-0700",
    "place" : {
      "id" : 78750498,
      "type" : "unknown",
      "location" : {
        "lat" : 37.8751118147,
        "lon" : -122.2650858427
      }
    },
    "lastUpdate" : "20140623T024219Z"
  }, {
    "type" : "place",
    "startTime" : "20140622T044953-0700",
    "endTime" : "20140622T195129-0700",
    "place" : {
      "id" : 72187887,
      "name" : "Home",
      "type" : "home",
      "location" : {
        "lat" : 37.8651493645,
        "lon" : -122.282029798
      }
    },
    "lastUpdate" : "20140623T190017Z"
  }, {
    "type" : "place",
    "startTime" : "20140622T201456-0700",
    "endTime" : "20140622T201725-0700",
    "place" : {
      "id" : 78997599,
      "type" : "unknown",
      "location" : {
        "lat" : 37.8606990375,
        "lon" : -122.3167579105
      }
    },
    "lastUpdate" : "20140623T190017Z"
  }, {
    "type" : "place",
    "startTime" : "20140622T210554-0700",
    "endTime" : "20140622T211434-0700",
    "place" : {
      "id" : 72187887,
      "name" : "Home",
      "type" : "home",
      "location" : {
        "lat" : 37.8651493645,
        "lon" : -122.282029798
      }
    },
    "lastUpdate" : "20140623T190018Z"
  } ],
  "lastUpdate" : "20140623T190018Z"
}, {
  "date" : "20140623",
  "segments" : [ {
    "type" : "place",
    "startTime" : "20140623T002638-0700",
    "endTime" : "20140623T195407-0700",
    "place" : {
      "id" : 72187887,
      "name" : "Home",
      "type" : "home",
      "location" : {
        "lat" : 37.8651493645,
        "lon" : -122.282029798
      }
    },
    "lastUpdate" : "20140624T070129Z"
  }, {
    "type" : "place",
    "startTime" : "20140623T200107-0700",
    "endTime" : "20140623T220054-0700",
    "place" : {
      "id" : 79326869,
      "type" : "unknown",
      "location" : {
        "lat" : 37.8682806478,
        "lon" : -122.2633484756
      }
    },
    "lastUpdate" : "20140624T070135Z"
  }, {
    "type" : "place",
    "startTime" : "20140623T221121-0700",
    "endTime" : "20140623T225511-0700",
    "place" : {
      "id" : 79326896,
      "type" : "unknown",
      "location" : {
        "lat" : 37.8682496604,
        "lon" : -122.2581981938
      }
    },
    "lastUpdate" : "20140624T070138Z"
  }, {
    "type" : "place",
    "startTime" : "20140623T230501-0700",
    "endTime" : "20140623T230720-0700",
    "place" : {
      "id" : 79326897,
      "type" : "unknown",
      "location" : {
        "lat" : 37.866895011,
        "lon" : -122.2657204197
      }
    },
    "lastUpdate" : "20140624T070138Z"
  }, {
    "type" : "place",
    "startTime" : "20140623T231329-0700",
    "endTime" : "20140623T235639-0700",
    "place" : {
      "id" : 77843155,
      "name" : "Siemens Berkeley",
      "type" : "work",
      "location" : {
        "lat" : 37.8704362297,
        "lon" : -122.2662692272
      }
    },
    "lastUpdate" : "20140703T003709Z"
  } ],
  "lastUpdate" : "20140703T003709Z"
}, {
  "date" : "20140624",
  "segments" : [ {
    "type" : "place",
    "startTime" : "20140624T000422-0700",
    "endTime" : "20140624T084247-0700",
    "place" : {
      "id" : 72187887,
      "name" : "Home",
      "type" : "home",
      "location" : {
        "lat" : 37.8651493645,
        "lon" : -122.282029798
      }
    },
    "lastUpdate" : "20140624T201714Z"
  }, {
    "type" : "place",
    "startTime" : "20140624T090420-0700",
    "endTime" : "20140624T105116-0700",
    "place" : {
      "id" : 73323513,
      "name" : "Sutardja Dai Hall - CITRIS Building",
      "type" : "foursquare",
      "foursquareId" : "4a68c693f964a520fcca1fe3",
      "foursquareCategoryIds" : [ "4bf58dd8d48988d19f941735" ],
      "location" : {
        "lat" : 37.87481528371463,
        "lon" : -122.2583994269371
      }
    },
    "lastUpdate" : "20140624T201717Z"
  }, {
    "type" : "place",
    "startTime" : "20140624T105435-0700",
    "endTime" : "20140624T121338-0700",
    "place" : {
      "id" : 79528940,
      "type" : "unknown",
      "location" : {
        "lat" : 37.8729939627,
        "lon" : -122.258653389
      }
    },
    "lastUpdate" : "20140624T201720Z"
  }, {
    "type" : "place",
    "startTime" : "20140624T121906-0700",
    "endTime" : "20140624T130933-0700",
    "place" : {
      "id" : 79599502,
      "type" : "unknown",
      "location" : {
        "lat" : 37.8736376027,
        "lon" : -122.2687092934
      }
    },
    "lastUpdate" : "20140625T025438Z"
  }, {
    "type" : "place",
    "startTime" : "20140624T131651-0700",
    "endTime" : "20140624T195429-0700",
    "place" : {
      "id" : 72187887,
      "name" : "Home",
      "type" : "home",
      "location" : {
        "lat" : 37.8651493645,
        "lon" : -122.282029798
      }
    },
    "lastUpdate" : "20140625T093500Z"
  }, {
    "type" : "place",
    "startTime" : "20140624T204410-0700",
    "endTime" : "20140624T210540-0700",
    "place" : {
      "id" : 79647501,
      "type" : "unknown",
      "location" : {
        "lat" : 37.4032050638,
        "lon" : -122.0791090625
      }
    },
    "lastUpdate" : "20140625T093502Z"
  }, {
    "type" : "place",
    "startTime" : "20140624T211501-0700",
    "endTime" : "20140625T000120-0700",
    "place" : {
      "id" : 75869123,
      "type" : "unknown",
      "location" : {
        "lat" : 37.4033396014,
        "lon" : -122.0854525385
      }
    },
    "lastUpdate" : "20140625T093513Z"
  } ],
  "lastUpdate" : "20140625T093513Z"
}, {
  "date" : "20140625",
  "segments" : [ {
    "type" : "place",
    "startTime" : "20140624T211501-0700",
    "endTime" : "20140625T000120-0700",
    "place" : {
      "id" : 75869123,
      "type" : "unknown",
      "location" : {
        "lat" : 37.4033396014,
        "lon" : -122.0854525385
      }
    },
    "lastUpdate" : "20140625T093513Z"
  }, {
    "type" : "place",
    "startTime" : "20140625T010856-0700",
    "endTime" : "20140625T165951-0700",
    "place" : {
      "id" : 72187887,
      "name" : "Home",
      "type" : "home",
      "location" : {
        "lat" : 37.8651493645,
        "lon" : -122.282029798
      }
    },
    "lastUpdate" : "20140626T031608Z"
  }, {
    "type" : "place",
    "startTime" : "20140625T170807-0700",
    "endTime" : "20140625T171916-0700",
    "place" : {
      "id" : 76998232,
      "type" : "unknown",
      "location" : {
        "lat" : 37.8717346586,
        "lon" : -122.2731595893
      }
    },
    "lastUpdate" : "20140626T031608Z"
  }, {
    "type" : "place",
    "startTime" : "20140625T172509-0700",
    "endTime" : "20140626T082559-0700",
    "place" : {
      "id" : 72187887,
      "name" : "Home",
      "type" : "home",
      "location" : {
        "lat" : 37.8651493645,
        "lon" : -122.282029798
      }
    },
    "lastUpdate" : "20140626T231857Z"
  } ],
  "lastUpdate" : "20140626T231857Z"
}, {
  "date" : "20140626",
  "segments" : [ {
    "type" : "place",
    "startTime" : "20140625T172509-0700",
    "endTime" : "20140626T082559-0700",
    "place" : {
      "id" : 72187887,
      "name" : "Home",
      "type" : "home",
      "location" : {
        "lat" : 37.8651493645,
        "lon" : -122.282029798
      }
    },
    "lastUpdate" : "20140626T231857Z"
  }, {
    "type" : "place",
    "startTime" : "20140626T095140-0700",
    "endTime" : "20140626T144535-0700",
    "place" : {
      "id" : 80239940,
      "type" : "unknown",
      "location" : {
        "lat" : 37.40300648,
        "lon" : -122.0855962362
      }
    },
    "lastUpdate" : "20140627T023447Z"
  }, {
    "type" : "place",
    "startTime" : "20140626T161957-0700",
    "endTime" : "20140626T172442-0700",
    "place" : {
      "id" : 80239947,
      "type" : "unknown",
      "location" : {
        "lat" : 37.8712960974,
        "lon" : -122.2685174344
      }
    },
    "lastUpdate" : "20140627T023450Z"
  }, {
    "type" : "place",
    "startTime" : "20140626T173326-0700",
    "endTime" : "20140626T192558-0700",
    "place" : {
      "id" : 72187887,
      "name" : "Home",
      "type" : "home",
      "location" : {
        "lat" : 37.8651493645,
        "lon" : -122.282029798
      }
    },
    "lastUpdate" : "20140627T162307Z"
  }, {
    "type" : "place",
    "startTime" : "20140626T193337-0700",
    "endTime" : "20140626T194828-0700",
    "place" : {
      "id" : 72412230,
      "name" : "School of Information",
      "type" : "foursquare",
      "foursquareId" : "4f184661e4b0b34551aaa7cb",
      "foursquareCategoryIds" : [ "4bf58dd8d48988d19f941735" ],
      "location" : {
        "lat" : 37.87135752021174,
        "lon" : -122.2584125748343
      }
    },
    "lastUpdate" : "20140627T162307Z"
  }, {
    "type" : "place",
    "startTime" : "20140626T195419-0700",
    "endTime" : "20140626T213213-0700",
    "place" : {
      "id" : 77571787,
      "type" : "unknown",
      "location" : {
        "lat" : 37.8693466448,
        "lon" : -122.2620834554
      }
    },
    "lastUpdate" : "20140627T162310Z"
  }, {
    "type" : "place",
    "startTime" : "20140626T223228-0700",
    "endTime" : "20140627T102642-0700",
    "place" : {
      "id" : 75869123,
      "type" : "unknown",
      "location" : {
        "lat" : 37.4033396014,
        "lon" : -122.0854525385
      }
    },
    "lastUpdate" : "20140627T205317Z"
  } ],
  "lastUpdate" : "20140627T205317Z"
}, {
  "date" : "20140627",
  "segments" : [ {
    "type" : "place",
    "startTime" : "20140626T223228-0700",
    "endTime" : "20140627T102642-0700",
    "place" : {
      "id" : 75869123,
      "type" : "unknown",
      "location" : {
        "lat" : 37.4033396014,
        "lon" : -122.0854525385
      }
    },
    "lastUpdate" : "20140627T205317Z"
  }, {
    "type" : "place",
    "startTime" : "20140627T104203-0700",
    "endTime" : "20140627T124225-0700",
    "place" : {
      "id" : 80523391,
      "type" : "unknown",
      "location" : {
        "lat" : 37.4398523503,
        "lon" : -122.1614046654
      }
    },
    "lastUpdate" : "20140627T205319Z"
  }, {
    "type" : "place",
    "startTime" : "20140627T124821-0700",
    "endTime" : "20140627T135235-0700",
    "place" : {
      "id" : 80523405,
      "type" : "unknown",
      "location" : {
        "lat" : 37.4279476099,
        "lon" : -122.1448239382
      }
    },
    "lastUpdate" : "20140628T040715Z"
  }, {
    "type" : "place",
    "startTime" : "20140627T140521-0700",
    "endTime" : "20140627T154230-0700",
    "place" : {
      "id" : 80622727,
      "type" : "unknown",
      "location" : {
        "lat" : 37.3916893714,
        "lon" : -122.0946349615
      }
    },
    "lastUpdate" : "20140628T040717Z"
  }, {
    "type" : "place",
    "startTime" : "20140627T155910-0700",
    "endTime" : "20140627T174838-0700",
    "place" : {
      "id" : 80239940,
      "type" : "unknown",
      "location" : {
        "lat" : 37.40300648,
        "lon" : -122.0855962362
      }
    },
    "lastUpdate" : "20140628T040720Z"
  }, {
    "type" : "place",
    "startTime" : "20140627T180459-0700",
    "endTime" : "20140627T210240-0700",
    "place" : {
      "id" : 80659942,
      "type" : "unknown",
      "location" : {
        "lat" : 37.4452840534,
        "lon" : -122.164071541
      }
    },
    "lastUpdate" : "20140628T223547Z"
  }, {
    "type" : "place",
    "startTime" : "20140627T210719-0700",
    "endTime" : "20140627T211713-0700",
    "place" : {
      "id" : 80659943,
      "type" : "unknown",
      "location" : {
        "lat" : 37.4437291259,
        "lon" : -122.1615855569
      }
    },
    "lastUpdate" : "20140628T223547Z"
  } ],
  "lastUpdate" : "20140628T223547Z"
}, {
  "date" : "20140628",
  "segments" : [ {
    "type" : "place",
    "startTime" : "20140628T012646-0700",
    "endTime" : "20140628T153517-0700",
    "place" : {
      "id" : 72187887,
      "name" : "Home",
      "type" : "home",
      "location" : {
        "lat" : 37.8651493645,
        "lon" : -122.282029798
      }
    },
    "lastUpdate" : "20140629T080924Z"
  }, {
    "type" : "place",
    "startTime" : "20140628T163026-0700",
    "endTime" : "20140629T160533-0700",
    "place" : {
      "id" : 81375678,
      "name" : "Home",
      "type" : "home",
      "location" : {
        "lat" : 37.403213609,
        "lon" : -122.0854344467
      }
    },
    "lastUpdate" : "20140703T200713Z"
  } ],
  "lastUpdate" : "20140703T200713Z"
}, {
  "date" : "20140629",
  "segments" : [ {
    "type" : "place",
    "startTime" : "20140628T163026-0700",
    "endTime" : "20140629T160533-0700",
    "place" : {
      "id" : 81375678,
      "name" : "Home",
      "type" : "home",
      "location" : {
        "lat" : 37.403213609,
        "lon" : -122.0854344467
      }
    },
    "lastUpdate" : "20140703T200713Z"
  }, {
    "type" : "place",
    "startTime" : "20140629T162213-0700",
    "endTime" : "20140629T163113-0700",
    "place" : {
      "id" : 81645822,
      "type" : "unknown",
      "location" : {
        "lat" : 37.403213609,
        "lon" : -122.0854344467
      }
    },
    "lastUpdate" : "20140630T234810Z"
  }, {
    "type" : "place",
    "startTime" : "20140629T165051-0700",
    "endTime" : "20140629T173133-0700",
    "place" : {
      "id" : 81375679,
      "type" : "unknown",
      "location" : {
        "lat" : 37.4209035824,
        "lon" : -122.0958944795
      }
    },
    "lastUpdate" : "20140630T234817Z"
  }, {
    "type" : "place",
    "startTime" : "20140629T181408-0700",
    "endTime" : "20140629T184931-0700",
    "place" : {
      "id" : 81645854,
      "type" : "unknown",
      "location" : {
        "lat" : 37.8570077158,
        "lon" : -122.2674757688
      }
    },
    "lastUpdate" : "20140630T234822Z"
  }, {
    "type" : "place",
    "startTime" : "20140629T190701-0700",
    "endTime" : "20140630T164648-0700",
    "place" : {
      "id" : 72187887,
      "name" : "Home",
      "type" : "home",
      "location" : {
        "lat" : 37.8651493645,
        "lon" : -122.282029798
      }
    },
    "lastUpdate" : "20140701T030057Z"
  } ],
  "lastUpdate" : "20140703T200713Z"
}, {
  "date" : "20140630",
  "segments" : [ {
    "type" : "place",
    "startTime" : "20140629T190701-0700",
    "endTime" : "20140630T164648-0700",
    "place" : {
      "id" : 72187887,
      "name" : "Home",
      "type" : "home",
      "location" : {
        "lat" : 37.8651493645,
        "lon" : -122.282029798
      }
    },
    "lastUpdate" : "20140701T030057Z"
  }, {
    "type" : "place",
    "startTime" : "20140630T165929-0700",
    "endTime" : "20140630T193829-0700",
    "place" : {
      "id" : 81674498,
      "type" : "unknown",
      "location" : {
        "lat" : 37.8737944085,
        "lon" : -122.2588509546
      }
    },
    "lastUpdate" : "20140701T205229Z"
  }, {
    "type" : "place",
    "startTime" : "20140630T195549-0700",
    "endTime" : "20140630T220105-0700",
    "place" : {
      "id" : 72458029,
      "name" : "Recreational Sports Facility (RSF)",
      "type" : "foursquare",
      "foursquareId" : "4a68deb9f964a52028cb1fe3",
      "foursquareCategoryIds" : [ "4bf58dd8d48988d1b2941735" ],
      "location" : {
        "lat" : 37.8686826907337,
        "lon" : -122.262618027927
      }
    },
    "lastUpdate" : "20140701T205232Z"
  }, {
    "type" : "place",
    "startTime" : "20140630T220531-0700",
    "endTime" : "20140701T135126-0700",
    "place" : {
      "id" : 72187887,
      "name" : "Home",
      "type" : "home",
      "location" : {
        "lat" : 37.8651493645,
        "lon" : -122.282029798
      }
    },
    "lastUpdate" : "20140701T222316Z"
  } ],
  "lastUpdate" : "20140701T222316Z"
} ]