[ {
  "date" : "20140623",
  "summary" : [ {
    "activity" : "cycling",
    "group" : "cycling",
    "duration" : 420.0,
    "distance" : 2050.0
  }, {
    "activity" : "walking",
    "group" : "walking",
    "duration" : 1899.0,
    "distance" : 2016.0,
    "steps" : 2573
  }, {
    "activity" : "transport",
    "group" : "transport",
    "duration" : 201.0,
    "distance" : 1461.0
  } ],
  "segments" : [ {
    "type" : "move",
    "startTime" : "20140623T195407-0700",
    "endTime" : "20140623T200107-0700",
    "activities" : [ {
      "activity" : "cycling",
      "group" : "cycling",
      "manual" : false,
      "startTime" : "20140623T195407-0700",
      "endTime" : "20140623T200107-0700",
      "duration" : 420.0,
      "distance" : 2050.0
    } ],
    "lastUpdate" : "20140624T070129Z"
  }, {
    "type" : "place",
    "startTime" : "20140623T200107-0700",
    "endTime" : "20140623T220054-0700",
    "activities" : [ {
      "activity" : "walking",
      "group" : "walking",
      "manual" : false,
      "startTime" : "20140623T200107-0700",
      "endTime" : "20140623T200420-0700",
      "duration" : 193.0,
      "distance" : 155.0,
      "steps" : 206
    }, {
      "activity" : "walking",
      "group" : "walking",
      "manual" : false,
      "startTime" : "20140623T213934-0700",
      "endTime" : "20140623T214034-0700",
      "duration" : 60.0,
      "distance" : 46.0,
      "steps" : 92
    } ],
    "lastUpdate" : "20140624T070135Z"
  }, {
    "type" : "move",
    "startTime" : "20140623T220054-0700",
    "endTime" : "20140623T221121-0700",
    "activities" : [ {
      "activity" : "walking",
      "group" : "walking",
      "manual" : false,
      "startTime" : "20140623T220054-0700",
      "endTime" : "20140623T221121-0700",
      "duration" : 627.0,
      "distance" : 589.0,
      "steps" : 690
    } ],
    "lastUpdate" : "20140624T070135Z"
  }, {
    "type" : "place",
    "startTime" : "20140623T221121-0700",
    "endTime" : "20140623T225511-0700",
    "activities" : [ {
      "activity" : "walking",
      "group" : "walking",
      "manual" : false,
      "startTime" : "20140623T221648-0700",
      "endTime" : "20140623T221748-0700",
      "duration" : 60.0,
      "distance" : 30.0,
      "steps" : 61
    } ],
    "lastUpdate" : "20140624T070138Z"
  }, {
    "type" : "move",
    "startTime" : "20140623T225511-0700",
    "endTime" : "20140623T230501-0700",
    "activities" : [ {
      "activity" : "walking",
      "group" : "walking",
      "manual" : false,
      "startTime" : "20140623T225511-0700",
      "endTime" : "20140623T230501-0700",
      "duration" : 590.0,
      "distance" : 744.0,
      "steps" : 981
    } ],
    "lastUpdate" : "20140624T070138Z"
  }, {
    "type" : "move",
    "startTime" : "20140623T230720-0700",
    "endTime" : "20140623T231329-0700",
    "activities" : [ {
      "activity" : "walking",
      "group" : "walking",
      "manual" : false,
      "startTime" : "20140623T230720-0700",
      "endTime" : "20140623T231329-0700",
      "duration" : 369.0,
      "distance" : 452.0,
      "steps" : 543
    } ],
    "lastUpdate" : "20140624T070138Z"
  }, {
    "type" : "move",
    "startTime" : "20140623T235639-0700",
    "endTime" : "20140624T000421-0700",
    "activities" : [ {
      "activity" : "transport",
      "group" : "transport",
      "manual" : false,
      "startTime" : "20140623T235639-0700",
      "endTime" : "20140624T000000-0700",
      "duration" : 201.0,
      "distance" : 1461.0
    } ],
    "lastUpdate" : "20140624T154406Z"
  } ],
  "lastUpdate" : "20140703T003709Z"
}, {
  "date" : "20140624",
  "summary" : [ {
    "activity" : "walking",
    "group" : "walking",
    "duration" : 1514.0,
    "distance" : 1475.0,
    "steps" : 1621
  }, {
    "activity" : "transport",
    "group" : "transport",
    "duration" : 3630.0,
    "distance" : 87597.0
  }, {
    "activity" : "cycling",
    "group" : "cycling",
    "duration" : 1309.0,
    "distance" : 5065.0
  } ],
  "segments" : [ {
    "type" : "move",
    "startTime" : "20140623T235639-0700",
    "endTime" : "20140624T000421-0700",
    "activities" : [ {
      "activity" : "transport",
      "group" : "transport",
      "manual" : false,
      "startTime" : "20140624T000000-0700",
      "endTime" : "20140624T000128-0700",
      "duration" : 88.0,
      "distance" : 378.0
    }, {
      "activity" : "walking",
      "group" : "walking",
      "manual" : false,
      "startTime" : "20140624T000127-0700",
      "endTime" : "20140624T000421-0700",
      "duration" : 174.0,
      "distance" : 87.0,
      "steps" : 98
    } ],
    "lastUpdate" : "20140624T154406Z"
  }, {
    "type" : "place",
    "startTime" : "20140624T000422-0700",
    "endTime" : "20140624T084247-0700",
    "activities" : [ {
      "activity" : "walking",
      "group" : "walking",
      "manual" : false,
      "startTime" : "20140624T000527-0700",
      "endTime" : "20140624T000557-0700",
      "duration" : 30.0,
      "distance" : 21.0,
      "steps" : 41
    } ],
    "lastUpdate" : "20140624T201714Z"
  }, {
    "type" : "move",
    "startTime" : "20140624T084247-0700",
    "endTime" : "20140624T090420-0700",
    "activities" : [ {
      "activity" : "cycling",
      "group" : "cycling",
      "manual" : false,
      "startTime" : "20140624T084247-0700",
      "endTime" : "20140624T085150-0700",
      "duration" : 543.0,
      "distance" : 1865.0
    }, {
      "activity" : "walking",
      "group" : "walking",
      "manual" : false,
      "startTime" : "20140624T085150-0700",
      "endTime" : "20140624T090421-0700",
      "duration" : 751.0,
      "distance" : 786.0,
      "steps" : 822
    } ],
    "lastUpdate" : "20140624T201714Z"
  }, {
    "type" : "place",
    "startTime" : "20140624T090420-0700",
    "endTime" : "20140624T105116-0700",
    "activities" : [ {
      "activity" : "walking",
      "group" : "walking",
      "manual" : false,
      "startTime" : "20140624T090619-0700",
      "endTime" : "20140624T090649-0700",
      "duration" : 30.0,
      "distance" : 31.0,
      "steps" : 61
    } ],
    "lastUpdate" : "20140624T201717Z"
  }, {
    "type" : "move",
    "startTime" : "20140624T105116-0700",
    "endTime" : "20140624T105435-0700",
    "activities" : [ {
      "activity" : "walking",
      "group" : "walking",
      "manual" : false,
      "startTime" : "20140624T105116-0700",
      "endTime" : "20140624T105435-0700",
      "duration" : 199.0,
      "distance" : 244.0,
      "steps" : 204
    } ],
    "lastUpdate" : "20140624T201717Z"
  }, {
    "type" : "place",
    "startTime" : "20140624T105435-0700",
    "endTime" : "20140624T121338-0700",
    "activities" : [ {
      "activity" : "walking",
      "group" : "walking",
      "manual" : false,
      "startTime" : "20140624T110005-0700",
      "endTime" : "20140624T110035-0700",
      "duration" : 30.0,
      "distance" : 15.0,
      "steps" : 30
    } ],
    "lastUpdate" : "20140624T201720Z"
  }, {
    "type" : "move",
    "startTime" : "20140624T121338-0700",
    "endTime" : "20140624T121906-0700",
    "activities" : [ {
      "activity" : "cycling",
      "group" : "cycling",
      "manual" : false,
      "startTime" : "20140624T121338-0700",
      "endTime" : "20140624T121906-0700",
      "duration" : 328.0,
      "distance" : 1214.0
    } ],
    "lastUpdate" : "20140624T201720Z"
  }, {
    "type" : "place",
    "startTime" : "20140624T121906-0700",
    "endTime" : "20140624T130933-0700",
    "activities" : [ {
      "activity" : "walking",
      "group" : "walking",
      "manual" : false,
      "startTime" : "20140624T121940-0700",
      "endTime" : "20140624T122010-0700",
      "duration" : 30.0,
      "distance" : 41.0,
      "steps" : 81
    } ],
    "lastUpdate" : "20140625T025438Z"
  }, {
    "type" : "move",
    "startTime" : "20140624T130933-0700",
    "endTime" : "20140624T131651-0700",
    "activities" : [ {
      "activity" : "cycling",
      "group" : "cycling",
      "manual" : false,
      "startTime" : "20140624T130933-0700",
      "endTime" : "20140624T131651-0700",
      "duration" : 438.0,
      "distance" : 1986.0
    } ],
    "lastUpdate" : "20140625T025438Z"
  }, {
    "type" : "place",
    "startTime" : "20140624T131651-0700",
    "endTime" : "20140624T195429-0700",
    "activities" : [ {
      "activity" : "walking",
      "group" : "walking",
      "manual" : false,
      "startTime" : "20140624T131718-0700",
      "endTime" : "20140624T131948-0700",
      "duration" : 150.0,
      "distance" : 113.0,
      "steps" : 101
    } ],
    "lastUpdate" : "20140625T093500Z"
  }, {
    "type" : "move",
    "startTime" : "20140624T195429-0700",
    "endTime" : "20140624T204410-0700",
    "activities" : [ {
      "activity" : "transport",
      "group" : "transport",
      "manual" : false,
      "startTime" : "20140624T195429-0700",
      "endTime" : "20140624T204410-0700",
      "duration" : 2981.0,
      "distance" : 86574.0
    } ],
    "lastUpdate" : "20140625T093500Z"
  }, {
    "type" : "place",
    "startTime" : "20140624T204410-0700",
    "endTime" : "20140624T210540-0700",
    "activities" : [ {
      "activity" : "walking",
      "group" : "walking",
      "manual" : false,
      "startTime" : "20140624T204426-0700",
      "endTime" : "20140624T204626-0700",
      "duration" : 120.0,
      "distance" : 137.0,
      "steps" : 183
    } ],
    "lastUpdate" : "20140625T093502Z"
  }, {
    "type" : "move",
    "startTime" : "20140624T210540-0700",
    "endTime" : "20140624T211501-0700",
    "activities" : [ {
      "activity" : "transport",
      "group" : "transport",
      "manual" : false,
      "startTime" : "20140624T210540-0700",
      "endTime" : "20140624T211501-0700",
      "duration" : 561.0,
      "distance" : 645.0
    } ],
    "lastUpdate" : "20140625T093502Z"
  } ],
  "lastUpdate" : "20140625T093513Z"
}, {
  "date" : "20140625",
  "summary" : [ {
    "activity" : "transport",
    "group" : "transport",
    "duration" : 4651.0,
    "distance" : 85632.0
  }, {
    "activity" : "walking",
    "group" : "walking",
    "duration" : 376.0,
    "distance" : 303.0,
    "steps" : 524
  } ],
  "segments" : [ {
    "type" : "move",
    "startTime" : "20140625T000120-0700",
    "endTime" : "20140625T010856-0700",
    "activities" : [ {
      "activity" : "transport",
      "group" : "transport",
      "manual" : false,
      "startTime" : "20140625T000120-0700",
      "endTime" : "20140625T010856-0700",
      "duration" : 4056.0,
      "distance" : 82863.0
    } ],
    "lastUpdate" : "20140625T093513Z"
  }, {
    "type" : "place",
    "startTime" : "20140625T010856-0700",
    "endTime" : "20140625T165951-0700",
    "activities" : [ {
      "activity" : "walking",
      "group" : "walking",
      "manual" : false,
      "startTime" : "20140625T011825-0700",
      "endTime" : "20140625T011855-0700",
      "duration" : 30.0,
      "distance" : 15.0,
      "steps" : 20
    } ],
    "lastUpdate" : "20140626T031608Z"
  }, {
    "type" : "move",
    "startTime" : "20140625T165951-0700",
    "endTime" : "20140625T170807-0700",
    "activities" : [ {
      "activity" : "transport",
      "group" : "transport",
      "manual" : false,
      "startTime" : "20140625T165951-0700",
      "endTime" : "20140625T170352-0700",
      "duration" : 241.0,
      "distance" : 1258.0
    }, {
      "activity" : "walking",
      "group" : "walking",
      "manual" : false,
      "startTime" : "20140625T170351-0700",
      "endTime" : "20140625T170807-0700",
      "duration" : 256.0,
      "distance" : 222.0,
      "steps" : 371
    } ],
    "lastUpdate" : "20140626T031608Z"
  }, {
    "type" : "place",
    "startTime" : "20140625T170807-0700",
    "endTime" : "20140625T171916-0700",
    "activities" : [ {
      "activity" : "walking",
      "group" : "walking",
      "manual" : false,
      "startTime" : "20140625T171222-0700",
      "endTime" : "20140625T171252-0700",
      "duration" : 30.0,
      "distance" : 20.0,
      "steps" : 41
    } ],
    "lastUpdate" : "20140626T031608Z"
  }, {
    "type" : "move",
    "startTime" : "20140625T171916-0700",
    "endTime" : "20140625T172509-0700",
    "activities" : [ {
      "activity" : "transport",
      "group" : "transport",
      "manual" : false,
      "startTime" : "20140625T171916-0700",
      "endTime" : "20140625T172510-0700",
      "duration" : 354.0,
      "distance" : 1511.0
    } ],
    "lastUpdate" : "20140626T031608Z"
  }, {
    "type" : "place",
    "startTime" : "20140625T172509-0700",
    "endTime" : "20140626T082559-0700",
    "activities" : [ {
      "activity" : "walking",
      "group" : "walking",
      "manual" : false,
      "startTime" : "20140625T172540-0700",
      "endTime" : "20140625T172640-0700",
      "duration" : 60.0,
      "distance" : 46.0,
      "steps" : 92
    } ],
    "lastUpdate" : "20140626T231857Z"
  } ],
  "lastUpdate" : "20140626T231857Z"
}, {
  "date" : "20140626",
  "summary" : [ {
    "activity" : "transport",
    "group" : "transport",
    "duration" : 15170.0,
    "distance" : 284956.0
  }, {
    "activity" : "walking",
    "group" : "walking",
    "duration" : 667.0,
    "distance" : 730.0,
    "steps" : 1017
  } ],
  "segments" : [ {
    "type" : "move",
    "startTime" : "20140626T082559-0700",
    "endTime" : "20140626T095100-0700",
    "activities" : [ {
      "activity" : "transport",
      "group" : "transport",
      "manual" : false,
      "startTime" : "20140626T082559-0700",
      "endTime" : "20140626T095100-0700",
      "duration" : 5101.0,
      "distance" : 104358.0
    } ],
    "lastUpdate" : "20140626T231857Z"
  }, {
    "type" : "place",
    "startTime" : "20140626T095140-0700",
    "endTime" : "20140626T144535-0700",
    "activities" : [ {
      "activity" : "walking",
      "group" : "walking",
      "manual" : false,
      "startTime" : "20140626T095204-0700",
      "endTime" : "20140626T095234-0700",
      "duration" : 30.0,
      "distance" : 31.0,
      "steps" : 61
    } ],
    "lastUpdate" : "20140627T023447Z"
  }, {
    "type" : "move",
    "startTime" : "20140626T144535-0700",
    "endTime" : "20140626T161956-0700",
    "activities" : [ {
      "activity" : "transport",
      "group" : "transport",
      "manual" : false,
      "startTime" : "20140626T144535-0700",
      "endTime" : "20140626T161646-0700",
      "duration" : 5471.0,
      "distance" : 84484.0
    }, {
      "activity" : "walking",
      "group" : "walking",
      "manual" : false,
      "startTime" : "20140626T161646-0700",
      "endTime" : "20140626T161957-0700",
      "duration" : 191.0,
      "distance" : 117.0,
      "steps" : 183
    } ],
    "lastUpdate" : "20140627T023447Z"
  }, {
    "type" : "move",
    "startTime" : "20140626T172442-0700",
    "endTime" : "20140626T173326-0700",
    "activities" : [ {
      "activity" : "transport",
      "group" : "transport",
      "manual" : false,
      "startTime" : "20140626T172442-0700",
      "endTime" : "20140626T173326-0700",
      "duration" : 524.0,
      "distance" : 2449.0
    } ],
    "lastUpdate" : "20140627T023450Z"
  }, {
    "type" : "move",
    "startTime" : "20140626T192558-0700",
    "endTime" : "20140626T193337-0700",
    "activities" : [ {
      "activity" : "transport",
      "group" : "transport",
      "manual" : false,
      "startTime" : "20140626T192558-0700",
      "endTime" : "20140626T193337-0700",
      "duration" : 459.0,
      "distance" : 3223.0
    } ],
    "lastUpdate" : "20140627T162307Z"
  }, {
    "type" : "place",
    "startTime" : "20140626T193337-0700",
    "endTime" : "20140626T194828-0700",
    "activities" : [ {
      "activity" : "walking",
      "group" : "walking",
      "manual" : false,
      "startTime" : "20140626T193423-0700",
      "endTime" : "20140626T193526-0700",
      "duration" : 63.0,
      "distance" : 48.0,
      "steps" : 97
    } ],
    "lastUpdate" : "20140627T162307Z"
  }, {
    "type" : "move",
    "startTime" : "20140626T194828-0700",
    "endTime" : "20140626T195419-0700",
    "activities" : [ {
      "activity" : "walking",
      "group" : "walking",
      "manual" : false,
      "startTime" : "20140626T194828-0700",
      "endTime" : "20140626T195420-0700",
      "duration" : 352.0,
      "distance" : 502.0,
      "steps" : 613
    } ],
    "lastUpdate" : "20140627T162307Z"
  }, {
    "type" : "place",
    "startTime" : "20140626T195419-0700",
    "endTime" : "20140626T213213-0700",
    "activities" : [ {
      "activity" : "walking",
      "group" : "walking",
      "manual" : false,
      "startTime" : "20140626T213212-0700",
      "endTime" : "20140626T213213-0700",
      "duration" : 1.0,
      "distance" : 1.0,
      "steps" : 2
    } ],
    "lastUpdate" : "20140627T162310Z"
  }, {
    "type" : "move",
    "startTime" : "20140626T213213-0700",
    "endTime" : "20140626T223228-0700",
    "activities" : [ {
      "activity" : "transport",
      "group" : "transport",
      "manual" : false,
      "startTime" : "20140626T213213-0700",
      "endTime" : "20140626T223228-0700",
      "duration" : 3615.0,
      "distance" : 90442.0
    } ],
    "lastUpdate" : "20140627T162310Z"
  }, {
    "type" : "place",
    "startTime" : "20140626T223228-0700",
    "endTime" : "20140627T102642-0700",
    "activities" : [ {
      "activity" : "walking",
      "group" : "walking",
      "manual" : false,
      "startTime" : "20140626T223347-0700",
      "endTime" : "20140626T223417-0700",
      "duration" : 30.0,
      "distance" : 31.0,
      "steps" : 61
    } ],
    "lastUpdate" : "20140627T205317Z"
  } ],
  "lastUpdate" : "20140627T205317Z"
}, {
  "date" : "20140627",
  "summary" : [ {
    "activity" : "transport",
    "group" : "transport",
    "duration" : 4023.0,
    "distance" : 32776.0
  }, {
    "activity" : "walking",
    "group" : "walking",
    "duration" : 699.0,
    "distance" : 727.0,
    "steps" : 1033
  } ],
  "segments" : [ {
    "type" : "move",
    "startTime" : "20140627T102642-0700",
    "endTime" : "20140627T104202-0700",
    "activities" : [ {
      "activity" : "transport",
      "group" : "transport",
      "manual" : false,
      "startTime" : "20140627T102642-0700",
      "endTime" : "20140627T104202-0700",
      "duration" : 920.0,
      "distance" : 10609.0
    } ],
    "lastUpdate" : "20140627T205317Z"
  }, {
    "type" : "place",
    "startTime" : "20140627T104203-0700",
    "endTime" : "20140627T124225-0700",
    "activities" : [ {
      "activity" : "walking",
      "group" : "walking",
      "manual" : false,
      "startTime" : "20140627T104351-0700",
      "endTime" : "20140627T104721-0700",
      "duration" : 210.0,
      "distance" : 228.0,
      "steps" : 305
    } ],
    "lastUpdate" : "20140627T205319Z"
  }, {
    "type" : "move",
    "startTime" : "20140627T124225-0700",
    "endTime" : "20140627T124821-0700",
    "activities" : [ {
      "activity" : "transport",
      "group" : "transport",
      "manual" : false,
      "startTime" : "20140627T124225-0700",
      "endTime" : "20140627T124820-0700",
      "duration" : 355.0,
      "distance" : 2357.0
    } ],
    "lastUpdate" : "20140627T205319Z"
  }, {
    "type" : "place",
    "startTime" : "20140627T124821-0700",
    "endTime" : "20140627T135235-0700",
    "activities" : [ {
      "activity" : "walking",
      "group" : "walking",
      "manual" : false,
      "startTime" : "20140627T124917-0700",
      "endTime" : "20140627T125047-0700",
      "duration" : 90.0,
      "distance" : 91.0,
      "steps" : 183
    } ],
    "lastUpdate" : "20140628T040715Z"
  }, {
    "type" : "move",
    "startTime" : "20140627T135235-0700",
    "endTime" : "20140627T140521-0700",
    "activities" : [ {
      "activity" : "transport",
      "group" : "transport",
      "manual" : false,
      "startTime" : "20140627T135235-0700",
      "endTime" : "20140627T140522-0700",
      "duration" : 767.0,
      "distance" : 7842.0
    } ],
    "lastUpdate" : "20140628T040715Z"
  }, {
    "type" : "move",
    "startTime" : "20140627T154230-0700",
    "endTime" : "20140627T155910-0700",
    "activities" : [ {
      "activity" : "transport",
      "group" : "transport",
      "manual" : false,
      "startTime" : "20140627T154230-0700",
      "endTime" : "20140627T155910-0700",
      "duration" : 1000.0,
      "distance" : 1758.0
    } ],
    "lastUpdate" : "20140628T040717Z"
  }, {
    "type" : "move",
    "startTime" : "20140627T174838-0700",
    "endTime" : "20140627T180459-0700",
    "activities" : [ {
      "activity" : "transport",
      "group" : "transport",
      "manual" : false,
      "startTime" : "20140627T174838-0700",
      "endTime" : "20140627T180459-0700",
      "duration" : 981.0,
      "distance" : 10210.0
    } ],
    "lastUpdate" : "20140628T040720Z"
  }, {
    "type" : "place",
    "startTime" : "20140627T180459-0700",
    "endTime" : "20140627T210240-0700",
    "activities" : [ {
      "activity" : "walking",
      "group" : "walking",
      "manual" : false,
      "startTime" : "20140627T180919-0700",
      "endTime" : "20140627T181019-0700",
      "duration" : 60.0,
      "distance" : 41.0,
      "steps" : 81
    } ],
    "lastUpdate" : "20140628T223547Z"
  }, {
    "type" : "move",
    "startTime" : "20140627T210240-0700",
    "endTime" : "20140627T210719-0700",
    "activities" : [ {
      "activity" : "walking",
      "group" : "walking",
      "manual" : false,
      "startTime" : "20140627T210240-0700",
      "endTime" : "20140627T210719-0700",
      "duration" : 279.0,
      "distance" : 321.0,
      "steps" : 373
    } ],
    "lastUpdate" : "20140628T223547Z"
  }, {
    "type" : "place",
    "startTime" : "20140627T210719-0700",
    "endTime" : "20140627T211713-0700",
    "activities" : [ {
      "activity" : "walking",
      "group" : "walking",
      "manual" : false,
      "startTime" : "20140627T211027-0700",
      "endTime" : "20140627T211127-0700",
      "duration" : 60.0,
      "distance" : 46.0,
      "steps" : 91
    } ],
    "lastUpdate" : "20140628T223547Z"
  } ],
  "lastUpdate" : "20140628T223547Z"
}, {
  "date" : "20140628",
  "summary" : [ {
    "activity" : "walking",
    "group" : "walking",
    "duration" : 313.0,
    "distance" : 289.0,
    "steps" : 498
  }, {
    "activity" : "transport",
    "group" : "transport",
    "duration" : 7108.0,
    "distance" : 156962.0
  } ],
  "segments" : [ {
    "type" : "move",
    "startTime" : "20140628T001901-0700",
    "endTime" : "20140628T012631-0700",
    "activities" : [ {
      "activity" : "walking",
      "group" : "walking",
      "manual" : false,
      "startTime" : "20140628T001901-0700",
      "endTime" : "20140628T002314-0700",
      "duration" : 253.0,
      "distance" : 244.0,
      "steps" : 407
    }, {
      "activity" : "transport",
      "group" : "transport",
      "manual" : false,
      "startTime" : "20140628T002314-0700",
      "endTime" : "20140628T012632-0700",
      "duration" : 3798.0,
      "distance" : 71135.0
    } ],
    "lastUpdate" : "20140628T223547Z"
  }, {
    "type" : "move",
    "startTime" : "20140628T153517-0700",
    "endTime" : "20140628T163026-0700",
    "activities" : [ {
      "activity" : "transport",
      "group" : "transport",
      "manual" : false,
      "startTime" : "20140628T153517-0700",
      "endTime" : "20140628T163027-0700",
      "duration" : 3310.0,
      "distance" : 85827.0
    } ],
    "lastUpdate" : "20140629T080924Z"
  }, {
    "type" : "place",
    "startTime" : "20140628T163026-0700",
    "endTime" : "20140629T160533-0700",
    "activities" : [ {
      "activity" : "walking",
      "group" : "walking",
      "manual" : false,
      "startTime" : "20140628T163106-0700",
      "endTime" : "20140628T163136-0700",
      "duration" : 30.0,
      "distance" : 30.0,
      "steps" : 61
    }, {
      "activity" : "walking",
      "group" : "walking",
      "manual" : false,
      "startTime" : "20140628T211955-0700",
      "endTime" : "20140628T212025-0700",
      "duration" : 30.0,
      "distance" : 15.0,
      "steps" : 30
    } ],
    "lastUpdate" : "20140703T200713Z"
  } ],
  "lastUpdate" : "20140703T200713Z"
}, {
  "date" : "20140629",
  "summary" : [ {
    "activity" : "transport",
    "group" : "transport",
    "duration" : 4477.0,
    "distance" : 76553.0
  }, {
    "activity" : "walking",
    "group" : "walking",
    "duration" : 1816.0,
    "distance" : 2042.0,
    "steps" : 2249
  } ],
  "segments" : [ {
    "type" : "move",
    "startTime" : "20140629T160533-0700",
    "endTime" : "20140629T162213-0700",
    "activities" : [ {
      "activity" : "transport",
      "group" : "transport",
      "manual" : false,
      "startTime" : "20140629T160533-0700",
      "endTime" : "20140629T162213-0700",
      "duration" : 1000.0,
      "distance" : 1338.0
    } ],
    "lastUpdate" : "20140630T234810Z"
  }, {
    "type" : "move",
    "startTime" : "20140629T163113-0700",
    "endTime" : "20140629T165051-0700",
    "activities" : [ {
      "activity" : "transport",
      "group" : "transport",
      "manual" : false,
      "startTime" : "20140629T163113-0700",
      "endTime" : "20140629T164635-0700",
      "duration" : 922.0,
      "distance" : 5577.0
    }, {
      "activity" : "walking",
      "group" : "walking",
      "manual" : false,
      "startTime" : "20140629T164635-0700",
      "endTime" : "20140629T165051-0700",
      "duration" : 256.0,
      "distance" : 235.0,
      "steps" : 376
    } ],
    "lastUpdate" : "20140630T234810Z"
  }, {
    "type" : "place",
    "startTime" : "20140629T165051-0700",
    "endTime" : "20140629T173133-0700",
    "activities" : [ {
      "activity" : "walking",
      "group" : "walking",
      "manual" : false,
      "startTime" : "20140629T165505-0700",
      "endTime" : "20140629T165705-0700",
      "duration" : 120.0,
      "distance" : 144.0,
      "steps" : 192
    }, {
      "activity" : "walking",
      "group" : "walking",
      "manual" : false,
      "startTime" : "20140629T170006-0700",
      "endTime" : "20140629T170036-0700",
      "duration" : 30.0,
      "distance" : 20.0,
      "steps" : 41
    } ],
    "lastUpdate" : "20140630T234817Z"
  }, {
    "type" : "move",
    "startTime" : "20140629T173133-0700",
    "endTime" : "20140629T181408-0700",
    "activities" : [ {
      "activity" : "transport",
      "group" : "transport",
      "manual" : false,
      "startTime" : "20140629T173133-0700",
      "endTime" : "20140629T181408-0700",
      "duration" : 2555.0,
      "distance" : 69638.0
    } ],
    "lastUpdate" : "20140630T234817Z"
  }, {
    "type" : "place",
    "startTime" : "20140629T181408-0700",
    "endTime" : "20140629T184931-0700",
    "activities" : [ {
      "activity" : "walking",
      "group" : "walking",
      "manual" : false,
      "startTime" : "20140629T181550-0700",
      "endTime" : "20140629T181850-0700",
      "duration" : 180.0,
      "distance" : 251.0,
      "steps" : 335
    } ],
    "lastUpdate" : "20140630T234822Z"
  }, {
    "type" : "move",
    "startTime" : "20140629T184931-0700",
    "endTime" : "20140629T190701-0700",
    "activities" : [ {
      "activity" : "walking",
      "group" : "walking",
      "manual" : false,
      "startTime" : "20140629T184931-0700",
      "endTime" : "20140629T190701-0700",
      "duration" : 1050.0,
      "distance" : 1260.0,
      "steps" : 1049
    } ],
    "lastUpdate" : "20140630T234822Z"
  }, {
    "type" : "place",
    "startTime" : "20140629T190701-0700",
    "endTime" : "20140630T164648-0700",
    "activities" : [ {
      "activity" : "walking",
      "group" : "walking",
      "manual" : false,
      "startTime" : "20140629T190701-0700",
      "endTime" : "20140629T190831-0700",
      "duration" : 90.0,
      "distance" : 77.0,
      "steps" : 155
    }, {
      "activity" : "walking",
      "group" : "walking",
      "manual" : false,
      "startTime" : "20140629T203623-0700",
      "endTime" : "20140629T203653-0700",
      "duration" : 30.0,
      "distance" : 25.0,
      "steps" : 51
    }, {
      "activity" : "walking",
      "group" : "walking",
      "manual" : false,
      "startTime" : "20140629T211222-0700",
      "endTime" : "20140629T211322-0700",
      "duration" : 60.0,
      "distance" : 30.0,
      "steps" : 50
    } ],
    "lastUpdate" : "20140701T030057Z"
  } ],
  "lastUpdate" : "20140703T200713Z"
} ]