[ {
  "date" : "20140609",
  "summary" : [ {
    "activity" : "cycling",
    "group" : "cycling",
    "duration" : 1954.0,
    "distance" : 7636.0
  }, {
    "activity" : "walking",
    "group" : "walking",
    "duration" : 2179.0,
    "distance" : 2306.0,
    "steps" : 2987
  }, {
    "activity" : "transport",
    "group" : "transport",
    "duration" : 8037.0,
    "distance" : 135333.0
  } ],
  "segments" : [ {
    "type" : "move",
    "startTime" : "20140609T083255-0700",
    "endTime" : "20140609T085405-0700",
    "activities" : [ {
      "activity" : "cycling",
      "group" : "cycling",
      "manual" : false,
      "startTime" : "20140609T083255-0700",
      "endTime" : "20140609T084351-0700",
      "duration" : 656.0,
      "distance" : 2574.0
    }, {
      "activity" : "walking",
      "group" : "walking",
      "manual" : false,
      "startTime" : "20140609T084351-0700",
      "endTime" : "20140609T084709-0700",
      "duration" : 198.0,
      "distance" : 235.0,
      "steps" : 316
    }, {
      "activity" : "transport",
      "group" : "transport",
      "manual" : false,
      "startTime" : "20140609T084709-0700",
      "endTime" : "20140609T085405-0700",
      "duration" : 416.0,
      "distance" : 375.0
    } ],
    "lastUpdate" : "20140609T194254Z"
  }, {
    "type" : "place",
    "startTime" : "20140609T085405-0700",
    "endTime" : "20140609T123714-0700",
    "activities" : [ {
      "activity" : "walking",
      "group" : "walking",
      "manual" : false,
      "startTime" : "20140609T085447-0700",
      "endTime" : "20140609T085829-0700",
      "duration" : 222.0,
      "distance" : 220.0,
      "steps" : 294
    }, {
      "activity" : "walking",
      "group" : "walking",
      "manual" : false,
      "startTime" : "20140609T090000-0700",
      "endTime" : "20140609T090018-0700",
      "duration" : 18.0,
      "distance" : 11.0,
      "steps" : 21
    } ],
    "lastUpdate" : "20140610T003714Z"
  }, {
    "type" : "move",
    "startTime" : "20140609T123714-0700",
    "endTime" : "20140609T124239-0700",
    "activities" : [ {
      "activity" : "walking",
      "group" : "walking",
      "manual" : false,
      "startTime" : "20140609T123714-0700",
      "endTime" : "20140609T124239-0700",
      "duration" : 325.0,
      "distance" : 373.0,
      "steps" : 433
    } ],
    "lastUpdate" : "20140610T003714Z"
  }, {
    "type" : "place",
    "startTime" : "20140609T124239-0700",
    "endTime" : "20140609T143454-0700",
    "activities" : [ {
      "activity" : "walking",
      "group" : "walking",
      "manual" : false,
      "startTime" : "20140609T124325-0700",
      "endTime" : "20140609T124425-0700",
      "duration" : 60.0,
      "distance" : 46.0,
      "steps" : 91
    } ],
    "lastUpdate" : "20140610T003716Z"
  }, {
    "type" : "move",
    "startTime" : "20140609T143454-0700",
    "endTime" : "20140609T144702-0700",
    "activities" : [ {
      "activity" : "cycling",
      "group" : "cycling",
      "manual" : false,
      "startTime" : "20140609T143454-0700",
      "endTime" : "20140609T144701-0700",
      "duration" : 727.0,
      "distance" : 2912.0
    } ],
    "lastUpdate" : "20140610T003716Z"
  }, {
    "type" : "move",
    "startTime" : "20140609T154215-0700",
    "endTime" : "20140609T163816-0700",
    "activities" : [ {
      "activity" : "transport",
      "group" : "transport",
      "manual" : false,
      "startTime" : "20140609T154215-0700",
      "endTime" : "20140609T163817-0700",
      "duration" : 3362.0,
      "distance" : 65067.0
    } ],
    "lastUpdate" : "20140610T003720Z"
  }, {
    "type" : "place",
    "startTime" : "20140609T163816-0700",
    "endTime" : "20140609T173422-0700",
    "activities" : [ {
      "activity" : "walking",
      "group" : "walking",
      "manual" : false,
      "startTime" : "20140609T164416-0700",
      "endTime" : "20140609T164446-0700",
      "duration" : 30.0,
      "distance" : 21.0,
      "steps" : 41
    } ],
    "lastUpdate" : "20140610T213638Z"
  }, {
    "type" : "move",
    "startTime" : "20140609T173422-0700",
    "endTime" : "20140609T173732-0700",
    "activities" : [ {
      "activity" : "walking",
      "group" : "walking",
      "manual" : false,
      "startTime" : "20140609T173422-0700",
      "endTime" : "20140609T173732-0700",
      "duration" : 190.0,
      "distance" : 218.0,
      "steps" : 253
    } ],
    "lastUpdate" : "20140610T190557Z"
  }, {
    "type" : "move",
    "startTime" : "20140609T174226-0700",
    "endTime" : "20140609T184850-0700",
    "activities" : [ {
      "activity" : "transport",
      "group" : "transport",
      "manual" : false,
      "startTime" : "20140609T174226-0700",
      "endTime" : "20140609T184851-0700",
      "duration" : 3985.0,
      "distance" : 68329.0
    } ],
    "lastUpdate" : "20140610T190557Z"
  }, {
    "type" : "place",
    "startTime" : "20140609T184850-0700",
    "endTime" : "20140609T195220-0700",
    "activities" : [ {
      "activity" : "walking",
      "group" : "walking",
      "manual" : false,
      "startTime" : "20140609T185100-0700",
      "endTime" : "20140609T185200-0700",
      "duration" : 60.0,
      "distance" : 46.0,
      "steps" : 92
    } ],
    "lastUpdate" : "20140610T190557Z"
  }, {
    "type" : "move",
    "startTime" : "20140609T195220-0700",
    "endTime" : "20140609T200151-0700",
    "activities" : [ {
      "activity" : "cycling",
      "group" : "cycling",
      "manual" : false,
      "startTime" : "20140609T195220-0700",
      "endTime" : "20140609T200151-0700",
      "duration" : 571.0,
      "distance" : 2150.0
    } ],
    "lastUpdate" : "20140610T190557Z"
  }, {
    "type" : "place",
    "startTime" : "20140609T200151-0700",
    "endTime" : "20140609T215938-0700",
    "activities" : [ {
      "activity" : "walking",
      "group" : "walking",
      "manual" : false,
      "startTime" : "20140609T200220-0700",
      "endTime" : "20140609T200520-0700",
      "duration" : 180.0,
      "distance" : 213.0,
      "steps" : 285
    } ],
    "lastUpdate" : "20140610T190557Z"
  }, {
    "type" : "move",
    "startTime" : "20140609T215938-0700",
    "endTime" : "20140609T221404-0700",
    "activities" : [ {
      "activity" : "walking",
      "group" : "walking",
      "manual" : false,
      "startTime" : "20140609T215938-0700",
      "endTime" : "20140609T221404-0700",
      "duration" : 866.0,
      "distance" : 903.0,
      "steps" : 1120
    } ],
    "lastUpdate" : "20140610T190557Z"
  }, {
    "type" : "move",
    "startTime" : "20140609T230127-0700",
    "endTime" : "20140609T230602-0700",
    "activities" : [ {
      "activity" : "transport",
      "group" : "transport",
      "manual" : false,
      "startTime" : "20140609T230127-0700",
      "endTime" : "20140609T230601-0700",
      "duration" : 274.0,
      "distance" : 1562.0
    } ],
    "lastUpdate" : "20140610T190558Z"
  }, {
    "type" : "place",
    "startTime" : "20140609T230602-0700",
    "endTime" : "20140610T123650-0700",
    "activities" : [ {
      "activity" : "walking",
      "group" : "walking",
      "manual" : false,
      "startTime" : "20140609T232037-0700",
      "endTime" : "20140609T232107-0700",
      "duration" : 30.0,
      "distance" : 20.0,
      "steps" : 41
    } ],
    "lastUpdate" : "20140610T213437Z"
  } ],
  "lastUpdate" : "20140610T213709Z"
}, {
  "date" : "20140610",
  "summary" : [ {
    "activity" : "cycling",
    "group" : "cycling",
    "duration" : 1167.0,
    "distance" : 5511.0
  }, {
    "activity" : "walking",
    "group" : "walking",
    "duration" : 1771.0,
    "distance" : 1789.0,
    "steps" : 2560
  }, {
    "activity" : "transport",
    "group" : "transport",
    "duration" : 407.0,
    "distance" : 468.0
  } ],
  "segments" : [ {
    "type" : "move",
    "startTime" : "20140610T123650-0700",
    "endTime" : "20140610T124900-0700",
    "activities" : [ {
      "activity" : "cycling",
      "group" : "cycling",
      "manual" : false,
      "startTime" : "20140610T123650-0700",
      "endTime" : "20140610T124901-0700",
      "duration" : 731.0,
      "distance" : 2939.0
    } ],
    "lastUpdate" : "20140610T213437Z"
  }, {
    "type" : "place",
    "startTime" : "20140610T124900-0700",
    "endTime" : "20140610T151726-0700",
    "activities" : [ {
      "activity" : "walking",
      "group" : "walking",
      "manual" : false,
      "startTime" : "20140610T124900-0700",
      "endTime" : "20140610T125529-0700",
      "duration" : 389.0,
      "distance" : 292.0,
      "steps" : 344
    } ],
    "lastUpdate" : "20140611T004232Z"
  }, {
    "type" : "move",
    "startTime" : "20140610T151726-0700",
    "endTime" : "20140610T152024-0700",
    "activities" : [ {
      "activity" : "walking",
      "group" : "walking",
      "manual" : false,
      "startTime" : "20140610T151726-0700",
      "endTime" : "20140610T152024-0700",
      "duration" : 178.0,
      "distance" : 237.0,
      "steps" : 362
    } ],
    "lastUpdate" : "20140611T004232Z"
  }, {
    "type" : "move",
    "startTime" : "20140610T152530-0700",
    "endTime" : "20140610T153403-0700",
    "activities" : [ {
      "activity" : "walking",
      "group" : "walking",
      "manual" : false,
      "startTime" : "20140610T152530-0700",
      "endTime" : "20140610T153404-0700",
      "duration" : 514.0,
      "distance" : 502.0,
      "steps" : 901
    } ],
    "lastUpdate" : "20140611T004232Z"
  }, {
    "type" : "move",
    "startTime" : "20140610T173958-0700",
    "endTime" : "20140610T175045-0700",
    "activities" : [ {
      "activity" : "transport",
      "group" : "transport",
      "manual" : false,
      "startTime" : "20140610T173958-0700",
      "endTime" : "20140610T174645-0700",
      "duration" : 407.0,
      "distance" : 468.0
    }, {
      "activity" : "walking",
      "group" : "walking",
      "manual" : false,
      "startTime" : "20140610T174645-0700",
      "endTime" : "20140610T175046-0700",
      "duration" : 241.0,
      "distance" : 304.0,
      "steps" : 421
    } ],
    "lastUpdate" : "20140611T043100Z"
  }, {
    "type" : "place",
    "startTime" : "20140610T175046-0700",
    "endTime" : "20140610T175426-0700",
    "activities" : [ {
      "activity" : "walking",
      "group" : "walking",
      "manual" : false,
      "startTime" : "20140610T175205-0700",
      "endTime" : "20140610T175235-0700",
      "duration" : 30.0,
      "distance" : 35.0,
      "steps" : 71
    } ],
    "lastUpdate" : "20140611T043100Z"
  }, {
    "type" : "move",
    "startTime" : "20140610T175426-0700",
    "endTime" : "20140610T175921-0700",
    "activities" : [ {
      "activity" : "walking",
      "group" : "walking",
      "manual" : false,
      "startTime" : "20140610T175426-0700",
      "endTime" : "20140610T175922-0700",
      "duration" : 296.0,
      "distance" : 255.0,
      "steps" : 242
    } ],
    "lastUpdate" : "20140611T043100Z"
  }, {
    "type" : "place",
    "startTime" : "20140610T175922-0700",
    "endTime" : "20140610T203528-0700",
    "activities" : [ {
      "activity" : "walking",
      "group" : "walking",
      "manual" : false,
      "startTime" : "20140610T181215-0700",
      "endTime" : "20140610T181418-0700",
      "duration" : 123.0,
      "distance" : 164.0,
      "steps" : 219
    } ],
    "lastUpdate" : "20140611T043104Z"
  }, {
    "type" : "move",
    "startTime" : "20140610T203528-0700",
    "endTime" : "20140610T204244-0700",
    "activities" : [ {
      "activity" : "cycling",
      "group" : "cycling",
      "manual" : false,
      "startTime" : "20140610T203528-0700",
      "endTime" : "20140610T204244-0700",
      "duration" : 436.0,
      "distance" : 2572.0
    } ],
    "lastUpdate" : "20140611T043104Z"
  } ],
  "lastUpdate" : "20140611T203209Z"
}, {
  "date" : "20140611",
  "summary" : [ {
    "activity" : "cycling",
    "group" : "cycling",
    "duration" : 563.0,
    "distance" : 3035.0
  }, {
    "activity" : "walking",
    "group" : "walking",
    "duration" : 1286.0,
    "distance" : 1415.0,
    "steps" : 1878
  } ],
  "segments" : [ {
    "type" : "move",
    "startTime" : "20140611T102437-0700",
    "endTime" : "20140611T103400-0700",
    "activities" : [ {
      "activity" : "cycling",
      "group" : "cycling",
      "manual" : false,
      "startTime" : "20140611T102437-0700",
      "endTime" : "20140611T103400-0700",
      "duration" : 563.0,
      "distance" : 3035.0
    } ],
    "lastUpdate" : "20140611T203209Z"
  }, {
    "type" : "place",
    "startTime" : "20140611T103400-0700",
    "endTime" : "20140611T132516-0700",
    "activities" : [ {
      "activity" : "walking",
      "group" : "walking",
      "manual" : false,
      "startTime" : "20140611T103400-0700",
      "endTime" : "20140611T103854-0700",
      "duration" : 294.0,
      "distance" : 373.0,
      "steps" : 497
    } ],
    "lastUpdate" : "20140612T014753Z"
  }, {
    "type" : "move",
    "startTime" : "20140611T132516-0700",
    "endTime" : "20140611T133140-0700",
    "activities" : [ {
      "activity" : "walking",
      "group" : "walking",
      "manual" : false,
      "startTime" : "20140611T132516-0700",
      "endTime" : "20140611T133140-0700",
      "duration" : 384.0,
      "distance" : 442.0,
      "steps" : 513
    } ],
    "lastUpdate" : "20140612T014753Z"
  }, {
    "type" : "place",
    "startTime" : "20140611T133140-0700",
    "endTime" : "20140611T184516-0700",
    "activities" : [ {
      "activity" : "walking",
      "group" : "walking",
      "manual" : false,
      "startTime" : "20140611T133258-0700",
      "endTime" : "20140611T133328-0700",
      "duration" : 30.0,
      "distance" : 20.0,
      "steps" : 41
    } ],
    "lastUpdate" : "20140613T005602Z"
  }, {
    "type" : "move",
    "startTime" : "20140611T184516-0700",
    "endTime" : "20140611T185454-0700",
    "activities" : [ {
      "activity" : "walking",
      "group" : "walking",
      "manual" : false,
      "startTime" : "20140611T184516-0700",
      "endTime" : "20140611T185454-0700",
      "duration" : 578.0,
      "distance" : 580.0,
      "steps" : 827
    } ],
    "lastUpdate" : "20140613T005602Z"
  } ],
  "lastUpdate" : "20140613T005602Z"
}, {
  "date" : "20140612",
  "summary" : [ {
    "activity" : "walking",
    "group" : "walking",
    "duration" : 1137.0,
    "distance" : 1156.0,
    "steps" : 1683
  }, {
    "activity" : "transport",
    "group" : "transport",
    "duration" : 494.0,
    "distance" : 1669.0
  }, {
    "activity" : "cycling",
    "group" : "cycling",
    "duration" : 923.0,
    "distance" : 3172.0
  } ],
  "segments" : [ {
    "type" : "move",
    "startTime" : "20140612T140452-0700",
    "endTime" : "20140612T141714-0700",
    "activities" : [ {
      "activity" : "transport",
      "group" : "transport",
      "manual" : false,
      "startTime" : "20140612T140452-0700",
      "endTime" : "20140612T141306-0700",
      "duration" : 494.0,
      "distance" : 1669.0
    }, {
      "activity" : "walking",
      "group" : "walking",
      "manual" : false,
      "startTime" : "20140612T141305-0700",
      "endTime" : "20140612T141713-0700",
      "duration" : 248.0,
      "distance" : 212.0,
      "steps" : 388
    } ],
    "lastUpdate" : "20140613T005602Z"
  }, {
    "type" : "place",
    "startTime" : "20140612T141714-0700",
    "endTime" : "20140612T153250-0700",
    "activities" : [ {
      "activity" : "walking",
      "group" : "walking",
      "manual" : false,
      "startTime" : "20140612T141936-0700",
      "endTime" : "20140612T142036-0700",
      "duration" : 60.0,
      "distance" : 46.0,
      "steps" : 91
    } ],
    "lastUpdate" : "20140613T005604Z"
  }, {
    "type" : "move",
    "startTime" : "20140612T153250-0700",
    "endTime" : "20140612T153914-0700",
    "activities" : [ {
      "activity" : "walking",
      "group" : "walking",
      "manual" : false,
      "startTime" : "20140612T153250-0700",
      "endTime" : "20140612T153914-0700",
      "duration" : 384.0,
      "distance" : 442.0,
      "steps" : 513
    } ],
    "lastUpdate" : "20140613T005604Z"
  }, {
    "type" : "move",
    "startTime" : "20140612T175221-0700",
    "endTime" : "20140612T175947-0700",
    "activities" : [ {
      "activity" : "walking",
      "group" : "walking",
      "manual" : false,
      "startTime" : "20140612T175221-0700",
      "endTime" : "20140612T175946-0700",
      "duration" : 445.0,
      "distance" : 456.0,
      "steps" : 691
    } ],
    "lastUpdate" : "20140613T232722Z"
  }, {
    "type" : "move",
    "startTime" : "20140612T181305-0700",
    "endTime" : "20140612T182827-0700",
    "activities" : [ {
      "activity" : "cycling",
      "group" : "cycling",
      "manual" : false,
      "startTime" : "20140612T181305-0700",
      "endTime" : "20140612T182828-0700",
      "duration" : 923.0,
      "distance" : 3172.0
    } ],
    "lastUpdate" : "20140613T232722Z"
  } ],
  "lastUpdate" : "20140613T232722Z"
}, {
  "date" : "20140613",
  "summary" : [ {
    "activity" : "walking",
    "group" : "walking",
    "duration" : 3609.0,
    "distance" : 3439.0,
    "steps" : 5016
  }, {
    "activity" : "transport",
    "group" : "transport",
    "duration" : 13496.0,
    "distance" : 183812.0
  }, {
    "activity" : "cycling",
    "group" : "cycling",
    "duration" : 363.0,
    "distance" : 364.0
  } ],
  "segments" : [ {
    "type" : "move",
    "startTime" : "20140613T085656-0700",
    "endTime" : "20140613T091216-0700",
    "activities" : [ {
      "activity" : "transport",
      "group" : "transport",
      "manual" : false,
      "startTime" : "20140613T085656-0700",
      "endTime" : "20140613T090645-0700",
      "duration" : 589.0,
      "distance" : 2575.0
    }, {
      "activity" : "walking",
      "group" : "walking",
      "manual" : false,
      "startTime" : "20140613T090644-0700",
      "endTime" : "20140613T091215-0700",
      "duration" : 331.0,
      "distance" : 318.0,
      "steps" : 438
    } ],
    "lastUpdate" : "20140613T232722Z"
  }, {
    "type" : "move",
    "startTime" : "20140613T104516-0700",
    "endTime" : "20140613T105504-0700",
    "activities" : [ {
      "activity" : "transport",
      "group" : "transport",
      "manual" : false,
      "startTime" : "20140613T104516-0700",
      "endTime" : "20140613T105504-0700",
      "duration" : 588.0,
      "distance" : 3035.0
    } ],
    "lastUpdate" : "20140613T232722Z"
  }, {
    "type" : "move",
    "startTime" : "20140613T112209-0700",
    "endTime" : "20140613T120500-0700",
    "activities" : [ {
      "activity" : "transport",
      "group" : "transport",
      "manual" : false,
      "startTime" : "20140613T112209-0700",
      "endTime" : "20140613T120500-0700",
      "duration" : 2571.0,
      "distance" : 53563.0
    } ],
    "lastUpdate" : "20140613T232722Z"
  }, {
    "type" : "place",
    "startTime" : "20140613T120500-0700",
    "endTime" : "20140613T135352-0700",
    "activities" : [ {
      "activity" : "walking",
      "group" : "walking",
      "manual" : false,
      "startTime" : "20140613T120927-0700",
      "endTime" : "20140613T121227-0700",
      "duration" : 180.0,
      "distance" : 176.0,
      "steps" : 234
    } ],
    "lastUpdate" : "20140613T232729Z"
  }, {
    "type" : "move",
    "startTime" : "20140613T135352-0700",
    "endTime" : "20140613T140039-0700",
    "activities" : [ {
      "activity" : "walking",
      "group" : "walking",
      "manual" : false,
      "startTime" : "20140613T135352-0700",
      "endTime" : "20140613T140040-0700",
      "duration" : 408.0,
      "distance" : 387.0,
      "steps" : 437
    } ],
    "lastUpdate" : "20140613T232729Z"
  }, {
    "type" : "move",
    "startTime" : "20140613T144603-0700",
    "endTime" : "20140613T150035-0700",
    "activities" : [ {
      "activity" : "walking",
      "group" : "walking",
      "manual" : false,
      "startTime" : "20140613T144603-0700",
      "endTime" : "20140613T145223-0700",
      "duration" : 380.0,
      "distance" : 480.0,
      "steps" : 763
    }, {
      "activity" : "transport",
      "group" : "transport",
      "manual" : false,
      "startTime" : "20140613T145223-0700",
      "endTime" : "20140613T145753-0700",
      "duration" : 330.0,
      "distance" : 2003.0
    }, {
      "activity" : "walking",
      "group" : "walking",
      "manual" : false,
      "startTime" : "20140613T145753-0700",
      "endTime" : "20140613T150036-0700",
      "duration" : 163.0,
      "distance" : 115.0,
      "steps" : 231
    } ],
    "lastUpdate" : "20140613T232731Z"
  }, {
    "type" : "move",
    "startTime" : "20140613T162448-0700",
    "endTime" : "20140613T162835-0700",
    "activities" : [ {
      "activity" : "walking",
      "group" : "walking",
      "manual" : false,
      "startTime" : "20140613T162448-0700",
      "endTime" : "20140613T162835-0700",
      "duration" : 227.0,
      "distance" : 239.0,
      "steps" : 348
    } ],
    "lastUpdate" : "20140614T024033Z"
  }, {
    "type" : "place",
    "startTime" : "20140613T162835-0700",
    "endTime" : "20140613T163921-0700",
    "activities" : [ {
      "activity" : "walking",
      "group" : "walking",
      "manual" : false,
      "startTime" : "20140613T163035-0700",
      "endTime" : "20140613T163435-0700",
      "duration" : 240.0,
      "distance" : 274.0,
      "steps" : 365
    } ],
    "lastUpdate" : "20140614T024033Z"
  }, {
    "type" : "move",
    "startTime" : "20140613T163921-0700",
    "endTime" : "20140613T173400-0700",
    "activities" : [ {
      "activity" : "transport",
      "group" : "transport",
      "manual" : false,
      "startTime" : "20140613T163921-0700",
      "endTime" : "20140613T173401-0700",
      "duration" : 3280.0,
      "distance" : 34902.0
    } ],
    "lastUpdate" : "20140614T024033Z"
  }, {
    "type" : "place",
    "startTime" : "20140613T173400-0700",
    "endTime" : "20140613T173652-0700",
    "activities" : [ {
      "activity" : "walking",
      "group" : "walking",
      "manual" : false,
      "startTime" : "20140613T173429-0700",
      "endTime" : "20140613T173529-0700",
      "duration" : 60.0,
      "distance" : 55.0,
      "steps" : 111
    } ],
    "lastUpdate" : "20140614T024033Z"
  }, {
    "type" : "move",
    "startTime" : "20140613T173652-0700",
    "endTime" : "20140613T180749-0700",
    "activities" : [ {
      "activity" : "walking",
      "group" : "walking",
      "manual" : false,
      "startTime" : "20140613T173652-0700",
      "endTime" : "20140613T173930-0700",
      "duration" : 158.0,
      "distance" : 85.0,
      "steps" : 171
    }, {
      "activity" : "transport",
      "group" : "transport",
      "manual" : false,
      "startTime" : "20140613T173930-0700",
      "endTime" : "20140613T175241-0700",
      "duration" : 791.0,
      "distance" : 3915.0
    }, {
      "activity" : "walking",
      "group" : "walking",
      "manual" : false,
      "startTime" : "20140613T175240-0700",
      "endTime" : "20140613T175910-0700",
      "duration" : 390.0,
      "distance" : 279.0,
      "steps" : 447
    }, {
      "activity" : "transport",
      "group" : "transport",
      "manual" : false,
      "startTime" : "20140613T175911-0700",
      "endTime" : "20140613T180750-0700",
      "duration" : 519.0,
      "distance" : 3095.0
    } ],
    "lastUpdate" : "20140614T024033Z"
  }, {
    "type" : "place",
    "startTime" : "20140613T180749-0700",
    "endTime" : "20140613T184515-0700",
    "activities" : [ {
      "activity" : "walking",
      "group" : "walking",
      "manual" : false,
      "startTime" : "20140613T180842-0700",
      "endTime" : "20140613T181242-0700",
      "duration" : 240.0,
      "distance" : 266.0,
      "steps" : 354
    } ],
    "lastUpdate" : "20140614T024042Z"
  }, {
    "type" : "move",
    "startTime" : "20140613T184515-0700",
    "endTime" : "20140613T185033-0700",
    "activities" : [ {
      "activity" : "transport",
      "group" : "transport",
      "manual" : false,
      "startTime" : "20140613T184515-0700",
      "endTime" : "20140613T185033-0700",
      "duration" : 318.0,
      "distance" : 2584.0
    } ],
    "lastUpdate" : "20140614T024042Z"
  }, {
    "type" : "place",
    "startTime" : "20140613T185033-0700",
    "endTime" : "20140613T192238-0700",
    "activities" : [ {
      "activity" : "walking",
      "group" : "walking",
      "manual" : false,
      "startTime" : "20140613T185325-0700",
      "endTime" : "20140613T185525-0700",
      "duration" : 120.0,
      "distance" : 137.0,
      "steps" : 183
    }, {
      "activity" : "walking",
      "group" : "walking",
      "manual" : false,
      "startTime" : "20140613T190544-0700",
      "endTime" : "20140613T190817-0700",
      "duration" : 153.0,
      "distance" : 218.0,
      "steps" : 290
    } ],
    "lastUpdate" : "20140614T055024Z"
  }, {
    "type" : "move",
    "startTime" : "20140613T192238-0700",
    "endTime" : "20140613T193036-0700",
    "activities" : [ {
      "activity" : "transport",
      "group" : "transport",
      "manual" : false,
      "startTime" : "20140613T192238-0700",
      "endTime" : "20140613T193036-0700",
      "duration" : 478.0,
      "distance" : 5016.0
    } ],
    "lastUpdate" : "20140614T055024Z"
  }, {
    "type" : "place",
    "startTime" : "20140613T193036-0700",
    "endTime" : "20140613T205334-0700",
    "activities" : [ {
      "activity" : "walking",
      "group" : "walking",
      "manual" : false,
      "startTime" : "20140613T193733-0700",
      "endTime" : "20140613T194051-0700",
      "duration" : 198.0,
      "distance" : 201.0,
      "steps" : 269
    }, {
      "activity" : "walking",
      "group" : "walking",
      "manual" : false,
      "startTime" : "20140613T203627-0700",
      "endTime" : "20140613T203727-0700",
      "duration" : 60.0,
      "distance" : 30.0,
      "steps" : 60
    } ],
    "lastUpdate" : "20140614T055043Z"
  }, {
    "type" : "move",
    "startTime" : "20140613T205334-0700",
    "endTime" : "20140613T205936-0700",
    "activities" : [ {
      "activity" : "cycling",
      "group" : "cycling",
      "manual" : false,
      "startTime" : "20140613T205334-0700",
      "endTime" : "20140613T205937-0700",
      "duration" : 363.0,
      "distance" : 364.0
    } ],
    "lastUpdate" : "20140614T055043Z"
  }, {
    "type" : "place",
    "startTime" : "20140613T205937-0700",
    "endTime" : "20140613T214034-0700",
    "activities" : [ {
      "activity" : "walking",
      "group" : "walking",
      "manual" : false,
      "startTime" : "20140613T212804-0700",
      "endTime" : "20140613T212834-0700",
      "duration" : 30.0,
      "distance" : 15.0,
      "steps" : 20
    } ],
    "lastUpdate" : "20140614T085437Z"
  }, {
    "type" : "move",
    "startTime" : "20140613T214034-0700",
    "endTime" : "20140613T225016-0700",
    "activities" : [ {
      "activity" : "walking",
      "group" : "walking",
      "manual" : false,
      "startTime" : "20140613T214034-0700",
      "endTime" : "20140613T214305-0700",
      "duration" : 151.0,
      "distance" : 104.0,
      "steps" : 184
    }, {
      "activity" : "transport",
      "group" : "transport",
      "manual" : false,
      "startTime" : "20140613T214305-0700",
      "endTime" : "20140613T225017-0700",
      "duration" : 4032.0,
      "distance" : 73124.0
    } ],
    "lastUpdate" : "20140614T085437Z"
  }, {
    "type" : "place",
    "startTime" : "20140613T225016-0700",
    "endTime" : "20140614T084653-0700",
    "activities" : [ {
      "activity" : "walking",
      "group" : "walking",
      "manual" : false,
      "startTime" : "20140613T225104-0700",
      "endTime" : "20140613T225204-0700",
      "duration" : 60.0,
      "distance" : 30.0,
      "steps" : 61
    }, {
      "activity" : "walking",
      "group" : "walking",
      "manual" : false,
      "startTime" : "20140613T232859-0700",
      "endTime" : "20140613T232959-0700",
      "duration" : 60.0,
      "distance" : 30.0,
      "steps" : 50
    } ],
    "lastUpdate" : "20140614T230256Z"
  } ],
  "lastUpdate" : "20140614T230256Z"
}, {
  "date" : "20140614",
  "summary" : [ {
    "activity" : "walking",
    "group" : "walking",
    "duration" : 3790.0,
    "distance" : 3763.0,
    "steps" : 4458
  }, {
    "activity" : "transport",
    "group" : "transport",
    "duration" : 2315.0,
    "distance" : 12108.0
  }, {
    "activity" : "cycling",
    "group" : "cycling",
    "duration" : 1534.0,
    "distance" : 4691.0
  } ],
  "segments" : [ {
    "type" : "place",
    "startTime" : "20140613T225016-0700",
    "endTime" : "20140614T084653-0700",
    "activities" : [ {
      "activity" : "walking",
      "group" : "walking",
      "manual" : false,
      "startTime" : "20140614T084216-0700",
      "endTime" : "20140614T084346-0700",
      "duration" : 90.0,
      "distance" : 86.0,
      "steps" : 173
    } ],
    "lastUpdate" : "20140614T230256Z"
  }, {
    "type" : "move",
    "startTime" : "20140614T084653-0700",
    "endTime" : "20140614T090619-0700",
    "activities" : [ {
      "activity" : "transport",
      "group" : "transport",
      "manual" : false,
      "startTime" : "20140614T084653-0700",
      "endTime" : "20140614T090248-0700",
      "duration" : 955.0,
      "distance" : 5067.0
    }, {
      "activity" : "walking",
      "group" : "walking",
      "manual" : false,
      "startTime" : "20140614T090247-0700",
      "endTime" : "20140614T090619-0700",
      "duration" : 212.0,
      "distance" : 149.0,
      "steps" : 184
    } ],
    "lastUpdate" : "20140614T230256Z"
  }, {
    "type" : "place",
    "startTime" : "20140614T090619-0700",
    "endTime" : "20140614T185925-0700",
    "activities" : [ {
      "activity" : "walking",
      "group" : "walking",
      "manual" : false,
      "startTime" : "20140614T092316-0700",
      "endTime" : "20140614T092602-0700",
      "duration" : 166.0,
      "distance" : 124.0,
      "steps" : 158
    }, {
      "activity" : "walking",
      "group" : "walking",
      "manual" : false,
      "startTime" : "20140614T141038-0700",
      "endTime" : "20140614T141138-0700",
      "duration" : 60.0,
      "distance" : 30.0,
      "steps" : 50
    }, {
      "activity" : "walking",
      "group" : "walking",
      "manual" : false,
      "startTime" : "20140614T154145-0700",
      "endTime" : "20140614T154523-0700",
      "duration" : 218.0,
      "distance" : 166.0,
      "steps" : 221
    }, {
      "activity" : "walking",
      "group" : "walking",
      "manual" : false,
      "startTime" : "20140614T173936-0700",
      "endTime" : "20140614T174106-0700",
      "duration" : 90.0,
      "distance" : 71.0,
      "steps" : 142
    }, {
      "activity" : "walking",
      "group" : "walking",
      "manual" : false,
      "startTime" : "20140614T181216-0700",
      "endTime" : "20140614T181316-0700",
      "duration" : 60.0,
      "distance" : 31.0,
      "steps" : 61
    } ],
    "lastUpdate" : "20140615T051041Z"
  }, {
    "type" : "move",
    "startTime" : "20140614T185925-0700",
    "endTime" : "20140614T190237-0700",
    "activities" : [ {
      "activity" : "walking",
      "group" : "walking",
      "manual" : false,
      "startTime" : "20140614T185925-0700",
      "endTime" : "20140614T190238-0700",
      "duration" : 193.0,
      "distance" : 306.0,
      "steps" : 259
    } ],
    "lastUpdate" : "20140615T051041Z"
  }, {
    "type" : "move",
    "startTime" : "20140614T190445-0700",
    "endTime" : "20140614T191012-0700",
    "activities" : [ {
      "activity" : "walking",
      "group" : "walking",
      "manual" : false,
      "startTime" : "20140614T190445-0700",
      "endTime" : "20140614T191013-0700",
      "duration" : 328.0,
      "distance" : 252.0,
      "steps" : 503
    } ],
    "lastUpdate" : "20140615T051041Z"
  }, {
    "type" : "move",
    "startTime" : "20140614T191407-0700",
    "endTime" : "20140614T202223-0700",
    "activities" : [ {
      "activity" : "walking",
      "group" : "walking",
      "manual" : false,
      "startTime" : "20140614T191407-0700",
      "endTime" : "20140614T191738-0700",
      "duration" : 211.0,
      "distance" : 238.0,
      "steps" : 408
    }, {
      "activity" : "cycling",
      "group" : "cycling",
      "manual" : false,
      "startTime" : "20140614T191738-0700",
      "endTime" : "20140614T193035-0700",
      "duration" : 777.0,
      "distance" : 2638.0
    }, {
      "activity" : "walking",
      "group" : "walking",
      "manual" : false,
      "startTime" : "20140614T193036-0700",
      "endTime" : "20140614T194533-0700",
      "duration" : 897.0,
      "distance" : 1077.0,
      "steps" : 476
    }, {
      "activity" : "cycling",
      "group" : "cycling",
      "manual" : false,
      "startTime" : "20140614T194533-0700",
      "endTime" : "20140614T195810-0700",
      "duration" : 757.0,
      "distance" : 2053.0
    }, {
      "activity" : "transport",
      "group" : "transport",
      "manual" : false,
      "startTime" : "20140614T195811-0700",
      "endTime" : "20140614T201342-0700",
      "duration" : 931.0,
      "distance" : 3048.0
    }, {
      "activity" : "walking",
      "group" : "walking",
      "manual" : false,
      "startTime" : "20140614T201342-0700",
      "endTime" : "20140614T202223-0700",
      "duration" : 521.0,
      "distance" : 421.0,
      "steps" : 664
    } ],
    "lastUpdate" : "20140615T051041Z"
  }, {
    "type" : "place",
    "startTime" : "20140614T202223-0700",
    "endTime" : "20140614T215757-0700",
    "activities" : [ {
      "activity" : "walking",
      "group" : "walking",
      "manual" : false,
      "startTime" : "20140614T204116-0700",
      "endTime" : "20140614T204246-0700",
      "duration" : 90.0,
      "distance" : 76.0,
      "steps" : 152
    }, {
      "activity" : "walking",
      "group" : "walking",
      "manual" : false,
      "startTime" : "20140614T215440-0700",
      "endTime" : "20140614T215540-0700",
      "duration" : 60.0,
      "distance" : 56.0,
      "steps" : 112
    } ],
    "lastUpdate" : "20140615T060600Z"
  }, {
    "type" : "move",
    "startTime" : "20140614T215757-0700",
    "endTime" : "20140614T220112-0700",
    "activities" : [ {
      "activity" : "walking",
      "group" : "walking",
      "manual" : false,
      "startTime" : "20140614T215757-0700",
      "endTime" : "20140614T220113-0700",
      "duration" : 196.0,
      "distance" : 249.0,
      "steps" : 287
    } ],
    "lastUpdate" : "20140615T060600Z"
  }, {
    "type" : "place",
    "startTime" : "20140614T220112-0700",
    "endTime" : "20140614T224222-0700",
    "activities" : [ {
      "activity" : "walking",
      "group" : "walking",
      "manual" : false,
      "startTime" : "20140614T220635-0700",
      "endTime" : "20140614T220835-0700",
      "duration" : 120.0,
      "distance" : 130.0,
      "steps" : 173
    } ],
    "lastUpdate" : "20140616T030739Z"
  }, {
    "type" : "place",
    "startTime" : "20140614T230556-0700",
    "endTime" : "20140614T231427-0700",
    "activities" : [ {
      "activity" : "walking",
      "group" : "walking",
      "manual" : false,
      "startTime" : "20140614T230642-0700",
      "endTime" : "20140614T231012-0700",
      "duration" : 210.0,
      "distance" : 252.0,
      "steps" : 336
    } ],
    "lastUpdate" : "20140616T030739Z"
  }, {
    "type" : "move",
    "startTime" : "20140614T231427-0700",
    "endTime" : "20140614T232135-0700",
    "activities" : [ {
      "activity" : "transport",
      "group" : "transport",
      "manual" : false,
      "startTime" : "20140614T231427-0700",
      "endTime" : "20140614T232136-0700",
      "duration" : 429.0,
      "distance" : 3993.0
    } ],
    "lastUpdate" : "20140616T030739Z"
  }, {
    "type" : "place",
    "startTime" : "20140614T232136-0700",
    "endTime" : "20140614T233142-0700",
    "activities" : [ {
      "activity" : "walking",
      "group" : "walking",
      "manual" : false,
      "startTime" : "20140614T232136-0700",
      "endTime" : "20140614T232244-0700",
      "duration" : 68.0,
      "distance" : 49.0,
      "steps" : 99
    } ],
    "lastUpdate" : "20140616T030739Z"
  } ],
  "lastUpdate" : "20140616T030739Z"
}, {
  "date" : "20140615",
  "summary" : [ {
    "activity" : "walking",
    "group" : "walking",
    "duration" : 2098.0,
    "distance" : 2379.0,
    "steps" : 3200
  }, {
    "activity" : "transport",
    "group" : "transport",
    "duration" : 7673.0,
    "distance" : 130932.0
  } ],
  "segments" : [ {
    "type" : "move",
    "startTime" : "20140615T121701-0700",
    "endTime" : "20140615T123145-0700",
    "activities" : [ {
      "activity" : "transport",
      "group" : "transport",
      "manual" : false,
      "startTime" : "20140615T121701-0700",
      "endTime" : "20140615T122412-0700",
      "duration" : 431.0,
      "distance" : 2923.0
    }, {
      "activity" : "walking",
      "group" : "walking",
      "manual" : false,
      "startTime" : "20140615T122411-0700",
      "endTime" : "20140615T123145-0700",
      "duration" : 454.0,
      "distance" : 418.0,
      "steps" : 656
    } ],
    "lastUpdate" : "20140616T030739Z"
  }, {
    "type" : "move",
    "startTime" : "20140615T125042-0700",
    "endTime" : "20140615T125817-0700",
    "activities" : [ {
      "activity" : "walking",
      "group" : "walking",
      "manual" : false,
      "startTime" : "20140615T125042-0700",
      "endTime" : "20140615T125817-0700",
      "duration" : 455.0,
      "distance" : 484.0,
      "steps" : 769
    } ],
    "lastUpdate" : "20140616T030741Z"
  }, {
    "type" : "place",
    "startTime" : "20140615T125817-0700",
    "endTime" : "20140615T151554-0700",
    "activities" : [ {
      "activity" : "walking",
      "group" : "walking",
      "manual" : false,
      "startTime" : "20140615T130040-0700",
      "endTime" : "20140615T130110-0700",
      "duration" : 30.0,
      "distance" : 20.0,
      "steps" : 41
    } ],
    "lastUpdate" : "20140616T030743Z"
  }, {
    "type" : "move",
    "startTime" : "20140615T151554-0700",
    "endTime" : "20140615T154806-0700",
    "activities" : [ {
      "activity" : "transport",
      "group" : "transport",
      "manual" : false,
      "startTime" : "20140615T151554-0700",
      "endTime" : "20140615T153731-0700",
      "duration" : 1297.0,
      "distance" : 3808.0
    }, {
      "activity" : "walking",
      "group" : "walking",
      "manual" : false,
      "startTime" : "20140615T153732-0700",
      "endTime" : "20140615T154806-0700",
      "duration" : 634.0,
      "distance" : 759.0,
      "steps" : 768
    } ],
    "lastUpdate" : "20140616T030743Z"
  }, {
    "type" : "move",
    "startTime" : "20140615T212519-0700",
    "endTime" : "20140615T231238-0700",
    "activities" : [ {
      "activity" : "walking",
      "group" : "walking",
      "manual" : false,
      "startTime" : "20140615T212519-0700",
      "endTime" : "20140615T213334-0700",
      "duration" : 495.0,
      "distance" : 668.0,
      "steps" : 905
    }, {
      "activity" : "transport",
      "group" : "transport",
      "manual" : false,
      "startTime" : "20140615T213334-0700",
      "endTime" : "20140615T231239-0700",
      "duration" : 5945.0,
      "distance" : 124201.0
    } ],
    "lastUpdate" : "20140616T084444Z"
  }, {
    "type" : "place",
    "startTime" : "20140615T231238-0700",
    "endTime" : "20140616T001431-0700",
    "activities" : [ {
      "activity" : "walking",
      "group" : "walking",
      "manual" : false,
      "startTime" : "20140615T231835-0700",
      "endTime" : "20140615T231905-0700",
      "duration" : 30.0,
      "distance" : 30.0,
      "steps" : 61
    } ],
    "lastUpdate" : "20140617T021359Z"
  } ],
  "lastUpdate" : "20140617T021359Z"
} ]