[ {
  "date" : "20140603",
  "summary" : [ {
    "activity" : "walking",
    "group" : "walking",
    "duration" : 1350.0,
    "distance" : 1403.0,
    "steps" : 2139
  }, {
    "activity" : "cycling",
    "group" : "cycling",
    "duration" : 802.0,
    "distance" : 4010.0
  }, {
    "activity" : "transport",
    "group" : "transport",
    "duration" : 651.0,
    "distance" : 2208.0
  } ],
  "segments" : [ {
    "type" : "place",
    "startTime" : "20140603T010231-0700",
    "endTime" : "20140603T152242-0700",
    "activities" : [ {
      "activity" : "walking",
      "group" : "walking",
      "manual" : false,
      "startTime" : "20140603T151513-0700",
      "endTime" : "20140603T151643-0700",
      "duration" : 90.0,
      "distance" : 71.0,
      "steps" : 141
    } ],
    "lastUpdate" : "20140605T055655Z"
  }, {
    "type" : "move",
    "startTime" : "20140603T152242-0700",
    "endTime" : "20140603T152854-0700",
    "activities" : [ {
      "activity" : "cycling",
      "group" : "cycling",
      "manual" : false,
      "startTime" : "20140603T152242-0700",
      "endTime" : "20140603T152854-0700",
      "duration" : 372.0,
      "distance" : 1507.0
    } ],
    "lastUpdate" : "20140604T004603Z"
  }, {
    "type" : "place",
    "startTime" : "20140603T152854-0700",
    "endTime" : "20140603T161148-0700",
    "activities" : [ {
      "activity" : "walking",
      "group" : "walking",
      "manual" : false,
      "startTime" : "20140603T153239-0700",
      "endTime" : "20140603T153419-0700",
      "duration" : 100.0,
      "distance" : 77.0,
      "steps" : 153
    }, {
      "activity" : "walking",
      "group" : "walking",
      "manual" : false,
      "startTime" : "20140603T160421-0700",
      "endTime" : "20140603T160521-0700",
      "duration" : 60.0,
      "distance" : 46.0,
      "steps" : 92
    } ],
    "lastUpdate" : "20140605T055851Z"
  }, {
    "type" : "move",
    "startTime" : "20140603T161148-0700",
    "endTime" : "20140603T162205-0700",
    "activities" : [ {
      "activity" : "walking",
      "group" : "walking",
      "manual" : false,
      "startTime" : "20140603T161148-0700",
      "endTime" : "20140603T161426-0700",
      "duration" : 158.0,
      "distance" : 190.0,
      "steps" : 158
    }, {
      "activity" : "transport",
      "group" : "transport",
      "manual" : false,
      "startTime" : "20140603T161426-0700",
      "endTime" : "20140603T161956-0700",
      "duration" : 330.0,
      "distance" : 1027.0
    }, {
      "activity" : "walking",
      "group" : "walking",
      "manual" : false,
      "startTime" : "20140603T161956-0700",
      "endTime" : "20140603T162204-0700",
      "duration" : 128.0,
      "distance" : 103.0,
      "steps" : 207
    } ],
    "lastUpdate" : "20140604T004605Z"
  }, {
    "type" : "place",
    "startTime" : "20140603T162205-0700",
    "endTime" : "20140603T210143-0700",
    "activities" : [ {
      "activity" : "walking",
      "group" : "walking",
      "manual" : false,
      "startTime" : "20140603T171640-0700",
      "endTime" : "20140603T172010-0700",
      "duration" : 210.0,
      "distance" : 236.0,
      "steps" : 315
    }, {
      "activity" : "walking",
      "group" : "walking",
      "manual" : false,
      "startTime" : "20140603T190743-0700",
      "endTime" : "20140603T191013-0700",
      "duration" : 150.0,
      "distance" : 191.0,
      "steps" : 254
    }, {
      "activity" : "walking",
      "group" : "walking",
      "manual" : false,
      "startTime" : "20140603T205905-0700",
      "endTime" : "20140603T210036-0700",
      "duration" : 91.0,
      "distance" : 86.0,
      "steps" : 172
    } ],
    "lastUpdate" : "20140605T055803Z"
  }, {
    "type" : "move",
    "startTime" : "20140603T210143-0700",
    "endTime" : "20140603T210638-0700",
    "activities" : [ {
      "activity" : "transport",
      "group" : "transport",
      "manual" : false,
      "startTime" : "20140603T210143-0700",
      "endTime" : "20140603T210435-0700",
      "duration" : 172.0,
      "distance" : 579.0
    }, {
      "activity" : "walking",
      "group" : "walking",
      "manual" : false,
      "startTime" : "20140603T210435-0700",
      "endTime" : "20140603T210638-0700",
      "duration" : 123.0,
      "distance" : 109.0,
      "steps" : 219
    } ],
    "lastUpdate" : "20140604T055556Z"
  }, {
    "type" : "place",
    "startTime" : "20140603T210638-0700",
    "endTime" : "20140603T225918-0700",
    "activities" : [ {
      "activity" : "walking",
      "group" : "walking",
      "manual" : false,
      "startTime" : "20140603T225346-0700",
      "endTime" : "20140603T225646-0700",
      "duration" : 180.0,
      "distance" : 244.0,
      "steps" : 326
    } ],
    "lastUpdate" : "20140605T055742Z"
  }, {
    "type" : "move",
    "startTime" : "20140603T225918-0700",
    "endTime" : "20140603T230417-0700",
    "activities" : [ {
      "activity" : "transport",
      "group" : "transport",
      "manual" : false,
      "startTime" : "20140603T225918-0700",
      "endTime" : "20140603T230147-0700",
      "duration" : 149.0,
      "distance" : 602.0
    }, {
      "activity" : "cycling",
      "group" : "cycling",
      "manual" : false,
      "startTime" : "20140603T230147-0700",
      "endTime" : "20140603T230417-0700",
      "duration" : 150.0,
      "distance" : 512.0
    } ],
    "lastUpdate" : "20140604T082052Z"
  }, {
    "type" : "place",
    "startTime" : "20140603T230417-0700",
    "endTime" : "20140603T234900-0700",
    "activities" : [ {
      "activity" : "walking",
      "group" : "walking",
      "manual" : false,
      "startTime" : "20140603T230417-0700",
      "endTime" : "20140603T230447-0700",
      "duration" : 30.0,
      "distance" : 30.0,
      "steps" : 61
    } ],
    "lastUpdate" : "20140605T055749Z"
  }, {
    "type" : "move",
    "startTime" : "20140603T234900-0700",
    "endTime" : "20140603T235340-0700",
    "activities" : [ {
      "activity" : "cycling",
      "group" : "cycling",
      "manual" : false,
      "startTime" : "20140603T234900-0700",
      "endTime" : "20140603T235340-0700",
      "duration" : 280.0,
      "distance" : 1991.0
    } ],
    "lastUpdate" : "20140604T100624Z"
  }, {
    "type" : "place",
    "startTime" : "20140603T235340-0700",
    "endTime" : "20140604T152113-0700",
    "activities" : [ {
      "activity" : "walking",
      "group" : "walking",
      "manual" : false,
      "startTime" : "20140603T235437-0700",
      "endTime" : "20140603T235507-0700",
      "duration" : 30.0,
      "distance" : 20.0,
      "steps" : 41
    } ],
    "lastUpdate" : "20140605T055655Z"
  } ],
  "lastUpdate" : "20140605T055851Z"
}, {
  "date" : "20140604",
  "summary" : [ {
    "activity" : "walking",
    "group" : "walking",
    "duration" : 1222.0,
    "distance" : 1017.0,
    "steps" : 1512
  }, {
    "activity" : "cycling",
    "group" : "cycling",
    "duration" : 731.0,
    "distance" : 4102.0
  }, {
    "activity" : "transport",
    "group" : "transport",
    "duration" : 3068.0,
    "distance" : 16711.0
  } ],
  "segments" : [ {
    "type" : "place",
    "startTime" : "20140603T235340-0700",
    "endTime" : "20140604T152113-0700",
    "activities" : [ {
      "activity" : "walking",
      "group" : "walking",
      "manual" : false,
      "startTime" : "20140604T002843-0700",
      "endTime" : "20140604T002913-0700",
      "duration" : 30.0,
      "distance" : 15.0,
      "steps" : 30
    }, {
      "activity" : "walking",
      "group" : "walking",
      "manual" : false,
      "startTime" : "20140604T012133-0700",
      "endTime" : "20140604T012203-0700",
      "duration" : 30.0,
      "distance" : 15.0,
      "steps" : 30
    }, {
      "activity" : "walking",
      "group" : "walking",
      "manual" : false,
      "startTime" : "20140604T142452-0700",
      "endTime" : "20140604T142522-0700",
      "duration" : 30.0,
      "distance" : 20.0,
      "steps" : 41
    }, {
      "activity" : "walking",
      "group" : "walking",
      "manual" : false,
      "startTime" : "20140604T150529-0700",
      "endTime" : "20140604T150749-0700",
      "duration" : 140.0,
      "distance" : 134.0,
      "steps" : 179
    } ],
    "lastUpdate" : "20140605T055655Z"
  }, {
    "type" : "move",
    "startTime" : "20140604T152113-0700",
    "endTime" : "20140604T161200-0700",
    "activities" : [ {
      "activity" : "cycling",
      "group" : "cycling",
      "manual" : false,
      "startTime" : "20140604T152113-0700",
      "endTime" : "20140604T153324-0700",
      "duration" : 731.0,
      "distance" : 4102.0
    }, {
      "activity" : "transport",
      "group" : "transport",
      "manual" : false,
      "startTime" : "20140604T153324-0700",
      "endTime" : "20140604T161200-0700",
      "duration" : 2316.0,
      "distance" : 12319.0
    } ],
    "lastUpdate" : "20140605T034546Z"
  }, {
    "type" : "place",
    "startTime" : "20140604T161200-0700",
    "endTime" : "20140604T171150-0700",
    "activities" : [ {
      "activity" : "walking",
      "group" : "walking",
      "manual" : false,
      "startTime" : "20140604T161253-0700",
      "endTime" : "20140604T161323-0700",
      "duration" : 30.0,
      "distance" : 30.0,
      "steps" : 60
    } ],
    "lastUpdate" : "20140605T055655Z"
  }, {
    "type" : "move",
    "startTime" : "20140604T171150-0700",
    "endTime" : "20140604T171758-0700",
    "activities" : [ {
      "activity" : "transport",
      "group" : "transport",
      "manual" : false,
      "startTime" : "20140604T171150-0700",
      "endTime" : "20140604T171759-0700",
      "duration" : 369.0,
      "distance" : 2173.0
    } ],
    "lastUpdate" : "20140605T034546Z"
  }, {
    "type" : "place",
    "startTime" : "20140604T171759-0700",
    "endTime" : "20140604T182208-0700",
    "activities" : [ {
      "activity" : "walking",
      "group" : "walking",
      "manual" : false,
      "startTime" : "20140604T171859-0700",
      "endTime" : "20140604T172759-0700",
      "duration" : 540.0,
      "distance" : 405.0,
      "steps" : 539
    }, {
      "activity" : "walking",
      "group" : "walking",
      "manual" : false,
      "startTime" : "20140604T180430-0700",
      "endTime" : "20140604T180800-0700",
      "duration" : 210.0,
      "distance" : 229.0,
      "steps" : 305
    } ],
    "lastUpdate" : "20140605T055722Z"
  }, {
    "type" : "move",
    "startTime" : "20140604T182208-0700",
    "endTime" : "20140604T183033-0700",
    "activities" : [ {
      "activity" : "transport",
      "group" : "transport",
      "manual" : false,
      "startTime" : "20140604T182208-0700",
      "endTime" : "20140604T182831-0700",
      "duration" : 383.0,
      "distance" : 2219.0
    }, {
      "activity" : "walking",
      "group" : "walking",
      "manual" : false,
      "startTime" : "20140604T182831-0700",
      "endTime" : "20140604T183033-0700",
      "duration" : 122.0,
      "distance" : 103.0,
      "steps" : 206
    } ],
    "lastUpdate" : "20140605T034546Z"
  }, {
    "type" : "place",
    "startTime" : "20140604T183033-0700",
    "endTime" : "20140605T103641-0700",
    "activities" : [ {
      "activity" : "walking",
      "group" : "walking",
      "manual" : false,
      "startTime" : "20140604T184132-0700",
      "endTime" : "20140604T184232-0700",
      "duration" : 60.0,
      "distance" : 51.0,
      "steps" : 102
    }, {
      "activity" : "walking",
      "group" : "walking",
      "manual" : false,
      "startTime" : "20140604T222118-0700",
      "endTime" : "20140604T222148-0700",
      "duration" : 30.0,
      "distance" : 15.0,
      "steps" : 20
    } ],
    "lastUpdate" : "20140605T184840Z"
  } ],
  "lastUpdate" : "20140605T184840Z"
}, {
  "date" : "20140605",
  "summary" : [ {
    "activity" : "cycling",
    "group" : "cycling",
    "duration" : 1284.0,
    "distance" : 5538.0
  }, {
    "activity" : "walking",
    "group" : "walking",
    "duration" : 2330.0,
    "distance" : 2952.0,
    "steps" : 4134
  }, {
    "activity" : "transport",
    "group" : "transport",
    "duration" : 8523.0,
    "distance" : 136786.0
  } ],
  "segments" : [ {
    "type" : "move",
    "startTime" : "20140605T103641-0700",
    "endTime" : "20140605T105001-0700",
    "activities" : [ {
      "activity" : "cycling",
      "group" : "cycling",
      "manual" : false,
      "startTime" : "20140605T103641-0700",
      "endTime" : "20140605T105000-0700",
      "duration" : 799.0,
      "distance" : 2826.0
    } ],
    "lastUpdate" : "20140605T184840Z"
  }, {
    "type" : "place",
    "startTime" : "20140605T105001-0700",
    "endTime" : "20140605T105936-0700",
    "activities" : [ {
      "activity" : "walking",
      "group" : "walking",
      "manual" : false,
      "startTime" : "20140605T105053-0700",
      "endTime" : "20140605T105423-0700",
      "duration" : 210.0,
      "distance" : 176.0,
      "steps" : 234
    } ],
    "lastUpdate" : "20140605T184840Z"
  }, {
    "type" : "move",
    "startTime" : "20140605T105936-0700",
    "endTime" : "20140605T110322-0700",
    "activities" : [ {
      "activity" : "walking",
      "group" : "walking",
      "manual" : false,
      "startTime" : "20140605T105936-0700",
      "endTime" : "20140605T110323-0700",
      "duration" : 227.0,
      "distance" : 427.0,
      "steps" : 365
    } ],
    "lastUpdate" : "20140605T184840Z"
  }, {
    "type" : "place",
    "startTime" : "20140605T110323-0700",
    "endTime" : "20140605T123446-0700",
    "activities" : [ {
      "activity" : "walking",
      "group" : "walking",
      "manual" : false,
      "startTime" : "20140605T110350-0700",
      "endTime" : "20140605T110650-0700",
      "duration" : 180.0,
      "distance" : 256.0,
      "steps" : 342
    } ],
    "lastUpdate" : "20140605T211901Z"
  }, {
    "type" : "move",
    "startTime" : "20140605T123446-0700",
    "endTime" : "20140605T124040-0700",
    "activities" : [ {
      "activity" : "walking",
      "group" : "walking",
      "manual" : false,
      "startTime" : "20140605T123446-0700",
      "endTime" : "20140605T124039-0700",
      "duration" : 353.0,
      "distance" : 411.0,
      "steps" : 688
    } ],
    "lastUpdate" : "20140605T211901Z"
  }, {
    "type" : "move",
    "startTime" : "20140605T140925-0700",
    "endTime" : "20140605T141730-0700",
    "activities" : [ {
      "activity" : "cycling",
      "group" : "cycling",
      "manual" : false,
      "startTime" : "20140605T140925-0700",
      "endTime" : "20140605T141730-0700",
      "duration" : 485.0,
      "distance" : 2712.0
    } ],
    "lastUpdate" : "20140606T011125Z"
  }, {
    "type" : "move",
    "startTime" : "20140605T155629-0700",
    "endTime" : "20140605T170506-0700",
    "activities" : [ {
      "activity" : "transport",
      "group" : "transport",
      "manual" : false,
      "startTime" : "20140605T155629-0700",
      "endTime" : "20140605T170506-0700",
      "duration" : 4117.0,
      "distance" : 66324.0
    } ],
    "lastUpdate" : "20140606T011135Z"
  }, {
    "type" : "place",
    "startTime" : "20140605T170506-0700",
    "endTime" : "20140605T181106-0700",
    "activities" : [ {
      "activity" : "walking",
      "group" : "walking",
      "manual" : false,
      "startTime" : "20140605T170627-0700",
      "endTime" : "20140605T170757-0700",
      "duration" : 90.0,
      "distance" : 66.0,
      "steps" : 132
    } ],
    "lastUpdate" : "20140606T065035Z"
  }, {
    "type" : "move",
    "startTime" : "20140605T181106-0700",
    "endTime" : "20140605T192432-0700",
    "activities" : [ {
      "activity" : "transport",
      "group" : "transport",
      "manual" : false,
      "startTime" : "20140605T181106-0700",
      "endTime" : "20140605T192432-0700",
      "duration" : 4406.0,
      "distance" : 70462.0
    } ],
    "lastUpdate" : "20140606T065035Z"
  }, {
    "type" : "place",
    "startTime" : "20140605T192432-0700",
    "endTime" : "20140605T213359-0700",
    "activities" : [ {
      "activity" : "walking",
      "group" : "walking",
      "manual" : false,
      "startTime" : "20140605T192432-0700",
      "endTime" : "20140605T192440-0700",
      "duration" : 8.0,
      "distance" : 4.0,
      "steps" : 8
    } ],
    "lastUpdate" : "20140606T065039Z"
  }, {
    "type" : "move",
    "startTime" : "20140605T213359-0700",
    "endTime" : "20140605T215331-0700",
    "activities" : [ {
      "activity" : "walking",
      "group" : "walking",
      "manual" : false,
      "startTime" : "20140605T213359-0700",
      "endTime" : "20140605T215331-0700",
      "duration" : 1172.0,
      "distance" : 1566.0,
      "steps" : 2273
    } ],
    "lastUpdate" : "20140606T065039Z"
  }, {
    "type" : "place",
    "startTime" : "20140605T215331-0700",
    "endTime" : "20140606T003642-0700",
    "activities" : [ {
      "activity" : "walking",
      "group" : "walking",
      "manual" : false,
      "startTime" : "20140605T235420-0700",
      "endTime" : "20140605T235550-0700",
      "duration" : 90.0,
      "distance" : 46.0,
      "steps" : 92
    } ],
    "lastUpdate" : "20140606T155212Z"
  } ],
  "lastUpdate" : "20140606T155212Z"
}, {
  "date" : "20140606",
  "summary" : [ {
    "activity" : "walking",
    "group" : "walking",
    "duration" : 4726.0,
    "distance" : 6263.0,
    "steps" : 8823
  }, {
    "activity" : "transport",
    "group" : "transport",
    "duration" : 1714.0,
    "distance" : 8496.0
  } ],
  "segments" : [ {
    "type" : "move",
    "startTime" : "20140606T003642-0700",
    "endTime" : "20140606T010024-0700",
    "activities" : [ {
      "activity" : "walking",
      "group" : "walking",
      "manual" : false,
      "startTime" : "20140606T003642-0700",
      "endTime" : "20140606T010024-0700",
      "duration" : 1422.0,
      "distance" : 1732.0,
      "steps" : 2785
    } ],
    "lastUpdate" : "20140606T155212Z"
  }, {
    "type" : "move",
    "startTime" : "20140606T085045-0700",
    "endTime" : "20140606T091845-0700",
    "activities" : [ {
      "activity" : "transport",
      "group" : "transport",
      "manual" : false,
      "startTime" : "20140606T085045-0700",
      "endTime" : "20140606T090119-0700",
      "duration" : 634.0,
      "distance" : 2098.0
    }, {
      "activity" : "walking",
      "group" : "walking",
      "manual" : false,
      "startTime" : "20140606T090118-0700",
      "endTime" : "20140606T091844-0700",
      "duration" : 1046.0,
      "distance" : 1276.0,
      "steps" : 1630
    } ],
    "lastUpdate" : "20140606T190028Z"
  }, {
    "type" : "move",
    "startTime" : "20140606T115832-0700",
    "endTime" : "20140606T123300-0700",
    "activities" : [ {
      "activity" : "walking",
      "group" : "walking",
      "manual" : false,
      "startTime" : "20140606T115832-0700",
      "endTime" : "20140606T123301-0700",
      "duration" : 2069.0,
      "distance" : 3097.0,
      "steps" : 4141
    } ],
    "lastUpdate" : "20140607T022937Z"
  }, {
    "type" : "move",
    "startTime" : "20140606T192739-0700",
    "endTime" : "20140606T194059-0700",
    "activities" : [ {
      "activity" : "transport",
      "group" : "transport",
      "manual" : false,
      "startTime" : "20140606T192739-0700",
      "endTime" : "20140606T193751-0700",
      "duration" : 612.0,
      "distance" : 3548.0
    }, {
      "activity" : "walking",
      "group" : "walking",
      "manual" : false,
      "startTime" : "20140606T193750-0700",
      "endTime" : "20140606T194059-0700",
      "duration" : 189.0,
      "distance" : 158.0,
      "steps" : 267
    } ],
    "lastUpdate" : "20140607T185333Z"
  }, {
    "type" : "move",
    "startTime" : "20140606T211950-0700",
    "endTime" : "20140606T212739-0700",
    "activities" : [ {
      "activity" : "transport",
      "group" : "transport",
      "manual" : false,
      "startTime" : "20140606T211950-0700",
      "endTime" : "20140606T212738-0700",
      "duration" : 468.0,
      "distance" : 2850.0
    } ],
    "lastUpdate" : "20140607T185335Z"
  } ],
  "lastUpdate" : "20140608T022151Z"
}, {
  "date" : "20140607",
  "summary" : [ {
    "activity" : "walking",
    "group" : "walking",
    "duration" : 3138.0,
    "distance" : 2597.0,
    "steps" : 4220
  }, {
    "activity" : "transport",
    "group" : "transport",
    "duration" : 4966.0,
    "distance" : 31590.0
  }, {
    "activity" : "running",
    "group" : "running",
    "duration" : 456.0,
    "distance" : 1089.0,
    "steps" : 1165
  } ],
  "segments" : [ {
    "type" : "move",
    "startTime" : "20140607T115141-0700",
    "endTime" : "20140607T125402-0700",
    "activities" : [ {
      "activity" : "running",
      "group" : "running",
      "manual" : false,
      "startTime" : "20140607T115141-0700",
      "endTime" : "20140607T115917-0700",
      "duration" : 456.0,
      "distance" : 1089.0,
      "steps" : 1165
    }, {
      "activity" : "transport",
      "group" : "transport",
      "manual" : false,
      "startTime" : "20140607T115917-0700",
      "endTime" : "20140607T124150-0700",
      "duration" : 2553.0,
      "distance" : 23936.0
    }, {
      "activity" : "walking",
      "group" : "walking",
      "manual" : false,
      "startTime" : "20140607T124149-0700",
      "endTime" : "20140607T125402-0700",
      "duration" : 733.0,
      "distance" : 487.0,
      "steps" : 796
    } ],
    "lastUpdate" : "20140608T022151Z"
  }, {
    "type" : "move",
    "startTime" : "20140607T130104-0700",
    "endTime" : "20140607T135352-0700",
    "activities" : [ {
      "activity" : "transport",
      "group" : "transport",
      "manual" : false,
      "startTime" : "20140607T130104-0700",
      "endTime" : "20140607T134117-0700",
      "duration" : 2413.0,
      "distance" : 7654.0
    }, {
      "activity" : "walking",
      "group" : "walking",
      "manual" : false,
      "startTime" : "20140607T134116-0700",
      "endTime" : "20140607T135352-0700",
      "duration" : 756.0,
      "distance" : 619.0,
      "steps" : 1238
    } ],
    "lastUpdate" : "20140608T022151Z"
  }, {
    "type" : "move",
    "startTime" : "20140607T143517-0700",
    "endTime" : "20140607T144037-0700",
    "activities" : [ {
      "activity" : "walking",
      "group" : "walking",
      "manual" : false,
      "startTime" : "20140607T143517-0700",
      "endTime" : "20140607T144037-0700",
      "duration" : 320.0,
      "distance" : 368.0,
      "steps" : 427
    } ],
    "lastUpdate" : "20140608T022154Z"
  }, {
    "type" : "place",
    "startTime" : "20140607T144037-0700",
    "endTime" : "20140607T181408-0700",
    "activities" : [ {
      "activity" : "walking",
      "group" : "walking",
      "manual" : false,
      "startTime" : "20140607T144123-0700",
      "endTime" : "20140607T144323-0700",
      "duration" : 120.0,
      "distance" : 107.0,
      "steps" : 142
    }, {
      "activity" : "walking",
      "group" : "walking",
      "manual" : false,
      "startTime" : "20140607T172917-0700",
      "endTime" : "20140607T173220-0700",
      "duration" : 183.0,
      "distance" : 137.0,
      "steps" : 176
    }, {
      "activity" : "walking",
      "group" : "walking",
      "manual" : false,
      "startTime" : "20140607T180037-0700",
      "endTime" : "20140607T180707-0700",
      "duration" : 390.0,
      "distance" : 374.0,
      "steps" : 499
    } ],
    "lastUpdate" : "20140609T033608Z"
  }, {
    "type" : "move",
    "startTime" : "20140607T190624-0700",
    "endTime" : "20140607T191630-0700",
    "activities" : [ {
      "activity" : "walking",
      "group" : "walking",
      "manual" : false,
      "startTime" : "20140607T190624-0700",
      "endTime" : "20140607T191630-0700",
      "duration" : 606.0,
      "distance" : 485.0,
      "steps" : 901
    } ],
    "lastUpdate" : "20140609T033608Z"
  }, {
    "type" : "place",
    "startTime" : "20140607T191631-0700",
    "endTime" : "20140607T192415-0700",
    "activities" : [ {
      "activity" : "walking",
      "group" : "walking",
      "manual" : false,
      "startTime" : "20140607T191905-0700",
      "endTime" : "20140607T191935-0700",
      "duration" : 30.0,
      "distance" : 20.0,
      "steps" : 41
    } ],
    "lastUpdate" : "20140609T033608Z"
  } ],
  "lastUpdate" : "20140609T194254Z"
}, {
  "date" : "20140608",
  "summary" : null,
  "segments" : null,
  "lastUpdate" : "20140609T194254Z"
} ]