[ {
  "date" : "20140616",
  "summary" : [ {
    "activity" : "transport",
    "group" : "transport",
    "duration" : 7765.0,
    "distance" : 133880.0
  }, {
    "activity" : "walking",
    "group" : "walking",
    "duration" : 1118.0,
    "distance" : 1281.0,
    "steps" : 1860
  } ],
  "segments" : [ {
    "type" : "move",
    "startTime" : "20140616T153352-0700",
    "endTime" : "20140616T163004-0700",
    "activities" : [ {
      "activity" : "transport",
      "group" : "transport",
      "manual" : false,
      "startTime" : "20140616T153352-0700",
      "endTime" : "20140616T163005-0700",
      "duration" : 3373.0,
      "distance" : 60588.0
    } ],
    "lastUpdate" : "20140617T021359Z"
  }, {
    "type" : "place",
    "startTime" : "20140616T163004-0700",
    "endTime" : "20140616T180807-0700",
    "activities" : [ {
      "activity" : "walking",
      "group" : "walking",
      "manual" : false,
      "startTime" : "20140616T163412-0700",
      "endTime" : "20140616T163442-0700",
      "duration" : 30.0,
      "distance" : 15.0,
      "steps" : 30
    } ],
    "lastUpdate" : "20140617T092655Z"
  }, {
    "type" : "move",
    "startTime" : "20140616T180807-0700",
    "endTime" : "20140616T191243-0700",
    "activities" : [ {
      "activity" : "transport",
      "group" : "transport",
      "manual" : false,
      "startTime" : "20140616T180807-0700",
      "endTime" : "20140616T191243-0700",
      "duration" : 3876.0,
      "distance" : 70296.0
    } ],
    "lastUpdate" : "20140617T092655Z"
  }, {
    "type" : "place",
    "startTime" : "20140616T191243-0700",
    "endTime" : "20140616T191508-0700",
    "activities" : [ {
      "activity" : "walking",
      "group" : "walking",
      "manual" : false,
      "startTime" : "20140616T191243-0700",
      "endTime" : "20140616T191341-0700",
      "duration" : 58.0,
      "distance" : 39.0,
      "steps" : 78
    } ],
    "lastUpdate" : "20140617T092655Z"
  }, {
    "type" : "move",
    "startTime" : "20140616T191508-0700",
    "endTime" : "20140616T191851-0700",
    "activities" : [ {
      "activity" : "walking",
      "group" : "walking",
      "manual" : false,
      "startTime" : "20140616T191508-0700",
      "endTime" : "20140616T191851-0700",
      "duration" : 223.0,
      "distance" : 380.0,
      "steps" : 317
    } ],
    "lastUpdate" : "20140617T092655Z"
  }, {
    "type" : "place",
    "startTime" : "20140616T191851-0700",
    "endTime" : "20140616T210327-0700",
    "activities" : [ {
      "activity" : "walking",
      "group" : "walking",
      "manual" : false,
      "startTime" : "20140616T191851-0700",
      "endTime" : "20140616T191926-0700",
      "duration" : 35.0,
      "distance" : 33.0,
      "steps" : 67
    } ],
    "lastUpdate" : "20140617T092702Z"
  }, {
    "type" : "move",
    "startTime" : "20140616T210327-0700",
    "endTime" : "20140616T211537-0700",
    "activities" : [ {
      "activity" : "walking",
      "group" : "walking",
      "manual" : false,
      "startTime" : "20140616T210327-0700",
      "endTime" : "20140616T211019-0700",
      "duration" : 412.0,
      "distance" : 454.0,
      "steps" : 829
    }, {
      "activity" : "transport",
      "group" : "transport",
      "manual" : false,
      "startTime" : "20140616T211019-0700",
      "endTime" : "20140616T211537-0700",
      "duration" : 318.0,
      "distance" : 1496.0
    } ],
    "lastUpdate" : "20140617T092702Z"
  }, {
    "type" : "place",
    "startTime" : "20140616T211537-0700",
    "endTime" : "20140616T213631-0700",
    "activities" : [ {
      "activity" : "walking",
      "group" : "walking",
      "manual" : false,
      "startTime" : "20140616T211820-0700",
      "endTime" : "20140616T211950-0700",
      "duration" : 90.0,
      "distance" : 86.0,
      "steps" : 173
    } ],
    "lastUpdate" : "20140617T092708Z"
  }, {
    "type" : "move",
    "startTime" : "20140616T213631-0700",
    "endTime" : "20140616T213949-0700",
    "activities" : [ {
      "activity" : "transport",
      "group" : "transport",
      "manual" : false,
      "startTime" : "20140616T213631-0700",
      "endTime" : "20140616T213949-0700",
      "duration" : 198.0,
      "distance" : 1500.0
    } ],
    "lastUpdate" : "20140617T092708Z"
  }, {
    "type" : "place",
    "startTime" : "20140616T213950-0700",
    "endTime" : "20140617T151152-0700",
    "activities" : [ {
      "activity" : "walking",
      "group" : "walking",
      "manual" : false,
      "startTime" : "20140616T214220-0700",
      "endTime" : "20140616T214650-0700",
      "duration" : 270.0,
      "distance" : 274.0,
      "steps" : 366
    } ],
    "lastUpdate" : "20140618T065202Z"
  } ],
  "lastUpdate" : "20140618T065202Z"
}, {
  "date" : "20140617",
  "summary" : [ {
    "activity" : "walking",
    "group" : "walking",
    "duration" : 343.0,
    "distance" : 348.0,
    "steps" : 499
  }, {
    "activity" : "cycling",
    "group" : "cycling",
    "duration" : 337.0,
    "distance" : 1654.0
  }, {
    "activity" : "transport",
    "group" : "transport",
    "duration" : 1000.0,
    "distance" : 1611.0
  } ],
  "segments" : [ {
    "type" : "place",
    "startTime" : "20140616T213950-0700",
    "endTime" : "20140617T151152-0700",
    "activities" : [ {
      "activity" : "walking",
      "group" : "walking",
      "manual" : false,
      "startTime" : "20140617T022632-0700",
      "endTime" : "20140617T022650-0700",
      "duration" : 18.0,
      "distance" : 9.0,
      "steps" : 18
    } ],
    "lastUpdate" : "20140618T065202Z"
  }, {
    "type" : "move",
    "startTime" : "20140617T151152-0700",
    "endTime" : "20140617T151729-0700",
    "activities" : [ {
      "activity" : "cycling",
      "group" : "cycling",
      "manual" : false,
      "startTime" : "20140617T151152-0700",
      "endTime" : "20140617T151729-0700",
      "duration" : 337.0,
      "distance" : 1654.0
    } ],
    "lastUpdate" : "20140618T065202Z"
  }, {
    "type" : "place",
    "startTime" : "20140617T151729-0700",
    "endTime" : "20140617T170328-0700",
    "activities" : [ {
      "activity" : "walking",
      "group" : "walking",
      "manual" : false,
      "startTime" : "20140617T151849-0700",
      "endTime" : "20140617T151949-0700",
      "duration" : 60.0,
      "distance" : 56.0,
      "steps" : 112
    } ],
    "lastUpdate" : "20140618T065205Z"
  }, {
    "type" : "move",
    "startTime" : "20140617T170328-0700",
    "endTime" : "20140617T170652-0700",
    "activities" : [ {
      "activity" : "walking",
      "group" : "walking",
      "manual" : false,
      "startTime" : "20140617T170328-0700",
      "endTime" : "20140617T170653-0700",
      "duration" : 205.0,
      "distance" : 235.0,
      "steps" : 273
    } ],
    "lastUpdate" : "20140618T065205Z"
  }, {
    "type" : "place",
    "startTime" : "20140617T170652-0700",
    "endTime" : "20140617T233518-0700",
    "activities" : [ {
      "activity" : "walking",
      "group" : "walking",
      "manual" : false,
      "startTime" : "20140617T171128-0700",
      "endTime" : "20140617T171228-0700",
      "duration" : 60.0,
      "distance" : 48.0,
      "steps" : 96
    } ],
    "lastUpdate" : "20140619T010922Z"
  }, {
    "type" : "move",
    "startTime" : "20140617T233518-0700",
    "endTime" : "20140617T235158-0700",
    "activities" : [ {
      "activity" : "transport",
      "group" : "transport",
      "manual" : false,
      "startTime" : "20140617T233518-0700",
      "endTime" : "20140617T235158-0700",
      "duration" : 1000.0,
      "distance" : 1611.0
    } ],
    "lastUpdate" : "20140619T010922Z"
  } ],
  "lastUpdate" : "20140619T050419Z"
}, {
  "date" : "20140618",
  "summary" : [ {
    "activity" : "walking",
    "group" : "walking",
    "duration" : 670.0,
    "distance" : 613.0,
    "steps" : 904
  }, {
    "activity" : "transport",
    "group" : "transport",
    "duration" : 579.0,
    "distance" : 2296.0
  }, {
    "activity" : "cycling",
    "group" : "cycling",
    "duration" : 362.0,
    "distance" : 2487.0
  } ],
  "segments" : [ {
    "type" : "move",
    "startTime" : "20140618T180556-0700",
    "endTime" : "20140618T181814-0700",
    "activities" : [ {
      "activity" : "transport",
      "group" : "transport",
      "manual" : false,
      "startTime" : "20140618T180556-0700",
      "endTime" : "20140618T181535-0700",
      "duration" : 579.0,
      "distance" : 2296.0
    }, {
      "activity" : "walking",
      "group" : "walking",
      "manual" : false,
      "startTime" : "20140618T181535-0700",
      "endTime" : "20140618T181814-0700",
      "duration" : 159.0,
      "distance" : 138.0,
      "steps" : 236
    } ],
    "lastUpdate" : "20140619T050419Z"
  }, {
    "type" : "move",
    "startTime" : "20140618T211405-0700",
    "endTime" : "20140618T211656-0700",
    "activities" : [ {
      "activity" : "walking",
      "group" : "walking",
      "manual" : false,
      "startTime" : "20140618T211405-0700",
      "endTime" : "20140618T211655-0700",
      "duration" : 170.0,
      "distance" : 196.0,
      "steps" : 227
    } ],
    "lastUpdate" : "20140619T050421Z"
  }, {
    "type" : "move",
    "startTime" : "20140618T212204-0700",
    "endTime" : "20140618T212746-0700",
    "activities" : [ {
      "activity" : "walking",
      "group" : "walking",
      "manual" : false,
      "startTime" : "20140618T212204-0700",
      "endTime" : "20140618T212745-0700",
      "duration" : 341.0,
      "distance" : 279.0,
      "steps" : 441
    } ],
    "lastUpdate" : "20140619T050421Z"
  }, {
    "type" : "move",
    "startTime" : "20140618T215720-0700",
    "endTime" : "20140618T220322-0700",
    "activities" : [ {
      "activity" : "cycling",
      "group" : "cycling",
      "manual" : false,
      "startTime" : "20140618T215720-0700",
      "endTime" : "20140618T220322-0700",
      "duration" : 362.0,
      "distance" : 2487.0
    } ],
    "lastUpdate" : "20140619T163152Z"
  } ],
  "lastUpdate" : "20140619T215052Z"
}, {
  "date" : "20140619",
  "summary" : [ {
    "activity" : "cycling",
    "group" : "cycling",
    "duration" : 1184.0,
    "distance" : 4556.0
  }, {
    "activity" : "walking",
    "group" : "walking",
    "duration" : 2148.0,
    "distance" : 2206.0,
    "steps" : 2997
  }, {
    "activity" : "transport",
    "group" : "transport",
    "duration" : 4421.0,
    "distance" : 41392.0
  } ],
  "segments" : [ {
    "type" : "move",
    "startTime" : "20140619T092926-0700",
    "endTime" : "20140619T093807-0700",
    "activities" : [ {
      "activity" : "cycling",
      "group" : "cycling",
      "manual" : false,
      "startTime" : "20140619T092926-0700",
      "endTime" : "20140619T093807-0700",
      "duration" : 521.0,
      "distance" : 1810.0
    } ],
    "lastUpdate" : "20140619T215052Z"
  }, {
    "type" : "place",
    "startTime" : "20140619T093807-0700",
    "endTime" : "20140619T111726-0700",
    "activities" : [ {
      "activity" : "walking",
      "group" : "walking",
      "manual" : false,
      "startTime" : "20140619T093807-0700",
      "endTime" : "20140619T093836-0700",
      "duration" : 29.0,
      "distance" : 15.0,
      "steps" : 29
    } ],
    "lastUpdate" : "20140619T215055Z"
  }, {
    "type" : "move",
    "startTime" : "20140619T111726-0700",
    "endTime" : "20140619T112712-0700",
    "activities" : [ {
      "activity" : "transport",
      "group" : "transport",
      "manual" : false,
      "startTime" : "20140619T111726-0700",
      "endTime" : "20140619T112049-0700",
      "duration" : 203.0,
      "distance" : 684.0
    }, {
      "activity" : "walking",
      "group" : "walking",
      "manual" : false,
      "startTime" : "20140619T112049-0700",
      "endTime" : "20140619T112712-0700",
      "duration" : 383.0,
      "distance" : 285.0,
      "steps" : 449
    } ],
    "lastUpdate" : "20140619T215055Z"
  }, {
    "type" : "move",
    "startTime" : "20140619T145804-0700",
    "endTime" : "20140619T150247-0700",
    "activities" : [ {
      "activity" : "transport",
      "group" : "transport",
      "manual" : false,
      "startTime" : "20140619T145804-0700",
      "endTime" : "20140619T150247-0700",
      "duration" : 283.0,
      "distance" : 783.0
    } ],
    "lastUpdate" : "20140620T001237Z"
  }, {
    "type" : "place",
    "startTime" : "20140619T150247-0700",
    "endTime" : "20140619T153830-0700",
    "activities" : [ {
      "activity" : "walking",
      "group" : "walking",
      "manual" : false,
      "startTime" : "20140619T150254-0700",
      "endTime" : "20140619T150354-0700",
      "duration" : 60.0,
      "distance" : 66.0,
      "steps" : 132
    } ],
    "lastUpdate" : "20140703T003709Z"
  }, {
    "type" : "move",
    "startTime" : "20140619T153830-0700",
    "endTime" : "20140619T154232-0700",
    "activities" : [ {
      "activity" : "walking",
      "group" : "walking",
      "manual" : false,
      "startTime" : "20140619T153830-0700",
      "endTime" : "20140619T154232-0700",
      "duration" : 242.0,
      "distance" : 278.0,
      "steps" : 322
    } ],
    "lastUpdate" : "20140620T001242Z"
  }, {
    "type" : "place",
    "startTime" : "20140619T154232-0700",
    "endTime" : "20140619T170400-0700",
    "activities" : [ {
      "activity" : "walking",
      "group" : "walking",
      "manual" : false,
      "startTime" : "20140619T154318-0700",
      "endTime" : "20140619T154348-0700",
      "duration" : 30.0,
      "distance" : 30.0,
      "steps" : 61
    } ],
    "lastUpdate" : "20140620T014006Z"
  }, {
    "type" : "move",
    "startTime" : "20140619T170400-0700",
    "endTime" : "20140619T171119-0700",
    "activities" : [ {
      "activity" : "cycling",
      "group" : "cycling",
      "manual" : false,
      "startTime" : "20140619T170400-0700",
      "endTime" : "20140619T171118-0700",
      "duration" : 438.0,
      "distance" : 1813.0
    } ],
    "lastUpdate" : "20140620T014006Z"
  }, {
    "type" : "move",
    "startTime" : "20140619T174245-0700",
    "endTime" : "20140619T180125-0700",
    "activities" : [ {
      "activity" : "cycling",
      "group" : "cycling",
      "manual" : false,
      "startTime" : "20140619T174245-0700",
      "endTime" : "20140619T174630-0700",
      "duration" : 225.0,
      "distance" : 933.0
    }, {
      "activity" : "transport",
      "group" : "transport",
      "manual" : false,
      "startTime" : "20140619T174630-0700",
      "endTime" : "20140619T180126-0700",
      "duration" : 896.0,
      "distance" : 6939.0
    } ],
    "lastUpdate" : "20140620T045748Z"
  }, {
    "type" : "place",
    "startTime" : "20140619T180125-0700",
    "endTime" : "20140619T181037-0700",
    "activities" : [ {
      "activity" : "walking",
      "group" : "walking",
      "manual" : false,
      "startTime" : "20140619T180908-0700",
      "endTime" : "20140619T180938-0700",
      "duration" : 30.0,
      "distance" : 15.0,
      "steps" : 20
    } ],
    "lastUpdate" : "20140620T045748Z"
  }, {
    "type" : "move",
    "startTime" : "20140619T181037-0700",
    "endTime" : "20140619T182646-0700",
    "activities" : [ {
      "activity" : "transport",
      "group" : "transport",
      "manual" : false,
      "startTime" : "20140619T181037-0700",
      "endTime" : "20140619T182646-0700",
      "duration" : 969.0,
      "distance" : 12814.0
    } ],
    "lastUpdate" : "20140620T045748Z"
  }, {
    "type" : "move",
    "startTime" : "20140619T183018-0700",
    "endTime" : "20140619T183732-0700",
    "activities" : [ {
      "activity" : "walking",
      "group" : "walking",
      "manual" : false,
      "startTime" : "20140619T183018-0700",
      "endTime" : "20140619T183732-0700",
      "duration" : 434.0,
      "distance" : 666.0,
      "steps" : 683
    } ],
    "lastUpdate" : "20140620T045748Z"
  }, {
    "type" : "place",
    "startTime" : "20140619T183732-0700",
    "endTime" : "20140619T220301-0700",
    "activities" : [ {
      "activity" : "walking",
      "group" : "walking",
      "manual" : false,
      "startTime" : "20140619T184103-0700",
      "endTime" : "20140619T184236-0700",
      "duration" : 93.0,
      "distance" : 85.0,
      "steps" : 171
    }, {
      "activity" : "walking",
      "group" : "walking",
      "manual" : false,
      "startTime" : "20140619T190000-0700",
      "endTime" : "20140619T190354-0700",
      "duration" : 234.0,
      "distance" : 275.0,
      "steps" : 366
    }, {
      "activity" : "walking",
      "group" : "walking",
      "manual" : false,
      "startTime" : "20140619T215902-0700",
      "endTime" : "20140619T220033-0700",
      "duration" : 91.0,
      "distance" : 56.0,
      "steps" : 111
    } ],
    "lastUpdate" : "20140622T010040Z"
  }, {
    "type" : "move",
    "startTime" : "20140619T220301-0700",
    "endTime" : "20140619T220743-0700",
    "activities" : [ {
      "activity" : "walking",
      "group" : "walking",
      "manual" : false,
      "startTime" : "20140619T220301-0700",
      "endTime" : "20140619T220743-0700",
      "duration" : 282.0,
      "distance" : 228.0,
      "steps" : 287
    } ],
    "lastUpdate" : "20140622T010041Z"
  }, {
    "type" : "place",
    "startTime" : "20140619T220744-0700",
    "endTime" : "20140619T222214-0700",
    "activities" : [ {
      "activity" : "walking",
      "group" : "walking",
      "manual" : false,
      "startTime" : "20140619T221303-0700",
      "endTime" : "20140619T221333-0700",
      "duration" : 30.0,
      "distance" : 20.0,
      "steps" : 41
    } ],
    "lastUpdate" : "20140622T010041Z"
  }, {
    "type" : "move",
    "startTime" : "20140619T222214-0700",
    "endTime" : "20140619T225843-0700",
    "activities" : [ {
      "activity" : "transport",
      "group" : "transport",
      "manual" : false,
      "startTime" : "20140619T222214-0700",
      "endTime" : "20140619T225216-0700",
      "duration" : 1802.0,
      "distance" : 19151.0
    }, {
      "activity" : "walking",
      "group" : "walking",
      "manual" : false,
      "startTime" : "20140619T225216-0700",
      "endTime" : "20140619T225416-0700",
      "duration" : 120.0,
      "distance" : 111.0,
      "steps" : 173
    }, {
      "activity" : "transport",
      "group" : "transport",
      "manual" : false,
      "startTime" : "20140619T225416-0700",
      "endTime" : "20140619T225844-0700",
      "duration" : 268.0,
      "distance" : 1021.0
    } ],
    "lastUpdate" : "20140622T010041Z"
  }, {
    "type" : "place",
    "startTime" : "20140619T225843-0700",
    "endTime" : "20140619T230220-0700",
    "activities" : [ {
      "activity" : "walking",
      "group" : "walking",
      "manual" : false,
      "startTime" : "20140619T230016-0700",
      "endTime" : "20140619T230146-0700",
      "duration" : 90.0,
      "distance" : 76.0,
      "steps" : 152
    } ],
    "lastUpdate" : "20140622T010041Z"
  } ],
  "lastUpdate" : "20140703T003709Z"
}, {
  "date" : "20140621",
  "summary" : [ {
    "activity" : "walking",
    "group" : "walking",
    "duration" : 150.0,
    "distance" : 152.0,
    "steps" : 212
  }, {
    "activity" : "transport",
    "group" : "transport",
    "duration" : 5480.0,
    "distance" : 144796.0
  } ],
  "segments" : [ {
    "type" : "place",
    "startTime" : "20140621T093051-0700",
    "endTime" : "20140621T180027-0700",
    "activities" : [ {
      "activity" : "walking",
      "group" : "walking",
      "manual" : false,
      "startTime" : "20140621T093909-0700",
      "endTime" : "20140621T093939-0700",
      "duration" : 30.0,
      "distance" : 15.0,
      "steps" : 30
    } ],
    "lastUpdate" : "20140622T113759Z"
  }, {
    "type" : "move",
    "startTime" : "20140621T180027-0700",
    "endTime" : "20140621T190458-0700",
    "activities" : [ {
      "activity" : "transport",
      "group" : "transport",
      "manual" : false,
      "startTime" : "20140621T180027-0700",
      "endTime" : "20140621T190458-0700",
      "duration" : 3871.0,
      "distance" : 91282.0
    } ],
    "lastUpdate" : "20140622T113759Z"
  }, {
    "type" : "place",
    "startTime" : "20140621T190458-0700",
    "endTime" : "20140621T233310-0700",
    "activities" : [ {
      "activity" : "walking",
      "group" : "walking",
      "manual" : false,
      "startTime" : "20140621T190558-0700",
      "endTime" : "20140621T190758-0700",
      "duration" : 120.0,
      "distance" : 137.0,
      "steps" : 182
    } ],
    "lastUpdate" : "20140622T113804Z"
  }, {
    "type" : "move",
    "startTime" : "20140621T233310-0700",
    "endTime" : "20140622T004135-0700",
    "activities" : [ {
      "activity" : "transport",
      "group" : "transport",
      "manual" : false,
      "startTime" : "20140621T233310-0700",
      "endTime" : "20140621T235959-0700",
      "duration" : 1609.0,
      "distance" : 53514.0
    } ],
    "lastUpdate" : "20140622T113804Z"
  } ],
  "lastUpdate" : "20140622T113804Z"
}, {
  "date" : "20140622",
  "summary" : [ {
    "activity" : "walking",
    "group" : "walking",
    "duration" : 799.0,
    "distance" : 891.0,
    "steps" : 1148
  }, {
    "activity" : "transport",
    "group" : "transport",
    "duration" : 2984.0,
    "distance" : 50342.0
  }, {
    "activity" : "running",
    "group" : "running",
    "duration" : 1407.0,
    "distance" : 4233.0,
    "steps" : 3348
  } ],
  "segments" : [ {
    "type" : "move",
    "startTime" : "20140621T233310-0700",
    "endTime" : "20140622T004135-0700",
    "activities" : [ {
      "activity" : "transport",
      "group" : "transport",
      "manual" : false,
      "startTime" : "20140622T000000-0700",
      "endTime" : "20140622T003635-0700",
      "duration" : 2195.0,
      "distance" : 46609.0
    }, {
      "activity" : "walking",
      "group" : "walking",
      "manual" : false,
      "startTime" : "20140622T003634-0700",
      "endTime" : "20140622T004135-0700",
      "duration" : 301.0,
      "distance" : 345.0,
      "steps" : 520
    } ],
    "lastUpdate" : "20140622T113804Z"
  }, {
    "type" : "place",
    "startTime" : "20140622T004135-0700",
    "endTime" : "20140622T043644-0700",
    "activities" : [ {
      "activity" : "walking",
      "group" : "walking",
      "manual" : false,
      "startTime" : "20140622T004435-0700",
      "endTime" : "20140622T004705-0700",
      "duration" : 150.0,
      "distance" : 138.0,
      "steps" : 184
    } ],
    "lastUpdate" : "20140623T024219Z"
  }, {
    "type" : "move",
    "startTime" : "20140622T043644-0700",
    "endTime" : "20140622T044953-0700",
    "activities" : [ {
      "activity" : "transport",
      "group" : "transport",
      "manual" : false,
      "startTime" : "20140622T043644-0700",
      "endTime" : "20140622T044953-0700",
      "duration" : 789.0,
      "distance" : 3733.0
    } ],
    "lastUpdate" : "20140623T024219Z"
  }, {
    "type" : "place",
    "startTime" : "20140622T044953-0700",
    "endTime" : "20140622T195129-0700",
    "activities" : [ {
      "activity" : "walking",
      "group" : "walking",
      "manual" : false,
      "startTime" : "20140622T045414-0700",
      "endTime" : "20140622T045544-0700",
      "duration" : 90.0,
      "distance" : 66.0,
      "steps" : 133
    } ],
    "lastUpdate" : "20140623T190017Z"
  }, {
    "type" : "move",
    "startTime" : "20140622T195129-0700",
    "endTime" : "20140622T201456-0700",
    "activities" : [ {
      "activity" : "running",
      "group" : "running",
      "manual" : false,
      "startTime" : "20140622T195129-0700",
      "endTime" : "20140622T201456-0700",
      "duration" : 1407.0,
      "distance" : 4233.0,
      "steps" : 3348
    } ],
    "lastUpdate" : "20140623T190017Z"
  }, {
    "type" : "place",
    "startTime" : "20140622T201456-0700",
    "endTime" : "20140622T201725-0700",
    "activities" : [ {
      "activity" : "walking",
      "group" : "walking",
      "manual" : false,
      "startTime" : "20140622T201456-0700",
      "endTime" : "20140622T201526-0700",
      "duration" : 30.0,
      "distance" : 20.0,
      "steps" : 40
    } ],
    "lastUpdate" : "20140623T190017Z"
  }, {
    "type" : "move",
    "startTime" : "20140622T201725-0700",
    "endTime" : "20140622T202113-0700",
    "activities" : [ {
      "activity" : "walking",
      "group" : "walking",
      "manual" : false,
      "startTime" : "20140622T201725-0700",
      "endTime" : "20140622T202113-0700",
      "duration" : 228.0,
      "distance" : 322.0,
      "steps" : 271
    } ],
    "lastUpdate" : "20140623T190018Z"
  } ],
  "lastUpdate" : "20140623T190018Z"
} ]