Date,Name,Start,End,Duration,Latitude,Longitude,Category,Link
6/12/14,School of Information,2014-06-12T14:17:14-07:00,2014-06-12T15:32:50-07:00,4536,37.87135752021174,-122.2584125748343,College Technology Building,http://foursquare.com/venue/4f184661e4b0b34551aaa7cb
6/12/14,Sutardja Dai Hall - CITRIS Building,2014-06-12T15:39:14-07:00,2014-06-12T17:52:21-07:00,7987,37.87481528371463,-122.2583994269371,College Technology Building,http://foursquare.com/venue/4a68c693f964a520fcca1fe3
6/12/14,School of Information,2014-06-12T17:59:47-07:00,2014-06-12T18:13:05-07:00,798,37.87135752021174,-122.2584125748343,College Technology Building,http://foursquare.com/venue/4f184661e4b0b34551aaa7cb
6/12/14,Home,2014-06-12T18:28:27-07:00,2014-06-13T00:00:00-07:00,19893,37.8651493645,-122.282029798,Home,
