Date,Name,Start,End,Duration,Latitude,Longitude,Category,Link
6/10/14,Home,2014-06-10T00:00:00-07:00,2014-06-10T12:36:50-07:00,45410,37.8651493645,-122.282029798,Home,
6/10/14,Memorial Glade,2014-06-10T12:49:00-07:00,2014-06-10T15:17:26-07:00,8906,37.87303846604494,-122.2594095918372,College Quad,http://foursquare.com/venue/4b7485dcf964a520b8e12de3
6/10/14,School of Information,2014-06-10T15:20:24-07:00,2014-06-10T15:25:30-07:00,306,37.87135752021174,-122.2584125748343,College Technology Building,http://foursquare.com/venue/4f184661e4b0b34551aaa7cb
6/10/14,Sutardja Dai Hall - CITRIS Building,2014-06-10T15:34:03-07:00,2014-06-10T17:39:58-07:00,7555,37.87481528371463,-122.2583994269371,College Technology Building,http://foursquare.com/venue/4a68c693f964a520fcca1fe3
6/10/14,Place in Berkeley,2014-06-10T17:50:46-07:00,2014-06-10T17:54:26-07:00,220,37.8686860677,-122.2590823391,,
6/10/14,"Place in University of California, Berkeley",2014-06-10T17:59:22-07:00,2014-06-10T20:35:28-07:00,9366,37.8704821681,-122.2585077862,,
6/10/14,Home,2014-06-10T20:42:44-07:00,2014-06-11T00:00:00-07:00,11836,37.8651493645,-122.282029798,Home,
