Date,Name,Start,End,Duration,Latitude,Longitude,Category,Link
6/11/14,Home,2014-06-11T00:00:00-07:00,2014-06-11T10:24:37-07:00,37477,37.8651493645,-122.282029798,Home,
6/11/14,Sutardja Dai Hall - CITRIS Building,2014-06-11T10:34:00-07:00,2014-06-11T13:25:16-07:00,10276,37.87481528371463,-122.2583994269371,College Technology Building,http://foursquare.com/venue/4a68c693f964a520fcca1fe3
6/11/14,School of Information,2014-06-11T13:31:40-07:00,2014-06-11T18:45:16-07:00,18816,37.87135752021174,-122.2584125748343,College Technology Building,http://foursquare.com/venue/4f184661e4b0b34551aaa7cb
6/11/14,Recreational Sports Facility (RSF),2014-06-11T18:54:55-07:00,2014-06-11T19:03:41-07:00,526,37.8686826907337,-122.262618027927,College Gym,http://foursquare.com/venue/4a68deb9f964a52028cb1fe3
6/11/14,Home,2014-06-11T22:35:27-07:00,2014-06-11T22:47:20-07:00,713,37.8651493645,-122.282029798,Home,
