Date,Name,Start,End,Duration,Latitude,Longitude,Category,Link
7/8/14,Home,2014-07-08T00:00:00-07:00,2014-07-08T13:10:51-07:00,47451,37.8651493645,-122.282029798,Home,
7/8/14,Siemens Berkeley,2014-07-08T13:19:32-07:00,2014-07-08T13:30:00-07:00,628,37.8704362297,-122.2662692272,Work,
7/8/14,School of Information,2014-07-08T13:33:16-07:00,2014-07-08T16:06:28-07:00,9192,37.87135752021174,-122.2584125748343,College Technology Building,http://foursquare.com/venue/4f184661e4b0b34551aaa7cb
7/8/14,Sutardja Dai Hall - CITRIS Building,2014-07-08T16:15:34-07:00,2014-07-08T17:54:23-07:00,5929,37.87481528371463,-122.2583994269371,College Technology Building,http://foursquare.com/venue/4a68c693f964a520fcca1fe3
