[ {
  "date" : "20140603",
  "segments" : [ {
    "type" : "place",
    "startTime" : "20140603T010231-0700",
    "endTime" : "20140603T152242-0700",
    "place" : {
      "id" : 72187887,
      "name" : "Home",
      "type" : "home",
      "location" : {
        "lat" : 37.8651493645,
        "lon" : -122.282029798
      }
    },
    "lastUpdate" : "20140605T055655Z"
  }, {
    "type" : "place",
    "startTime" : "20140603T152854-0700",
    "endTime" : "20140603T161148-0700",
    "place" : {
      "id" : 72392429,
      "name" : "Herbivore",
      "type" : "foursquare",
      "foursquareId" : "4a2b2909f964a520af961fe3",
      "foursquareCategoryIds" : [ "4bf58dd8d48988d1d3941735" ],
      "location" : {
        "lat" : 37.864724,
        "lon" : -122.267372
      }
    },
    "lastUpdate" : "20140605T055851Z"
  }, {
    "type" : "place",
    "startTime" : "20140603T162205-0700",
    "endTime" : "20140603T210143-0700",
    "place" : {
      "id" : 72412230,
      "name" : "School of Information",
      "type" : "foursquare",
      "foursquareId" : "4f184661e4b0b34551aaa7cb",
      "foursquareCategoryIds" : [ "4bf58dd8d48988d19f941735" ],
      "location" : {
        "lat" : 37.87135752021174,
        "lon" : -122.2584125748343
      }
    },
    "lastUpdate" : "20140605T055803Z"
  }, {
    "type" : "place",
    "startTime" : "20140603T210638-0700",
    "endTime" : "20140603T225918-0700",
    "place" : {
      "id" : 72458029,
      "name" : "Recreational Sports Facility (RSF)",
      "type" : "foursquare",
      "foursquareId" : "4a68deb9f964a52028cb1fe3",
      "foursquareCategoryIds" : [ "4bf58dd8d48988d1b2941735" ],
      "location" : {
        "lat" : 37.8686826907337,
        "lon" : -122.262618027927
      }
    },
    "lastUpdate" : "20140605T055742Z"
  }, {
    "type" : "place",
    "startTime" : "20140603T230417-0700",
    "endTime" : "20140603T234900-0700",
    "place" : {
      "id" : 72483000,
      "name" : "Bangkok Noodles & Thai BBQ",
      "type" : "foursquare",
      "foursquareId" : "4c68398f73851b8d0e02ba39",
      "foursquareCategoryIds" : [ "4bf58dd8d48988d149941735" ],
      "location" : {
        "lat" : 37.872681,
        "lon" : -122.268581
      }
    },
    "lastUpdate" : "20140605T055749Z"
  }, {
    "type" : "place",
    "startTime" : "20140603T235340-0700",
    "endTime" : "20140604T152113-0700",
    "place" : {
      "id" : 72187887,
      "name" : "Home",
      "type" : "home",
      "location" : {
        "lat" : 37.8651493645,
        "lon" : -122.282029798
      }
    },
    "lastUpdate" : "20140605T055655Z"
  } ],
  "lastUpdate" : "20140605T055851Z"
}, {
  "date" : "20140604",
  "segments" : [ {
    "type" : "place",
    "startTime" : "20140603T235340-0700",
    "endTime" : "20140604T152113-0700",
    "place" : {
      "id" : 72187887,
      "name" : "Home",
      "type" : "home",
      "location" : {
        "lat" : 37.8651493645,
        "lon" : -122.282029798
      }
    },
    "lastUpdate" : "20140605T055655Z"
  }, {
    "type" : "place",
    "startTime" : "20140604T161200-0700",
    "endTime" : "20140604T171150-0700",
    "place" : {
      "id" : 72187887,
      "name" : "Home",
      "type" : "home",
      "location" : {
        "lat" : 37.8651493645,
        "lon" : -122.282029798
      }
    },
    "lastUpdate" : "20140605T055655Z"
  }, {
    "type" : "place",
    "startTime" : "20140604T171759-0700",
    "endTime" : "20140604T182208-0700",
    "place" : {
      "id" : 72753205,
      "name" : "Berkeley Bowl West",
      "type" : "foursquare",
      "foursquareId" : "4a2c53e1f964a5204d971fe3",
      "foursquareCategoryIds" : [ "4bf58dd8d48988d118951735" ],
      "location" : {
        "lat" : 37.85343161834265,
        "lon" : -122.2900965337171
      }
    },
    "lastUpdate" : "20140605T055722Z"
  }, {
    "type" : "place",
    "startTime" : "20140604T183033-0700",
    "endTime" : "20140605T103641-0700",
    "place" : {
      "id" : 72187887,
      "name" : "Home",
      "type" : "home",
      "location" : {
        "lat" : 37.8651493645,
        "lon" : -122.282029798
      }
    },
    "lastUpdate" : "20140605T184840Z"
  } ],
  "lastUpdate" : "20140605T184840Z"
}, {
  "date" : "20140605",
  "segments" : [ {
    "type" : "place",
    "startTime" : "20140604T183033-0700",
    "endTime" : "20140605T103641-0700",
    "place" : {
      "id" : 72187887,
      "name" : "Home",
      "type" : "home",
      "location" : {
        "lat" : 37.8651493645,
        "lon" : -122.282029798
      }
    },
    "lastUpdate" : "20140605T184840Z"
  }, {
    "type" : "place",
    "startTime" : "20140605T105001-0700",
    "endTime" : "20140605T105936-0700",
    "place" : {
      "id" : 72412230,
      "name" : "School of Information",
      "type" : "foursquare",
      "foursquareId" : "4f184661e4b0b34551aaa7cb",
      "foursquareCategoryIds" : [ "4bf58dd8d48988d19f941735" ],
      "location" : {
        "lat" : 37.87135752021174,
        "lon" : -122.2584125748343
      }
    },
    "lastUpdate" : "20140605T184840Z"
  }, {
    "type" : "place",
    "startTime" : "20140605T110323-0700",
    "endTime" : "20140605T123446-0700",
    "place" : {
      "id" : 72958759,
      "type" : "unknown",
      "location" : {
        "lat" : 37.8746003862,
        "lon" : -122.2587579188
      }
    },
    "lastUpdate" : "20140605T211901Z"
  }, {
    "type" : "place",
    "startTime" : "20140605T124040-0700",
    "endTime" : "20140605T140925-0700",
    "place" : {
      "id" : 72412230,
      "name" : "School of Information",
      "type" : "foursquare",
      "foursquareId" : "4f184661e4b0b34551aaa7cb",
      "foursquareCategoryIds" : [ "4bf58dd8d48988d19f941735" ],
      "location" : {
        "lat" : 37.87135752021174,
        "lon" : -122.2584125748343
      }
    },
    "lastUpdate" : "20140606T011125Z"
  }, {
    "type" : "place",
    "startTime" : "20140605T141730-0700",
    "endTime" : "20140605T155629-0700",
    "place" : {
      "id" : 72187887,
      "name" : "Home",
      "type" : "home",
      "location" : {
        "lat" : 37.8651493645,
        "lon" : -122.282029798
      }
    },
    "lastUpdate" : "20140606T011135Z"
  }, {
    "type" : "place",
    "startTime" : "20140605T170506-0700",
    "endTime" : "20140605T181106-0700",
    "place" : {
      "id" : 73056560,
      "type" : "unknown",
      "location" : {
        "lat" : 37.4640609873,
        "lon" : -122.1285669556
      }
    },
    "lastUpdate" : "20140606T065035Z"
  }, {
    "type" : "place",
    "startTime" : "20140605T192432-0700",
    "endTime" : "20140605T213359-0700",
    "place" : {
      "id" : 72187887,
      "name" : "Home",
      "type" : "home",
      "location" : {
        "lat" : 37.8651493645,
        "lon" : -122.282029798
      }
    },
    "lastUpdate" : "20140606T065039Z"
  }, {
    "type" : "place",
    "startTime" : "20140605T215331-0700",
    "endTime" : "20140606T003642-0700",
    "place" : {
      "id" : 73109797,
      "type" : "unknown",
      "location" : {
        "lat" : 37.870812308,
        "lon" : -122.2929270405
      }
    },
    "lastUpdate" : "20140606T155212Z"
  } ],
  "lastUpdate" : "20140606T155212Z"
}, {
  "date" : "20140606",
  "segments" : [ {
    "type" : "place",
    "startTime" : "20140605T215331-0700",
    "endTime" : "20140606T003642-0700",
    "place" : {
      "id" : 73109797,
      "type" : "unknown",
      "location" : {
        "lat" : 37.870812308,
        "lon" : -122.2929270405
      }
    },
    "lastUpdate" : "20140606T155212Z"
  }, {
    "type" : "place",
    "startTime" : "20140606T010024-0700",
    "endTime" : "20140606T085045-0700",
    "place" : {
      "id" : 72187887,
      "name" : "Home",
      "type" : "home",
      "location" : {
        "lat" : 37.8651493645,
        "lon" : -122.282029798
      }
    },
    "lastUpdate" : "20140606T190028Z"
  }, {
    "type" : "place",
    "startTime" : "20140606T091845-0700",
    "endTime" : "20140606T115832-0700",
    "place" : {
      "id" : 72958759,
      "type" : "unknown",
      "location" : {
        "lat" : 37.8746003862,
        "lon" : -122.2587579188
      }
    },
    "lastUpdate" : "20140607T022937Z"
  }, {
    "type" : "place",
    "startTime" : "20140606T123300-0700",
    "endTime" : "20140606T192739-0700",
    "place" : {
      "id" : 72187887,
      "name" : "Home",
      "type" : "home",
      "location" : {
        "lat" : 37.8651493645,
        "lon" : -122.282029798
      }
    },
    "lastUpdate" : "20140607T185333Z"
  }, {
    "type" : "place",
    "startTime" : "20140606T194059-0700",
    "endTime" : "20140606T211950-0700",
    "place" : {
      "id" : 73741012,
      "type" : "unknown",
      "location" : {
        "lat" : 37.8693516962,
        "lon" : -122.2624896863
      }
    },
    "lastUpdate" : "20140607T185335Z"
  }, {
    "type" : "place",
    "startTime" : "20140606T212815-0700",
    "endTime" : "20140607T115141-0700",
    "place" : {
      "id" : 72187887,
      "name" : "Home",
      "type" : "home",
      "location" : {
        "lat" : 37.8651493645,
        "lon" : -122.282029798
      }
    },
    "lastUpdate" : "20140608T022151Z"
  } ],
  "lastUpdate" : "20140608T022151Z"
}, {
  "date" : "20140607",
  "segments" : [ {
    "type" : "place",
    "startTime" : "20140606T212815-0700",
    "endTime" : "20140607T115141-0700",
    "place" : {
      "id" : 72187887,
      "name" : "Home",
      "type" : "home",
      "location" : {
        "lat" : 37.8651493645,
        "lon" : -122.282029798
      }
    },
    "lastUpdate" : "20140608T022151Z"
  }, {
    "type" : "place",
    "startTime" : "20140607T125403-0700",
    "endTime" : "20140607T130104-0700",
    "place" : {
      "id" : 73773566,
      "type" : "unknown",
      "location" : {
        "lat" : 37.7846127687,
        "lon" : -122.4071395759
      }
    },
    "lastUpdate" : "20140608T022151Z"
  }, {
    "type" : "place",
    "startTime" : "20140607T135353-0700",
    "endTime" : "20140607T143517-0700",
    "place" : {
      "id" : 73873625,
      "type" : "unknown",
      "location" : {
        "lat" : 37.7705862489,
        "lon" : -122.4828503099
      }
    },
    "lastUpdate" : "20140608T022154Z"
  }, {
    "type" : "place",
    "startTime" : "20140607T144037-0700",
    "endTime" : "20140607T181408-0700",
    "place" : {
      "id" : 73873675,
      "type" : "unknown",
      "location" : {
        "lat" : 37.7693260714,
        "lon" : -122.4861069042
      }
    },
    "lastUpdate" : "20140609T033608Z"
  }, {
    "type" : "place",
    "startTime" : "20140607T191631-0700",
    "endTime" : "20140607T192415-0700",
    "place" : {
      "id" : 73909251,
      "type" : "unknown",
      "location" : {
        "lat" : 37.7723603308,
        "lon" : -122.4894246704
      }
    },
    "lastUpdate" : "20140609T033608Z"
  }, {
    "type" : "place",
    "startTime" : "20140607T221758-0700",
    "endTime" : "20140608T002704-0700",
    "place" : {
      "id" : 72187887,
      "name" : "Home",
      "type" : "home",
      "location" : {
        "lat" : 37.8651493645,
        "lon" : -122.282029798
      }
    },
    "lastUpdate" : "20140609T194254Z"
  } ],
  "lastUpdate" : "20140609T194254Z"
}, {
  "date" : "20140608",
  "segments" : [ {
    "type" : "place",
    "startTime" : "20140607T221758-0700",
    "endTime" : "20140608T002704-0700",
    "place" : {
      "id" : 72187887,
      "name" : "Home",
      "type" : "home",
      "location" : {
        "lat" : 37.8651493645,
        "lon" : -122.282029798
      }
    },
    "lastUpdate" : "20140609T194254Z"
  }, {
    "type" : "place",
    "startTime" : "20140608T203709-0700",
    "endTime" : "20140609T083255-0700",
    "place" : {
      "id" : 72187887,
      "name" : "Home",
      "type" : "home",
      "location" : {
        "lat" : 37.8651493645,
        "lon" : -122.282029798
      }
    },
    "lastUpdate" : "20140609T194254Z"
  } ],
  "lastUpdate" : "20140609T194254Z"
} ]