[ {
  "date" : "20140609",
  "segments" : [ {
    "type" : "place",
    "startTime" : "20140608T203709-0700",
    "endTime" : "20140609T083255-0700",
    "place" : {
      "id" : 72187887,
      "name" : "Home",
      "type" : "home",
      "location" : {
        "lat" : 37.8651493645,
        "lon" : -122.282029798
      }
    },
    "lastUpdate" : "20140609T194254Z"
  }, {
    "type" : "place",
    "startTime" : "20140609T085405-0700",
    "endTime" : "20140609T123714-0700",
    "place" : {
      "id" : 74484878,
      "type" : "unknown",
      "location" : {
        "lat" : 37.8742685131,
        "lon" : -122.2586981009
      }
    },
    "lastUpdate" : "20140610T003714Z"
  }, {
    "type" : "place",
    "startTime" : "20140609T124239-0700",
    "endTime" : "20140609T143454-0700",
    "place" : {
      "id" : 72412230,
      "name" : "School of Information",
      "type" : "foursquare",
      "foursquareId" : "4f184661e4b0b34551aaa7cb",
      "foursquareCategoryIds" : [ "4bf58dd8d48988d19f941735" ],
      "location" : {
        "lat" : 37.87135752021174,
        "lon" : -122.2584125748343
      }
    },
    "lastUpdate" : "20140610T003716Z"
  }, {
    "type" : "place",
    "startTime" : "20140609T144702-0700",
    "endTime" : "20140609T154215-0700",
    "place" : {
      "id" : 72187887,
      "name" : "Home",
      "type" : "home",
      "location" : {
        "lat" : 37.8651493645,
        "lon" : -122.282029798
      }
    },
    "lastUpdate" : "20140610T003720Z"
  }, {
    "type" : "place",
    "startTime" : "20140609T163816-0700",
    "endTime" : "20140609T173422-0700",
    "place" : {
      "id" : 74821146,
      "name" : "Ravenswood Child Development Center",
      "type" : "foursquare",
      "foursquareId" : "4db87b111e7206c23d0924b2",
      "location" : {
        "lat" : 37.46093,
        "lon" : -122.1331
      }
    },
    "lastUpdate" : "20140610T213638Z"
  }, {
    "type" : "place",
    "startTime" : "20140609T173732-0700",
    "endTime" : "20140609T174226-0700",
    "place" : {
      "id" : 74563566,
      "type" : "unknown",
      "location" : {
        "lat" : 37.4629617072,
        "lon" : -122.1302079718
      }
    },
    "lastUpdate" : "20140610T190557Z"
  }, {
    "type" : "place",
    "startTime" : "20140609T184850-0700",
    "endTime" : "20140609T195220-0700",
    "place" : {
      "id" : 72187887,
      "name" : "Home",
      "type" : "home",
      "location" : {
        "lat" : 37.8651493645,
        "lon" : -122.282029798
      }
    },
    "lastUpdate" : "20140610T190557Z"
  }, {
    "type" : "place",
    "startTime" : "20140609T200151-0700",
    "endTime" : "20140609T215938-0700",
    "place" : {
      "id" : 72458029,
      "name" : "Recreational Sports Facility (RSF)",
      "type" : "foursquare",
      "foursquareId" : "4a68deb9f964a52028cb1fe3",
      "foursquareCategoryIds" : [ "4bf58dd8d48988d1b2941735" ],
      "location" : {
        "lat" : 37.8686826907337,
        "lon" : -122.262618027927
      }
    },
    "lastUpdate" : "20140610T190557Z"
  }, {
    "type" : "place",
    "startTime" : "20140609T221404-0700",
    "endTime" : "20140609T230127-0700",
    "place" : {
      "id" : 74821269,
      "name" : "Tuk Tuk Thai Cafe",
      "type" : "foursquare",
      "foursquareId" : "43334580f964a5200f281fe3",
      "foursquareCategoryIds" : [ "4bf58dd8d48988d149941735" ],
      "location" : {
        "lat" : 37.86449386303605,
        "lon" : -122.2677398582839
      }
    },
    "lastUpdate" : "20140610T213709Z"
  }, {
    "type" : "place",
    "startTime" : "20140609T230602-0700",
    "endTime" : "20140610T123650-0700",
    "place" : {
      "id" : 72187887,
      "name" : "Home",
      "type" : "home",
      "location" : {
        "lat" : 37.8651493645,
        "lon" : -122.282029798
      }
    },
    "lastUpdate" : "20140610T213437Z"
  } ],
  "lastUpdate" : "20140610T213709Z"
}, {
  "date" : "20140610",
  "segments" : [ {
    "type" : "place",
    "startTime" : "20140609T230602-0700",
    "endTime" : "20140610T123650-0700",
    "place" : {
      "id" : 72187887,
      "name" : "Home",
      "type" : "home",
      "location" : {
        "lat" : 37.8651493645,
        "lon" : -122.282029798
      }
    },
    "lastUpdate" : "20140610T213437Z"
  }, {
    "type" : "place",
    "startTime" : "20140610T124900-0700",
    "endTime" : "20140610T151726-0700",
    "place" : {
      "id" : 74820760,
      "name" : "Memorial Glade",
      "type" : "foursquare",
      "foursquareId" : "4b7485dcf964a520b8e12de3",
      "foursquareCategoryIds" : [ "4bf58dd8d48988d1aa941735" ],
      "location" : {
        "lat" : 37.87303846604494,
        "lon" : -122.2594095918372
      }
    },
    "lastUpdate" : "20140611T004232Z"
  }, {
    "type" : "place",
    "startTime" : "20140610T152024-0700",
    "endTime" : "20140610T152530-0700",
    "place" : {
      "id" : 72412230,
      "name" : "School of Information",
      "type" : "foursquare",
      "foursquareId" : "4f184661e4b0b34551aaa7cb",
      "foursquareCategoryIds" : [ "4bf58dd8d48988d19f941735" ],
      "location" : {
        "lat" : 37.87135752021174,
        "lon" : -122.2584125748343
      }
    },
    "lastUpdate" : "20140611T004232Z"
  }, {
    "type" : "place",
    "startTime" : "20140610T153403-0700",
    "endTime" : "20140610T173958-0700",
    "place" : {
      "id" : 73323513,
      "name" : "Sutardja Dai Hall - CITRIS Building",
      "type" : "foursquare",
      "foursquareId" : "4a68c693f964a520fcca1fe3",
      "foursquareCategoryIds" : [ "4bf58dd8d48988d19f941735" ],
      "location" : {
        "lat" : 37.87481528371463,
        "lon" : -122.2583994269371
      }
    },
    "lastUpdate" : "20140611T043122Z"
  }, {
    "type" : "place",
    "startTime" : "20140610T175046-0700",
    "endTime" : "20140610T175426-0700",
    "place" : {
      "id" : 74856193,
      "type" : "unknown",
      "location" : {
        "lat" : 37.8686860677,
        "lon" : -122.2590823391
      }
    },
    "lastUpdate" : "20140611T043100Z"
  }, {
    "type" : "place",
    "startTime" : "20140610T175922-0700",
    "endTime" : "20140610T203528-0700",
    "place" : {
      "id" : 74856197,
      "type" : "unknown",
      "location" : {
        "lat" : 37.8704821681,
        "lon" : -122.2585077862
      }
    },
    "lastUpdate" : "20140611T043104Z"
  }, {
    "type" : "place",
    "startTime" : "20140610T204244-0700",
    "endTime" : "20140611T102437-0700",
    "place" : {
      "id" : 72187887,
      "name" : "Home",
      "type" : "home",
      "location" : {
        "lat" : 37.8651493645,
        "lon" : -122.282029798
      }
    },
    "lastUpdate" : "20140611T203209Z"
  } ],
  "lastUpdate" : "20140611T203209Z"
}, {
  "date" : "20140611",
  "segments" : [ {
    "type" : "place",
    "startTime" : "20140610T204244-0700",
    "endTime" : "20140611T102437-0700",
    "place" : {
      "id" : 72187887,
      "name" : "Home",
      "type" : "home",
      "location" : {
        "lat" : 37.8651493645,
        "lon" : -122.282029798
      }
    },
    "lastUpdate" : "20140611T203209Z"
  }, {
    "type" : "place",
    "startTime" : "20140611T103400-0700",
    "endTime" : "20140611T132516-0700",
    "place" : {
      "id" : 73323513,
      "name" : "Sutardja Dai Hall - CITRIS Building",
      "type" : "foursquare",
      "foursquareId" : "4a68c693f964a520fcca1fe3",
      "foursquareCategoryIds" : [ "4bf58dd8d48988d19f941735" ],
      "location" : {
        "lat" : 37.87481528371463,
        "lon" : -122.2583994269371
      }
    },
    "lastUpdate" : "20140612T014753Z"
  }, {
    "type" : "place",
    "startTime" : "20140611T133140-0700",
    "endTime" : "20140611T184516-0700",
    "place" : {
      "id" : 72412230,
      "name" : "School of Information",
      "type" : "foursquare",
      "foursquareId" : "4f184661e4b0b34551aaa7cb",
      "foursquareCategoryIds" : [ "4bf58dd8d48988d19f941735" ],
      "location" : {
        "lat" : 37.87135752021174,
        "lon" : -122.2584125748343
      }
    },
    "lastUpdate" : "20140613T005602Z"
  }, {
    "type" : "place",
    "startTime" : "20140611T185455-0700",
    "endTime" : "20140611T190341-0700",
    "place" : {
      "id" : 72458029,
      "name" : "Recreational Sports Facility (RSF)",
      "type" : "foursquare",
      "foursquareId" : "4a68deb9f964a52028cb1fe3",
      "foursquareCategoryIds" : [ "4bf58dd8d48988d1b2941735" ],
      "location" : {
        "lat" : 37.8686826907337,
        "lon" : -122.262618027927
      }
    },
    "lastUpdate" : "20140613T005602Z"
  }, {
    "type" : "place",
    "startTime" : "20140611T223527-0700",
    "endTime" : "20140611T224720-0700",
    "place" : {
      "id" : 72187887,
      "name" : "Home",
      "type" : "home",
      "location" : {
        "lat" : 37.8651493645,
        "lon" : -122.282029798
      }
    },
    "lastUpdate" : "20140613T005602Z"
  } ],
  "lastUpdate" : "20140613T005602Z"
}, {
  "date" : "20140612",
  "segments" : [ {
    "type" : "place",
    "startTime" : "20140612T141714-0700",
    "endTime" : "20140612T153250-0700",
    "place" : {
      "id" : 72412230,
      "name" : "School of Information",
      "type" : "foursquare",
      "foursquareId" : "4f184661e4b0b34551aaa7cb",
      "foursquareCategoryIds" : [ "4bf58dd8d48988d19f941735" ],
      "location" : {
        "lat" : 37.87135752021174,
        "lon" : -122.2584125748343
      }
    },
    "lastUpdate" : "20140613T005604Z"
  }, {
    "type" : "place",
    "startTime" : "20140612T153914-0700",
    "endTime" : "20140612T175221-0700",
    "place" : {
      "id" : 73323513,
      "name" : "Sutardja Dai Hall - CITRIS Building",
      "type" : "foursquare",
      "foursquareId" : "4a68c693f964a520fcca1fe3",
      "foursquareCategoryIds" : [ "4bf58dd8d48988d19f941735" ],
      "location" : {
        "lat" : 37.87481528371463,
        "lon" : -122.2583994269371
      }
    },
    "lastUpdate" : "20140613T232722Z"
  }, {
    "type" : "place",
    "startTime" : "20140612T175947-0700",
    "endTime" : "20140612T181305-0700",
    "place" : {
      "id" : 72412230,
      "name" : "School of Information",
      "type" : "foursquare",
      "foursquareId" : "4f184661e4b0b34551aaa7cb",
      "foursquareCategoryIds" : [ "4bf58dd8d48988d19f941735" ],
      "location" : {
        "lat" : 37.87135752021174,
        "lon" : -122.2584125748343
      }
    },
    "lastUpdate" : "20140613T232722Z"
  }, {
    "type" : "place",
    "startTime" : "20140612T182827-0700",
    "endTime" : "20140613T085656-0700",
    "place" : {
      "id" : 72187887,
      "name" : "Home",
      "type" : "home",
      "location" : {
        "lat" : 37.8651493645,
        "lon" : -122.282029798
      }
    },
    "lastUpdate" : "20140613T232722Z"
  } ],
  "lastUpdate" : "20140613T232722Z"
}, {
  "date" : "20140613",
  "segments" : [ {
    "type" : "place",
    "startTime" : "20140612T182827-0700",
    "endTime" : "20140613T085656-0700",
    "place" : {
      "id" : 72187887,
      "name" : "Home",
      "type" : "home",
      "location" : {
        "lat" : 37.8651493645,
        "lon" : -122.282029798
      }
    },
    "lastUpdate" : "20140613T232722Z"
  }, {
    "type" : "place",
    "startTime" : "20140613T091216-0700",
    "endTime" : "20140613T104516-0700",
    "place" : {
      "id" : 73323513,
      "name" : "Sutardja Dai Hall - CITRIS Building",
      "type" : "foursquare",
      "foursquareId" : "4a68c693f964a520fcca1fe3",
      "foursquareCategoryIds" : [ "4bf58dd8d48988d19f941735" ],
      "location" : {
        "lat" : 37.87481528371463,
        "lon" : -122.2583994269371
      }
    },
    "lastUpdate" : "20140613T232722Z"
  }, {
    "type" : "place",
    "startTime" : "20140613T105504-0700",
    "endTime" : "20140613T112209-0700",
    "place" : {
      "id" : 72187887,
      "name" : "Home",
      "type" : "home",
      "location" : {
        "lat" : 37.8651493645,
        "lon" : -122.282029798
      }
    },
    "lastUpdate" : "20140613T232722Z"
  }, {
    "type" : "place",
    "startTime" : "20140613T120500-0700",
    "endTime" : "20140613T135352-0700",
    "place" : {
      "id" : 75828891,
      "type" : "unknown",
      "location" : {
        "lat" : 37.5637292876,
        "lon" : -122.3252240339
      }
    },
    "lastUpdate" : "20140613T232729Z"
  }, {
    "type" : "place",
    "startTime" : "20140613T140039-0700",
    "endTime" : "20140613T144603-0700",
    "place" : {
      "id" : 75828918,
      "type" : "unknown",
      "location" : {
        "lat" : 37.5652941153,
        "lon" : -122.3222786276
      }
    },
    "lastUpdate" : "20140613T232731Z"
  }, {
    "type" : "place",
    "startTime" : "20140613T150035-0700",
    "endTime" : "20140613T162448-0700",
    "place" : {
      "id" : 75869091,
      "type" : "unknown",
      "location" : {
        "lat" : 37.5504006563,
        "lon" : -122.3162247302
      }
    },
    "lastUpdate" : "20140614T024033Z"
  }, {
    "type" : "place",
    "startTime" : "20140613T162835-0700",
    "endTime" : "20140613T163921-0700",
    "place" : {
      "id" : 75869127,
      "type" : "unknown",
      "location" : {
        "lat" : 37.5504006563,
        "lon" : -122.3162247302
      }
    },
    "lastUpdate" : "20140614T024033Z"
  }, {
    "type" : "place",
    "startTime" : "20140613T173400-0700",
    "endTime" : "20140613T173652-0700",
    "place" : {
      "id" : 75869106,
      "type" : "unknown",
      "location" : {
        "lat" : 37.419920589,
        "lon" : -122.0957517532
      }
    },
    "lastUpdate" : "20140614T024033Z"
  }, {
    "type" : "place",
    "startTime" : "20140613T180749-0700",
    "endTime" : "20140613T184515-0700",
    "place" : {
      "id" : 75869123,
      "type" : "unknown",
      "location" : {
        "lat" : 37.4033396014,
        "lon" : -122.0854525385
      }
    },
    "lastUpdate" : "20140614T024042Z"
  }, {
    "type" : "place",
    "startTime" : "20140613T185033-0700",
    "endTime" : "20140613T192238-0700",
    "place" : {
      "id" : 75869156,
      "type" : "unknown",
      "location" : {
        "lat" : 37.3904241358,
        "lon" : -122.0948432734
      }
    },
    "lastUpdate" : "20140614T055024Z"
  }, {
    "type" : "place",
    "startTime" : "20140613T193036-0700",
    "endTime" : "20140613T205334-0700",
    "place" : {
      "id" : 75906258,
      "type" : "unknown",
      "location" : {
        "lat" : 37.3603739596,
        "lon" : -122.1242441011
      }
    },
    "lastUpdate" : "20140614T055043Z"
  }, {
    "type" : "place",
    "startTime" : "20140613T205937-0700",
    "endTime" : "20140613T214034-0700",
    "place" : {
      "id" : 75906258,
      "type" : "unknown",
      "location" : {
        "lat" : 37.3603739596,
        "lon" : -122.1242441011
      }
    },
    "lastUpdate" : "20140614T085437Z"
  }, {
    "type" : "place",
    "startTime" : "20140613T225016-0700",
    "endTime" : "20140614T084653-0700",
    "place" : {
      "id" : 75945996,
      "type" : "unknown",
      "location" : {
        "lat" : 36.9803702941,
        "lon" : -122.0603293345
      }
    },
    "lastUpdate" : "20140614T230256Z"
  } ],
  "lastUpdate" : "20140614T230256Z"
}, {
  "date" : "20140614",
  "segments" : [ {
    "type" : "place",
    "startTime" : "20140613T225016-0700",
    "endTime" : "20140614T084653-0700",
    "place" : {
      "id" : 75945996,
      "type" : "unknown",
      "location" : {
        "lat" : 36.9803702941,
        "lon" : -122.0603293345
      }
    },
    "lastUpdate" : "20140614T230256Z"
  }, {
    "type" : "place",
    "startTime" : "20140614T090619-0700",
    "endTime" : "20140614T185925-0700",
    "place" : {
      "id" : 76243205,
      "type" : "unknown",
      "location" : {
        "lat" : 36.9632505774,
        "lon" : -122.0219765901
      }
    },
    "lastUpdate" : "20140615T051041Z"
  }, {
    "type" : "place",
    "startTime" : "20140614T190237-0700",
    "endTime" : "20140614T190445-0700",
    "place" : {
      "id" : 76243205,
      "type" : "unknown",
      "location" : {
        "lat" : 36.9632505774,
        "lon" : -122.0219765901
      }
    },
    "lastUpdate" : "20140615T051041Z"
  }, {
    "type" : "place",
    "startTime" : "20140614T191013-0700",
    "endTime" : "20140614T191407-0700",
    "place" : {
      "id" : 76319845,
      "type" : "unknown",
      "location" : {
        "lat" : 36.9646420161,
        "lon" : -122.0202976457
      }
    },
    "lastUpdate" : "20140615T051041Z"
  }, {
    "type" : "place",
    "startTime" : "20140614T202223-0700",
    "endTime" : "20140614T215757-0700",
    "place" : {
      "id" : 76319846,
      "type" : "unknown",
      "location" : {
        "lat" : 36.9762826412,
        "lon" : -122.0269870647
      }
    },
    "lastUpdate" : "20140615T060600Z"
  }, {
    "type" : "place",
    "startTime" : "20140614T220112-0700",
    "endTime" : "20140614T224222-0700",
    "place" : {
      "id" : 76319924,
      "type" : "unknown",
      "location" : {
        "lat" : 36.9752194494,
        "lon" : -122.0280723422
      }
    },
    "lastUpdate" : "20140616T030739Z"
  }, {
    "type" : "place",
    "startTime" : "20140614T230556-0700",
    "endTime" : "20140614T231427-0700",
    "place" : {
      "id" : 76319924,
      "type" : "unknown",
      "location" : {
        "lat" : 36.9752194494,
        "lon" : -122.0280723422
      }
    },
    "lastUpdate" : "20140616T030739Z"
  }, {
    "type" : "place",
    "startTime" : "20140614T232136-0700",
    "endTime" : "20140614T233142-0700",
    "place" : {
      "id" : 76365356,
      "type" : "unknown",
      "location" : {
        "lat" : 36.9681430516,
        "lon" : -122.0505583313
      }
    },
    "lastUpdate" : "20140616T030739Z"
  } ],
  "lastUpdate" : "20140616T030739Z"
}, {
  "date" : "20140615",
  "segments" : [ {
    "type" : "place",
    "startTime" : "20140615T020218-0700",
    "endTime" : "20140615T021141-0700",
    "place" : {
      "id" : 75945996,
      "type" : "unknown",
      "location" : {
        "lat" : 36.9803702941,
        "lon" : -122.0603293345
      }
    },
    "lastUpdate" : "20140616T030739Z"
  }, {
    "type" : "place",
    "startTime" : "20140615T123145-0700",
    "endTime" : "20140615T125042-0700",
    "place" : {
      "id" : 76643430,
      "type" : "unknown",
      "location" : {
        "lat" : 36.9730839438,
        "lon" : -122.0272819505
      }
    },
    "lastUpdate" : "20140616T030741Z"
  }, {
    "type" : "place",
    "startTime" : "20140615T125817-0700",
    "endTime" : "20140615T151554-0700",
    "place" : {
      "id" : 76643435,
      "type" : "unknown",
      "location" : {
        "lat" : 36.9765270957,
        "lon" : -122.0272181019
      }
    },
    "lastUpdate" : "20140616T030743Z"
  }, {
    "type" : "place",
    "startTime" : "20140615T154806-0700",
    "endTime" : "20140615T212519-0700",
    "place" : {
      "id" : 76319846,
      "type" : "unknown",
      "location" : {
        "lat" : 36.9762826412,
        "lon" : -122.0269870647
      }
    },
    "lastUpdate" : "20140616T084444Z"
  }, {
    "type" : "place",
    "startTime" : "20140615T231238-0700",
    "endTime" : "20140616T001431-0700",
    "place" : {
      "id" : 72187887,
      "name" : "Home",
      "type" : "home",
      "location" : {
        "lat" : 37.8651493645,
        "lon" : -122.282029798
      }
    },
    "lastUpdate" : "20140617T021359Z"
  } ],
  "lastUpdate" : "20140617T021359Z"
} ]