[ {
  "date" : "20140616",
  "summary" : [ {
    "activity" : "transport",
    "group" : "transport",
    "duration" : 7765.0,
    "distance" : 133880.0
  }, {
    "activity" : "walking",
    "group" : "walking",
    "duration" : 1118.0,
    "distance" : 1281.0,
    "steps" : 1860
  } ],
  "lastUpdate" : "20140618T065202Z"
}, {
  "date" : "20140617",
  "summary" : [ {
    "activity" : "walking",
    "group" : "walking",
    "duration" : 343.0,
    "distance" : 348.0,
    "steps" : 499
  }, {
    "activity" : "cycling",
    "group" : "cycling",
    "duration" : 337.0,
    "distance" : 1654.0
  }, {
    "activity" : "transport",
    "group" : "transport",
    "duration" : 1000.0,
    "distance" : 1611.0
  } ],
  "lastUpdate" : "20140619T050419Z"
}, {
  "date" : "20140618",
  "summary" : [ {
    "activity" : "walking",
    "group" : "walking",
    "duration" : 670.0,
    "distance" : 613.0,
    "steps" : 904
  }, {
    "activity" : "transport",
    "group" : "transport",
    "duration" : 579.0,
    "distance" : 2296.0
  }, {
    "activity" : "cycling",
    "group" : "cycling",
    "duration" : 362.0,
    "distance" : 2487.0
  } ],
  "lastUpdate" : "20140619T215052Z"
}, {
  "date" : "20140619",
  "summary" : [ {
    "activity" : "cycling",
    "group" : "cycling",
    "duration" : 1184.0,
    "distance" : 4556.0
  }, {
    "activity" : "walking",
    "group" : "walking",
    "duration" : 2148.0,
    "distance" : 2206.0,
    "steps" : 2997
  }, {
    "activity" : "transport",
    "group" : "transport",
    "duration" : 4421.0,
    "distance" : 41392.0
  } ],
  "lastUpdate" : "20140703T003709Z"
}, {
  "date" : "20140621",
  "summary" : [ {
    "activity" : "walking",
    "group" : "walking",
    "duration" : 150.0,
    "distance" : 152.0,
    "steps" : 212
  }, {
    "activity" : "transport",
    "group" : "transport",
    "duration" : 5480.0,
    "distance" : 144796.0
  } ],
  "lastUpdate" : "20140622T113804Z"
}, {
  "date" : "20140622",
  "summary" : [ {
    "activity" : "walking",
    "group" : "walking",
    "duration" : 799.0,
    "distance" : 891.0,
    "steps" : 1148
  }, {
    "activity" : "transport",
    "group" : "transport",
    "duration" : 2984.0,
    "distance" : 50342.0
  }, {
    "activity" : "running",
    "group" : "running",
    "duration" : 1407.0,
    "distance" : 4233.0,
    "steps" : 3348
  } ],
  "lastUpdate" : "20140623T190018Z"
} ]