[ {
  "date" : "20140603",
  "summary" : [ {
    "activity" : "walking",
    "group" : "walking",
    "duration" : 1350.0,
    "distance" : 1403.0,
    "steps" : 2139
  }, {
    "activity" : "cycling",
    "group" : "cycling",
    "duration" : 802.0,
    "distance" : 4010.0
  }, {
    "activity" : "transport",
    "group" : "transport",
    "duration" : 651.0,
    "distance" : 2208.0
  } ],
  "lastUpdate" : "20140605T055851Z"
}, {
  "date" : "20140604",
  "summary" : [ {
    "activity" : "walking",
    "group" : "walking",
    "duration" : 1222.0,
    "distance" : 1017.0,
    "steps" : 1512
  }, {
    "activity" : "cycling",
    "group" : "cycling",
    "duration" : 731.0,
    "distance" : 4102.0
  }, {
    "activity" : "transport",
    "group" : "transport",
    "duration" : 3068.0,
    "distance" : 16711.0
  } ],
  "lastUpdate" : "20140605T184840Z"
}, {
  "date" : "20140605",
  "summary" : [ {
    "activity" : "cycling",
    "group" : "cycling",
    "duration" : 1284.0,
    "distance" : 5538.0
  }, {
    "activity" : "walking",
    "group" : "walking",
    "duration" : 2330.0,
    "distance" : 2952.0,
    "steps" : 4134
  }, {
    "activity" : "transport",
    "group" : "transport",
    "duration" : 8523.0,
    "distance" : 136786.0
  } ],
  "lastUpdate" : "20140606T155212Z"
}, {
  "date" : "20140606",
  "summary" : [ {
    "activity" : "walking",
    "group" : "walking",
    "duration" : 4726.0,
    "distance" : 6263.0,
    "steps" : 8823
  }, {
    "activity" : "transport",
    "group" : "transport",
    "duration" : 1714.0,
    "distance" : 8496.0
  } ],
  "lastUpdate" : "20140608T022151Z"
}, {
  "date" : "20140607",
  "summary" : [ {
    "activity" : "walking",
    "group" : "walking",
    "duration" : 3138.0,
    "distance" : 2597.0,
    "steps" : 4220
  }, {
    "activity" : "transport",
    "group" : "transport",
    "duration" : 4966.0,
    "distance" : 31590.0
  }, {
    "activity" : "running",
    "group" : "running",
    "duration" : 456.0,
    "distance" : 1089.0,
    "steps" : 1165
  } ],
  "lastUpdate" : "20140609T194254Z"
}, {
  "date" : "20140608",
  "summary" : null,
  "lastUpdate" : "20140609T194254Z"
} ]