name,air_temp,skin_temp,calories,gsr,heart_rate,steps
0,80.6,84.4,1.4,0.00115,62,0
1,80.6,84.4,1.8,0.00121,58,0
2,80.3,84.4,1.8,0.00121,73,0
3,80.2,84.5,1.8,0.00128,72,0
4,80.2,84.4,1.3,0.00122,63,0
5,80.2,84.4,1.7,0.00128,60,0
6,80.2,84.4,1.6,0.00136,58,0
7,80.2,84.4,1.9,0.00137,64,0
8,80.2,84.4,1.8,0.00144,61,0
9,80.2,84.5,1.8,0.00145,60,0
10,79.8,84.5,1.6,0.00144,60,0
11,79.7,84.4,1.6,0.00157,58,0
12,79.4,84.3,1.9,0.0016,56,0
13,79.2,84.4,1.8,0.00169,58,0
14,79.2,84.4,1.9,0.00172,59,0
15,79.2,84.4,1.8,0.00171,61,0
16,79.2,84.4,1.5,0.0017,59,0
17,79.2,84.3,1.7,0.0017,57,0
18,79.2,84.2,1.7,0.0019,59,0
19,79.2,84.2,1.7,0.00182,60,0
20,79.2,84.2,1.9,0.00173,57,0
21,78.9,84.2,1.3,0.000798,56,0
22,78.8,84.1,1.8,0.00117,56,0
23,78.8,83.9,1.4,0.00127,53,0
24,78.8,83.8,1.6,0.00135,58,0
25,79.1,83.8,1.7,0.00158,62,0
26,78.9,83.7,1.5,0.00167,73,0
27,78.8,83.5,1.5,0.00167,66,0
28,78.8,83.5,1.8,0.0016,56,0
29,79.1,83.7,1.7,0.00176,62,0
30,79.2,83.8,1.7,0.0017,66,0
31,79.2,83.9,1.5,0.00193,62,0
32,79.2,83.8,1.1,0.00215,61,0
33,79.6,83.8,1.3,0.00216,59,0
34,79.7,83.9,1.5,0.00216,62,0
35,79.7,83.9,1.6,0.00225,62,0
36,79.7,84.1,1.5,0.00211,60,0
37,79.7,84.0,1.4,0.0023,60,0
38,79.7,84.0,1.4,0.00241,60,0
39,79.7,84.1,1.7,0.00235,59,0
40,79.7,84.1,1.4,0.00254,60,0
41,79.7,84.0,1.2,0.00229,62,0
42,79.7,84.0,1.4,0.00223,58,0
43,79.7,83.9,1.6,0.00246,64,0
44,79.7,84.1,2.0,0.00229,58,0
45,79.7,84.5,1.6,0.000938,59,0
46,79.7,84.3,2.2,0.000917,56,0
47,79.7,84.2,2.7,0.000876,-10,11
48,79.4,84.2,2.2,0.00075,-10,0
49,79.9,84.0,1.4,0.000889,56,0
50,80.8,84.2,1.5,0.000885,53,0
51,81.7,84.2,1.5,0.000816,54,0
52,82.6,84.3,1.2,0.00101,53,0
53,83.2,84.6,1.7,0.0011,47,0
54,83.6,84.9,1.6,0.00121,52,0
55,84.1,84.9,1.2,0.000977,59,0
56,84.2,84.9,1.1,0.000979,50,0
57,84.5,84.9,1.3,0.000985,50,0
58,84.7,84.9,1.2,0.000996,53,0
59,84.7,84.9,1.1,0.00141,50,0
60,85.0,85.1,2.1,0.000943,51,0
61,84.2,85.3,1.7,0.000742,65,0
62,83.4,85.5,1.1,0.000774,57,0
63,83.6,85.7,1.1,0.000748,52,0
64,83.8,86.1,1.1,0.000773,51,0
65,84.1,86.4,1.0,0.0008,47,0
66,84.5,86.6,1.1,0.000801,48,0
67,85.0,86.9,1.1,0.000822,48,0
68,85.1,87.1,1.0,0.000801,52,0
69,85.4,87.3,1.1,0.00084,51,0
70,85.6,87.5,1.0,0.000817,52,0
71,85.6,87.6,1.1,0.000871,52,0
72,85.9,87.8,1.0,0.00087,53,0
73,86.0,88.0,1.1,0.00093,54,0
74,86.0,88.2,1.2,0.00088,52,0
75,86.0,88.2,1.0,0.000806,52,0
76,86.0,88.2,0.9,0.000863,52,0
77,85.7,88.0,1.0,0.000855,52,0
78,85.2,88.0,1.0,0.000857,53,0
79,85.1,88.0,0.9,0.000853,53,0
80,84.8,88.0,1.0,0.000894,53,0
81,84.3,88.0,1.0,0.000891,53,0
82,84.2,88.0,0.9,0.000901,53,0
83,84.2,87.9,1.6,0.000915,53,0
84,84.2,87.8,1.0,0.000871,49,0
85,84.5,87.8,1.1,0.000874,49,0
86,85.0,88.0,1.1,0.000884,50,0
87,85.1,88.2,1.0,0.000902,50,0
88,85.4,88.5,1.1,0.000924,49,0
89,85.9,88.7,1.0,0.000932,50,0
90,86.0,88.9,0.9,0.00101,51,0
91,86.3,89.2,1.1,0.000958,51,0
92,86.5,89.5,1.2,0.00103,50,0
93,86.8,89.4,1.4,0.000788,51,0
94,86.9,89.5,1.1,0.000802,50,0
95,86.9,89.6,1.0,0.000856,48,0
96,87.2,89.8,1.1,0.000846,50,0
97,87.3,89.9,1.1,0.000823,52,0
98,87.3,90.0,1.0,0.000832,51,0
99,87.7,90.3,1.1,0.00086,53,0
100,87.8,90.4,1.0,0.000865,53,0
101,87.8,90.7,1.2,0.000841,53,0
102,88.1,91.1,1.1,0.000826,52,0
103,88.6,91.4,1.1,0.00085,52,0
104,88.7,91.5,1.1,0.000833,53,0
105,89.0,91.7,1.0,0.00086,53,0
106,89.2,91.9,1.1,0.000894,54,0
107,89.5,92.1,1.1,0.000918,53,0
108,89.6,92.3,1.1,0.000898,53,0
109,89.9,92.4,1.0,0.00094,54,0
110,90.1,92.6,1.1,0.000934,55,0
111,90.4,92.8,1.1,0.000964,56,0
112,90.5,92.9,1.0,0.000974,55,0
113,90.5,93.1,1.1,0.00102,53,0
114,90.8,93.2,1.1,0.00104,55,0
115,91.0,93.3,1.0,0.00101,55,0
116,91.3,93.4,1.1,0.00114,55,0
117,91.4,93.6,1.1,0.00106,55,0
118,91.4,93.6,1.1,0.00111,54,0
119,91.4,93.7,1.0,0.00119,54,0
120,91.7,93.9,1.1,0.00117,55,0
121,91.8,93.9,1.1,0.00119,55,0
122,91.8,93.9,1.3,0.00158,65,0
123,91.2,94.1,1.0,0.00187,48,0
124,90.6,93.8,1.3,0.00187,48,0
125,90.2,93.3,1.4,0.00193,52,0
126,89.7,93.1,1.1,0.00208,48,0
127,89.0,92.8,1.2,0.00211,45,0
128,88.4,92.4,1.0,0.0021,46,0
129,87.9,92.1,1.1,0.00215,45,0
130,87.8,91.8,1.1,0.0021,45,0
131,87.5,91.6,1.1,0.00203,45,0
132,87.0,91.3,1.0,0.00197,45,0
133,86.9,91.0,1.1,0.00202,46,0
134,86.6,90.9,1.1,0.00203,46,0
135,86.5,90.7,1.1,0.002,48,0
136,86.1,90.6,1.1,0.00198,47,0
137,86.0,90.5,1.1,0.00197,49,0
138,85.7,90.4,1.1,0.00189,49,0
139,85.6,90.3,1.1,0.0019,50,0
140,85.6,90.8,1.3,0.00265,46,0
141,85.2,91.1,1.1,0.0029,45,0
142,85.1,91.0,1.1,0.0029,47,0
143,85.1,91.0,1.1,0.00318,50,0
144,84.8,91.0,1.1,0.00336,47,0
145,84.7,90.9,1.1,0.00357,47,0
146,84.7,90.7,1.1,0.0039,51,0
147,84.7,90.7,1.1,0.00407,47,0
148,84.7,90.5,1.4,0.00299,50,0
149,84.7,90.0,1.1,0.00156,48,0
150,84.3,90.0,1.1,0.00162,49,0
151,84.2,89.8,1.1,0.00165,52,0
152,84.2,89.8,1.1,0.00175,47,0
153,84.2,89.7,1.2,0.00176,48,0
154,84.2,89.7,1.6,0.00171,49,0
155,84.2,90.0,1.0,0.00174,51,0
156,84.5,90.0,1.4,0.00186,45,0
157,85.0,90.1,1.3,0.0022,53,0
158,85.1,90.3,1.0,0.00213,51,0
159,85.1,90.3,1.0,0.00212,49,0
160,85.1,90.3,1.1,0.00227,49,0
161,85.1,90.3,1.0,0.00228,47,0
162,85.4,90.3,1.0,0.0023,48,0
163,85.6,90.3,1.1,0.00236,47,0
164,85.6,90.4,1.0,0.00241,48,0
165,85.6,90.3,1.3,0.0106,49,0
166,85.9,90.4,1.1,0.0188,48,0
167,86.3,90.5,1.0,0.0184,48,0
168,86.8,90.5,0.9,0.0199,50,0
169,86.9,90.5,1.0,0.0219,50,0
170,87.2,90.5,0.9,0.0252,50,0
171,87.3,90.7,0.9,0.0265,51,0
172,87.7,90.7,1.0,0.0302,51,0
173,87.8,90.7,1.1,0.0331,51,0
174,88.1,90.9,1.0,0.0359,51,0
175,88.2,91.0,1.1,0.0387,51,0
176,88.6,91.0,1.0,0.0421,52,0
177,88.7,91.2,1.1,0.0458,52,0
178,88.7,91.2,1.0,0.0486,52,0
179,89.0,91.3,1.1,0.052,52,0
180,89.2,91.4,1.1,0.0561,51,0
181,89.2,91.4,1.4,0.0632,49,0
182,89.2,91.4,1.1,0.0587,48,0
183,89.5,91.4,1.0,0.0596,49,0
184,89.6,91.5,1.1,0.0602,49,0
185,89.6,91.6,1.0,0.0613,49,0
186,89.6,91.6,1.1,0.0644,50,0
187,89.9,91.9,1.1,0.0652,52,0
188,90.1,91.9,1.1,0.067,51,0
189,90.1,92.0,1.0,0.0723,51,0
190,90.1,92.1,1.1,0.0751,51,0
191,90.4,92.3,1.1,0.0772,51,0
192,90.5,92.3,1.0,0.0771,50,0
193,90.5,92.3,1.1,0.0816,50,0
194,90.5,92.5,1.1,0.086,52,0
195,90.5,92.5,1.1,0.0883,50,0
196,90.8,92.6,1.0,0.0904,52,0
197,91.0,92.8,1.1,0.0904,51,0
198,91.0,92.8,1.1,0.0971,52,0
199,91.0,92.8,1.0,0.1,52,0
200,91.0,93.0,1.1,0.104,52,0
201,91.0,93.0,1.1,0.109,53,0
202,91.0,93.0,1.1,0.113,52,0
203,91.0,93.1,1.0,0.115,52,0
204,91.0,93.2,1.1,0.12,52,0
205,91.3,93.2,1.1,0.122,52,0
206,91.4,93.2,1.0,0.127,52,0
207,91.4,93.2,1.1,0.133,52,0
208,91.4,93.4,1.1,0.149,54,0
209,91.4,93.4,1.3,0.0606,50,0
210,90.8,93.4,1.1,0.00467,44,0
211,89.9,93.4,1.1,0.00493,44,0
212,89.3,93.2,1.0,0.00502,43,0
213,88.8,93.0,1.0,0.00517,43,0
214,88.7,92.8,1.1,0.00525,46,0
215,88.4,92.6,1.0,0.00533,45,0
216,88.2,92.5,1.1,0.00557,45,0
217,87.9,92.3,1.0,0.0056,46,0
218,87.8,92.1,1.3,0.00479,46,0
219,87.5,91.8,1.1,0.00538,46,0
220,87.0,91.5,1.1,0.00536,44,0
221,86.6,91.3,1.1,0.00513,46,0
222,86.1,91.0,1.1,0.00525,45,0
223,85.7,90.8,1.0,0.00522,45,0
224,85.2,90.6,1.1,0.0051,44,0
225,85.1,90.4,1.1,0.00534,47,0
226,84.8,90.3,1.1,0.00508,47,0
227,84.7,90.1,1.2,0.00524,48,0
228,84.7,89.9,1.3,0.00552,53,0
229,84.3,89.6,1.0,0.00603,47,0
230,84.2,89.4,1.0,0.00597,49,0
231,84.2,89.3,1.1,0.00602,48,0
232,84.2,89.1,1.1,0.00596,49,0
233,84.2,89.1,1.1,0.0059,49,0
234,84.2,88.9,1.0,0.00601,50,0
235,84.2,88.9,1.2,0.00618,49,0
236,84.2,88.7,1.0,0.00687,49,0
237,83.9,88.6,1.1,0.00697,49,0
238,83.4,88.5,1.0,0.00686,47,0
239,83.3,88.5,1.0,0.00712,49,0
240,83.3,88.3,1.0,0.00724,48,0
241,83.3,88.2,1.4,0.00688,50,0
242,83.3,88.1,1.3,0.00704,52,0
243,83.3,87.8,1.2,0.00669,46,0
244,83.3,87.9,1.3,0.00637,50,0
245,83.0,88.1,1.0,0.00681,46,0
246,82.8,88.2,1.1,0.00692,48,0
247,82.8,88.2,0.8,0.0072,47,0
248,82.8,88.2,1.0,0.00766,47,0
249,82.8,88.2,1.1,0.00792,46,0
250,82.8,88.2,1.0,0.00811,47,0
251,82.5,88.2,1.0,0.00871,47,0
252,82.4,88.2,1.0,0.00891,47,0
253,82.4,88.2,1.1,0.00963,47,0
254,82.4,88.2,1.0,0.00966,47,0
255,82.4,88.2,1.1,0.0109,47,0
256,82.4,88.2,1.1,0.0115,46,0
257,82.4,88.2,1.0,0.0128,46,0
258,82.4,88.2,1.1,0.0128,47,0
259,82.4,88.2,1.1,0.0147,47,0
260,82.4,88.2,1.0,0.0167,47,0
261,82.4,88.2,1.1,0.0195,47,0
262,82.4,88.2,1.1,0.0234,46,0
263,82.7,88.2,1.0,0.0358,47,0
264,82.8,88.2,1.1,0.0437,46,0
265,82.8,88.2,1.1,0.0487,47,0
266,82.8,88.2,1.0,0.0599,46,0
267,82.8,88.2,1.1,0.0733,47,0
268,82.8,88.2,1.0,0.0929,46,0
269,82.8,88.3,1.1,0.116,48,0
270,82.8,88.3,1.1,0.146,47,0
271,82.8,88.4,1.0,0.198,47,0
272,82.8,88.4,1.1,0.253,47,0
273,82.8,88.5,1.1,0.31,47,0
274,82.8,88.5,1.0,0.378,48,0
275,82.8,88.5,1.1,0.534,48,0
276,82.8,88.5,1.1,0.709,48,0
277,82.8,88.5,1.0,0.869,48,0
278,82.8,88.5,1.1,1.05,49,0
279,82.8,88.5,1.0,1.27,47,0
280,82.8,88.5,1.1,1.52,48,0
281,82.8,88.5,1.1,1.59,48,0
282,82.8,88.5,1.0,1.8,49,0
283,82.8,88.5,1.1,1.97,49,0
284,82.8,88.5,1.1,2.18,47,0
285,82.8,88.5,1.0,2.43,47,0
286,82.8,88.5,1.1,2.61,48,0
287,82.8,88.5,1.1,2.75,49,0
288,82.8,88.5,1.0,2.9,48,0
289,82.8,88.5,1.1,3.22,47,0
290,82.8,88.5,1.1,3.39,47,0
291,82.8,88.5,1.0,3.59,47,0
292,82.8,88.5,1.1,3.71,47,0
293,82.8,88.5,1.1,3.86,47,0
294,82.8,88.5,1.0,3.95,47,0
295,82.8,88.5,1.1,4.07,47,0
296,82.8,88.5,1.1,4.2,47,0
297,82.8,88.5,1.0,4.43,47,0
298,82.8,88.5,0.9,4.73,47,0
299,82.8,88.5,1.0,4.91,48,0
300,82.8,88.5,0.9,4.94,47,0
301,82.8,88.5,0.9,5.06,47,0
302,82.8,88.5,1.4,5.51,48,0
303,82.8,88.5,1.1,5.55,40,0
304,82.8,88.5,1.1,5.24,42,0
305,82.8,88.5,1.1,4.96,42,0
306,82.8,88.5,1.1,4.75,43,0
307,83.2,88.5,1.0,4.55,46,0
308,83.3,88.5,1.3,4.79,45,0
309,83.6,88.7,1.0,7.24,45,0
310,84.4,88.9,1.1,6.88,46,0
311,85.0,89.1,1.0,6.54,45,0
312,85.7,89.2,1.1,6.18,46,0
313,86.3,89.4,1.2,5.69,49,0
314,86.5,89.6,1.1,5.23,50,0
315,86.5,89.8,1.1,5.03,44,0
316,86.1,89.8,1.1,4.67,48,0
317,86.0,89.8,1.0,4.54,45,0
318,86.0,89.9,1.1,4.37,47,0
319,86.0,89.9,1.0,4.2,45,0
320,86.0,89.8,1.1,4.12,50,0
321,86.0,89.8,1.0,3.91,46,0
322,86.0,89.8,1.1,3.81,48,0
323,86.0,89.8,1.0,3.66,48,0
324,86.0,89.8,1.0,3.57,48,0
325,86.0,89.8,1.2,3.25,48,0
326,85.7,89.8,1.0,2.76,55,0
327,85.6,89.7,1.1,2.61,47,0
328,85.2,89.5,1.4,2.01,54,0
329,85.1,89.4,1.1,1.21,44,0
330,85.1,89.2,1.1,1.16,45,0
331,85.1,89.1,1.2,1.09,50,0
332,85.1,89.1,1.2,1.08,57,0
333,85.1,89.1,1.1,1.01,47,0
334,85.1,89.1,1.1,1.01,49,0
335,85.1,89.1,1.1,0.971,46,0
336,85.1,89.3,1.3,2.52,43,0
337,84.8,89.4,1.1,2.85,40,0
338,85.0,89.4,1.0,2.81,39,0
339,85.1,89.4,1.0,2.69,39,0
340,85.4,89.4,1.2,2.74,42,0
341,85.6,89.4,1.0,2.89,40,0
342,85.9,89.6,1.1,2.8,43,0
343,86.3,89.6,1.0,2.84,43,0
344,86.5,89.3,1.5,0.595,40,0
345,86.5,89.1,1.1,0.364,41,0
346,86.8,89.1,1.0,0.381,44,0
347,86.9,89.1,1.1,0.389,42,0
348,86.9,89.1,1.1,0.374,43,0
349,87.2,89.3,1.1,0.386,43,0
350,87.3,89.4,1.1,0.378,45,0
351,87.3,89.6,1.1,0.366,42,0
352,87.7,89.6,1.1,0.361,42,0
353,87.8,89.8,1.3,0.335,47,0
354,87.8,90.1,1.0,0.351,43,0
355,87.8,90.3,1.1,0.392,45,0
356,88.1,90.4,1.0,0.415,44,0
357,88.2,90.5,0.9,0.434,42,0
358,88.2,90.6,1.1,0.44,41,0
359,88.2,90.7,1.1,0.467,44,0
360,88.6,90.8,1.2,0.482,51,0
361,88.7,91.0,1.0,0.487,46,0
362,88.7,91.0,1.2,0.508,47,0
363,89.0,91.2,1.0,0.603,49,0
364,89.2,91.2,1.1,0.626,43,0
365,89.2,91.2,1.0,0.609,43,0
366,89.5,91.4,1.3,0.725,50,0
367,90.2,91.6,1.0,0.975,42,0
368,91.1,91.8,1.1,1.04,44,0
369,91.7,92.1,1.1,1.14,45,0
370,92.2,92.4,1.0,1.14,45,0
371,92.6,92.7,1.1,1.16,46,0
372,92.8,92.9,1.1,1.17,44,0
373,93.1,93.1,1.0,1.19,44,0
374,93.2,93.3,1.1,1.22,46,0
375,93.2,93.4,1.1,1.23,47,0
376,93.5,93.6,1.1,1.26,47,0
377,93.7,93.7,1.0,1.29,46,0
378,93.7,93.9,1.1,1.3,47,0
379,93.7,94.0,1.1,1.31,46,0
380,94.0,94.1,1.0,1.33,48,0
381,94.1,94.1,1.1,1.35,47,0
382,94.1,94.3,1.1,1.37,46,0
383,94.1,94.3,1.0,1.39,47,0
384,94.1,94.4,1.1,1.38,47,0
385,94.4,94.5,1.1,1.42,47,0
386,94.6,94.5,1.0,1.41,47,0
387,94.6,94.6,1.1,1.43,48,0
388,94.6,94.8,1.1,1.43,48,0
389,94.6,94.8,1.1,1.4,48,0
390,94.2,94.8,1.3,0.615,53,0
391,93.5,94.7,1.1,0.579,43,0
392,92.6,94.5,1.0,0.554,44,0
393,91.7,94.2,1.1,0.566,45,0
394,91.1,94.0,1.1,0.533,45,0
395,90.3,93.7,1.0,0.51,44,0
396,89.7,93.4,1.1,0.508,44,0
397,89.3,93.2,1.0,0.475,43,0
398,89.2,92.9,1.1,0.495,45,0
399,88.8,92.8,1.1,0.482,44,0
400,88.4,92.5,1.0,0.473,46,0
401,88.2,92.4,1.1,0.472,45,0
402,88.2,92.3,1.1,0.464,44,0
403,87.9,92.1,1.1,0.459,45,0
404,87.8,92.1,1.0,0.458,45,0
405,87.8,91.9,1.1,0.458,44,0
406,87.8,91.9,1.1,0.444,45,0
407,87.8,91.9,1.0,0.448,44,0
408,87.5,91.8,1.1,0.441,44,0
409,87.3,91.6,1.0,0.429,45,0
410,87.3,91.6,1.1,0.439,45,0
411,87.3,91.6,1.1,0.421,44,0
412,87.3,91.5,1.0,0.416,45,0
413,87.3,91.4,1.1,0.42,45,0
414,87.3,91.4,1.1,0.41,44,0
415,87.3,91.4,1.0,0.417,44,0
416,87.3,91.4,1.1,0.415,46,0
417,87.3,91.4,1.0,0.414,45,0
418,87.0,91.3,1.1,0.413,45,0
419,86.9,91.2,1.1,0.41,45,0
420,86.9,91.2,1.0,0.41,45,0
421,86.9,91.2,1.1,0.399,45,0
422,86.9,91.2,1.1,0.398,46,0
423,86.9,91.2,1.0,0.393,44,0
424,86.9,91.2,1.1,0.392,45,0
425,86.9,91.2,1.1,0.404,45,0
426,86.9,91.1,1.0,0.405,46,0
427,86.9,91.0,1.1,0.384,45,0
428,86.9,91.0,1.1,0.383,46,0
429,86.9,91.0,1.0,0.393,46,0
430,86.9,91.0,1.1,0.381,45,0
431,86.9,91.0,1.1,0.362,45,0
432,86.9,90.9,1.1,0.378,45,0
433,86.9,90.7,1.0,0.387,46,0
434,86.9,90.7,1.1,0.379,46,0
435,86.6,90.7,1.1,0.367,46,0
436,86.8,90.7,1.0,0.376,46,0
437,86.6,90.7,1.1,0.383,46,0
438,86.5,90.6,1.0,0.381,45,0
439,86.8,90.5,1.1,0.369,45,0
440,86.6,90.5,1.1,0.372,45,0
441,86.5,90.5,1.0,0.37,46,0
442,86.5,90.5,1.1,0.365,46,0
443,86.5,90.5,1.1,0.361,45,0
444,86.5,90.5,1.0,0.371,46,0
445,86.5,90.5,1.1,0.374,46,0
446,86.5,90.5,1.1,0.37,46,0
447,86.5,90.5,1.0,0.363,45,0
448,86.5,90.4,1.1,0.367,45,0
449,86.5,90.4,1.4,0.523,49,0
450,86.5,90.5,0.9,0.82,46,0
451,86.8,90.5,1.1,0.839,41,0
452,87.2,90.5,1.0,0.863,42,0
453,87.7,90.7,1.1,0.899,42,0
454,87.8,90.7,1.0,0.91,42,0
455,88.1,90.7,1.0,0.917,43,0
456,88.6,90.9,1.0,0.916,43,0
457,88.7,91.0,1.2,0.911,44,0
458,88.7,91.0,1.0,0.745,57,0
459,88.4,91.2,1.0,0.727,43,0
460,87.9,91.2,1.0,0.703,43,0
461,87.5,91.1,1.0,0.703,44,0
462,87.3,90.9,1.2,0.648,42,0
463,87.0,90.6,1.0,0.61,43,0
464,86.6,90.4,1.0,0.616,42,0
465,86.5,90.2,1.1,0.562,44,0
466,86.1,90.0,1.0,0.584,45,0
467,86.0,90.0,1.0,0.579,47,0
468,86.0,89.8,1.1,0.574,45,0
469,86.0,89.6,1.0,0.558,47,0
470,85.7,89.6,1.0,0.559,46,0
471,85.6,89.4,1.1,0.561,47,0
472,85.6,89.4,0.9,0.542,45,0
473,85.2,89.2,1.2,0.544,45,0
474,85.1,89.1,1.1,0.524,57,0
475,85.1,89.1,1.2,0.528,48,0
476,84.8,89.0,1.1,0.508,60,0
477,84.3,88.9,1.2,0.529,47,0
478,83.9,88.5,1.4,0.347,44,0
479,83.4,88.2,1.5,0.324,45,0
480,83.3,88.2,1.5,0.548,-10,0
481,83.0,88.2,1.5,0.681,59,0
482,82.8,88.2,1.0,0.653,46,0
483,83.2,88.2,1.1,0.686,46,0
484,83.3,88.2,0.9,0.659,44,0
485,83.3,88.2,1.1,0.639,44,0
486,83.6,88.2,1.0,0.654,45,0
487,83.8,88.3,1.0,0.666,44,0
488,83.8,88.5,1.1,0.652,45,0
489,84.1,88.5,1.0,0.667,44,0
490,84.2,88.5,1.1,0.669,44,0
491,84.2,88.7,1.1,0.67,45,0
492,84.5,88.7,1.0,0.678,44,0
493,84.7,88.7,1.0,0.674,44,0
494,84.7,88.8,1.0,0.673,44,0
495,84.7,88.9,1.1,0.679,43,0
496,85.0,88.9,1.0,0.644,42,0
497,85.1,88.9,0.9,0.665,42,0
498,84.8,88.9,1.0,0.664,42,0
499,84.7,89.0,1.1,0.664,43,0
500,84.7,89.1,1.0,0.65,43,0
501,84.7,89.1,0.9,0.659,44,0
502,84.7,89.1,1.0,0.664,43,0
503,84.7,89.1,1.0,0.655,43,0
504,84.7,89.1,1.0,0.653,44,0
505,84.7,89.1,1.0,0.654,43,0
506,84.7,89.1,0.9,0.657,43,0
507,84.7,89.1,1.3,0.396,55,0
508,84.7,89.0,1.1,0.31,39,0
509,84.7,88.9,1.0,0.325,40,0
510,84.7,88.9,1.4,0.529,51,0
511,85.0,89.0,1.5,0.474,64,0
512,85.1,88.9,1.3,0.0678,56,0
513,85.1,88.9,1.1,0.11,44,0
514,85.4,88.9,0.9,0.127,42,0
515,85.9,88.9,0.9,0.138,41,0
516,86.0,89.0,1.1,0.173,41,0
517,86.0,89.1,1.0,0.188,41,0
518,86.3,89.2,1.1,0.195,41,0
519,86.5,89.4,1.1,0.196,42,0
520,86.5,89.4,1.0,0.19,42,0
521,86.5,89.6,1.2,0.19,43,0
522,86.5,89.6,1.1,0.165,48,0
523,86.8,89.8,1.1,0.348,41,0
524,86.9,90.0,1.1,0.481,39,0
525,87.2,90.3,1.1,0.476,40,0
526,87.7,90.4,1.0,0.475,42,0
527,88.1,90.6,1.1,0.477,42,0
528,88.2,90.7,1.0,0.472,44,0
529,88.6,90.8,1.0,0.466,42,0
530,88.7,91.0,1.4,0.418,45,0
531,88.4,91.0,1.4,0.49,42,0
532,88.2,91.0,1.0,0.383,51,0
533,88.2,91.0,1.2,0.569,44,0
534,88.6,91.0,1.0,0.602,44,0
535,89.0,91.2,0.9,0.619,46,0
536,89.2,91.2,1.0,0.603,46,0
537,89.5,91.3,1.1,0.613,47,0
538,89.9,91.4,1.0,0.612,47,0
539,90.1,91.5,1.2,0.615,45,0
540,90.1,91.5,1.2,0.393,57,0
541,90.1,91.6,1.0,0.4,43,0
542,90.1,91.6,1.1,0.405,45,0
543,90.1,91.6,1.1,0.396,45,0
544,90.1,91.6,1.0,0.391,46,0
545,90.1,91.6,1.1,0.386,47,0
546,90.1,91.6,1.0,0.382,47,0
547,90.1,91.6,1.1,0.385,49,0
548,90.1,91.6,1.1,0.371,41,0
549,90.1,91.6,1.1,0.374,42,0
550,90.1,91.6,1.0,0.372,43,0
551,90.1,91.6,1.1,0.381,44,0
552,90.1,91.6,1.1,0.392,44,0
553,90.1,91.7,1.4,0.294,48,0
554,89.1,91.8,1.0,0.351,40,0
555,88.4,91.5,1.4,0.207,41,0
556,87.9,91.2,1.1,0.253,42,0
557,87.5,91.0,1.0,0.283,43,0
558,87.0,90.8,1.0,0.324,42,0
559,86.6,90.6,1.0,0.341,42,0
560,86.5,90.4,1.1,0.338,42,0
561,86.5,90.3,1.1,0.388,42,0
562,86.5,90.3,1.0,0.394,42,0
563,86.5,90.1,1.1,0.386,43,0
564,86.5,90.0,1.1,0.399,42,0
565,86.5,90.0,1.0,0.491,41,0
566,86.1,90.0,1.1,0.561,43,0
567,85.7,90.0,1.0,0.568,43,0
568,85.6,89.8,1.1,0.545,44,0
569,85.2,89.8,1.0,0.536,44,0
570,84.8,89.7,1.0,0.549,44,0
571,84.7,89.6,1.1,0.542,42,0
572,84.3,89.5,1.0,0.552,42,0
573,84.2,89.3,1.4,0.321,43,0
574,84.5,88.9,1.1,0.204,40,0
575,85.0,89.1,1.0,0.212,42,0
576,85.4,89.1,1.1,0.218,41,0
577,85.9,89.3,1.1,0.23,43,0
578,86.3,89.4,1.1,0.201,41,0
579,86.5,89.6,1.0,0.22,42,0
580,86.8,89.7,1.1,0.224,42,0
581,87.2,89.9,1.1,0.235,42,0
582,87.3,90.0,1.0,0.234,43,0
583,87.7,90.2,1.1,0.234,42,0
584,87.8,90.3,1.1,0.236,43,0
585,88.1,90.5,1.0,0.239,41,0
586,88.2,90.6,1.1,0.237,43,0
587,88.2,90.7,1.1,0.239,44,0
588,88.6,90.8,1.1,0.253,42,0
589,88.7,91.0,1.0,0.25,44,0
590,88.7,91.0,1.1,0.254,44,0
591,88.7,91.2,1.1,0.25,44,0
592,89.0,91.2,1.0,0.254,44,0
593,89.2,91.2,1.1,0.252,46,0
594,89.2,91.4,1.1,0.252,46,0
595,89.2,91.4,1.0,0.251,46,0
596,89.2,91.5,1.1,0.253,46,0
597,89.5,91.6,1.1,0.251,45,0
598,89.6,91.6,1.0,0.253,45,0
599,89.6,91.6,1.1,0.252,45,0
600,89.6,91.8,1.1,0.257,45,0
601,89.6,91.9,1.0,0.271,44,0
602,89.6,91.9,1.1,0.263,44,0
603,89.6,91.9,1.1,0.261,46,0
604,89.9,91.9,1.0,0.26,45,0
605,90.1,91.9,1.1,0.261,44,0
606,90.1,92.1,1.1,0.263,47,0
607,90.1,92.1,1.0,0.259,46,0
608,90.1,92.1,1.3,0.338,49,0
609,90.1,92.1,1.1,0.48,42,0
610,89.7,92.1,1.1,0.484,44,0
611,89.6,92.1,1.0,0.481,44,0
612,89.6,92.1,1.1,0.474,41,0
613,89.6,92.1,1.2,0.464,45,0
614,89.6,92.0,1.0,0.412,44,0
615,89.6,92.1,1.2,0.499,44,0
616,89.6,92.3,1.1,0.576,43,0
617,89.6,92.3,1.1,0.564,43,0
618,89.6,92.3,1.1,0.558,43,0
619,89.6,92.3,1.1,0.557,43,0
620,89.6,92.3,1.0,0.554,40,0
621,89.6,92.3,1.1,0.534,46,0
622,89.6,92.3,1.1,0.543,47,0
623,89.6,92.3,0.9,0.536,44,0
624,89.6,92.3,0.9,0.511,46,0
625,89.9,92.3,0.9,0.531,47,0
626,90.1,92.3,1.1,0.546,45,0
627,90.1,92.3,1.3,0.295,52,0
628,90.1,92.3,1.0,0.272,42,0
629,90.1,92.3,1.1,0.274,42,0
630,90.1,92.3,1.1,0.272,45,0
631,90.1,92.3,1.1,0.267,44,0
632,90.1,92.3,1.0,0.258,45,0
633,90.1,92.3,1.1,0.256,47,0
634,90.1,92.3,1.1,0.251,46,0
635,90.1,92.3,1.3,0.339,45,0
636,89.7,92.3,1.2,0.559,43,0
637,89.3,92.3,1.0,0.557,46,0
638,88.8,92.2,1.0,0.547,46,0
639,88.4,92.0,1.0,0.541,42,0
640,88.2,91.8,1.1,0.531,46,0
641,87.9,91.6,1.0,0.54,49,0
642,87.5,91.4,1.0,0.541,47,0
643,87.3,91.2,1.0,0.522,47,0
644,87.0,91.1,1.0,0.533,46,0
645,86.9,91.0,1.0,0.526,47,0
646,86.6,90.7,0.9,0.514,47,0
647,86.5,90.7,0.9,0.553,47,0
648,86.5,90.5,0.9,0.508,48,0
649,86.1,90.4,1.0,0.538,47,0
650,86.0,90.3,1.0,0.515,45,0
651,86.0,90.3,0.9,0.544,45,0
652,86.0,90.0,1.0,0.55,45,0
653,86.0,90.0,0.9,0.512,47,0
654,86.0,90.0,1.0,0.533,47,0
655,85.7,90.0,0.9,0.541,47,0
656,85.6,89.8,1.0,0.539,49,0
657,85.6,89.8,0.9,0.538,49,0
658,85.6,89.8,1.0,0.544,47,0
659,85.6,89.8,0.9,0.518,47,0
660,85.6,89.7,1.0,0.536,46,0
661,85.6,89.6,0.8,0.536,46,0
662,85.6,89.6,0.9,0.524,46,0
663,85.6,89.6,1.0,0.537,46,0
664,85.6,89.6,0.9,0.534,46,0
665,85.6,89.6,0.9,0.543,47,0
666,85.6,89.5,1.1,0.541,47,0
667,85.6,89.4,0.9,0.543,47,0
668,85.6,89.4,0.9,0.55,47,0
669,85.2,89.4,1.3,0.157,49,0
670,85.4,89.4,1.0,0.133,40,0
671,85.6,89.4,1.1,0.144,39,0
672,85.9,89.6,1.0,0.145,40,0
673,86.3,89.6,1.1,0.149,41,0
674,86.5,89.8,1.1,0.152,43,0
675,86.8,90.0,1.0,0.158,42,0
676,86.9,90.0,1.1,0.161,43,0
677,87.2,90.3,1.0,0.162,42,0
678,87.3,90.3,1.1,0.162,44,0
679,87.7,90.5,1.0,0.166,43,0
680,87.8,90.7,1.0,0.166,46,0
681,88.1,90.7,1.0,0.166,45,0
682,88.2,90.9,1.0,0.166,45,0
683,88.6,91.0,1.1,0.168,45,0
684,88.7,91.2,1.1,0.163,45,0
685,88.7,91.2,1.0,0.166,45,0
686,89.0,91.4,1.1,0.165,45,0
687,89.2,91.4,1.1,0.167,49,0
688,89.2,91.5,1.0,0.165,47,0
689,89.5,91.6,1.1,0.17,45,0
690,89.6,91.6,1.0,0.168,46,0
691,89.6,91.8,1.1,0.177,47,0
692,89.6,91.9,1.1,0.193,57,0
693,89.0,91.9,1.0,0.192,43,0
694,88.4,91.8,1.0,0.188,45,0
695,87.9,91.6,0.8,0.194,44,0
696,87.5,91.4,1.1,0.194,43,0
697,87.3,91.3,1.0,0.193,42,0
698,87.0,91.2,1.0,0.198,45,0
699,86.9,91.0,1.1,0.191,45,0
700,86.6,90.9,1.0,0.182,45,0
701,86.5,90.7,1.1,0.193,44,0
702,86.5,90.6,1.0,0.201,46,0
703,86.1,90.5,0.8,0.195,46,0
704,86.0,90.3,1.0,0.197,47,0
705,86.0,90.3,1.0,0.192,49,0
706,86.0,90.2,1.0,0.197,49,0
707,86.0,90.0,1.1,0.19,48,0
708,86.0,90.0,1.0,0.198,50,0
709,86.0,89.8,1.4,0.44,48,0
710,86.0,89.8,1.1,0.612,44,0
711,86.3,89.8,1.0,0.682,46,0
712,86.8,89.8,0.7,0.688,46,0
713,86.9,89.8,1.2,0.75,46,0
714,87.2,89.8,1.2,0.63,44,0
715,87.0,89.8,1.0,0.556,44,0
716,86.9,90.0,1.1,0.557,43,0
717,86.6,89.9,1.0,0.535,45,0
718,86.5,89.8,1.0,0.541,45,0
719,86.5,89.8,1.1,0.506,46,0
720,86.5,89.8,1.1,0.497,47,0
721,86.1,89.6,1.0,0.503,46,0
722,86.0,89.6,1.1,0.497,46,0
723,86.0,89.4,0.9,0.488,46,0
724,86.0,89.4,1.3,0.469,52,0
725,85.7,89.2,1.4,0.363,71,0
726,85.2,88.9,1.1,0.326,54,0
727,85.1,88.8,1.1,0.319,48,0
728,84.8,88.7,1.1,0.31,47,0
729,84.7,88.6,1.1,0.31,46,0
730,84.7,88.5,1.0,0.313,48,0
731,84.3,88.4,1.1,0.316,47,0
732,84.2,88.2,1.1,0.316,46,0
733,84.2,88.2,1.1,0.308,43,0
734,84.2,88.1,1.4,0.275,46,0
735,84.2,87.9,1.1,0.0653,45,0
736,83.9,87.8,1.0,0.0876,45,0
737,83.8,87.8,1.1,0.0919,44,0
738,83.8,87.6,1.1,0.0928,43,0
739,83.4,87.5,1.1,0.0897,42,0
740,83.3,87.4,1.0,0.0889,44,0
741,83.3,87.3,1.3,0.109,44,0
742,83.3,87.1,1.1,0.223,65,0
743,83.0,87.1,1.2,0.272,57,0
744,82.8,87.0,1.0,0.306,46,0
745,82.5,86.9,1.1,0.325,44,0
746,82.4,86.9,1.0,0.352,47,0
747,82.4,86.7,1.0,0.335,46,0
748,82.4,86.7,1.1,0.358,47,0
749,82.4,86.6,1.0,0.35,47,0
750,82.4,86.5,1.1,0.351,47,0
751,82.4,86.4,1.0,0.338,48,0
752,82.4,86.2,1.0,0.35,48,0
753,82.1,86.2,1.0,0.338,47,0
754,82.0,86.1,1.3,0.323,48,0
755,82.0,86.0,1.4,0.314,43,0
756,82.0,86.2,1.0,0.443,58,0
757,82.3,86.3,1.0,0.462,46,0
758,82.7,86.5,1.1,0.401,47,0
759,82.8,86.5,1.1,0.304,45,0
760,82.8,86.5,1.0,0.294,46,0
761,82.8,86.5,1.1,0.292,46,0
762,82.5,86.4,1.1,0.284,44,0
763,82.4,86.2,1.0,0.285,46,0
764,82.4,86.2,1.1,0.271,44,0
765,82.4,86.2,1.1,0.255,41,0
766,82.1,86.0,1.1,0.25,42,0
767,82.0,86.0,1.0,0.238,48,0
768,82.0,86.0,1.1,0.247,47,0
769,82.0,85.8,1.1,0.239,47,0
770,82.0,85.8,1.0,0.235,44,0
771,82.0,85.8,1.1,0.235,46,0
772,81.6,85.6,1.1,0.238,44,0
773,81.5,85.5,1.0,0.242,51,0
774,81.5,85.5,1.1,0.236,48,0
775,81.5,85.5,1.1,0.234,45,0
776,81.5,85.4,1.0,0.231,43,0
777,81.5,85.3,1.1,0.233,46,0
778,81.5,85.3,1.1,0.236,49,0
779,81.5,85.3,1.0,0.234,46,0
780,81.5,85.3,1.1,0.242,44,0
781,81.5,85.1,1.0,0.236,47,0
782,81.5,85.1,1.4,0.35,57,0
783,81.5,85.2,1.1,0.404,40,0
784,81.8,85.3,1.0,0.457,42,0
785,82.0,85.4,1.1,0.424,41,0
786,82.3,85.5,1.1,0.491,43,0
787,82.7,85.8,1.0,0.48,73,0
788,82.8,85.9,1.1,0.456,-10,0
789,83.2,86.1,1.0,0.498,43,0
790,83.3,86.3,1.0,0.505,45,0
791,83.6,86.5,1.1,0.521,46,0
792,83.8,86.5,1.5,0.118,68,0
793,83.8,86.7,1.1,0.126,52,0
794,83.8,87.0,1.1,0.216,48,0
795,83.4,87.2,1.6,0.237,48,0
796,83.3,85.5,1.2,0.000463,-10,0
797,-10,-10,1.2,-10,-10,0
798,-10,-10,1.2,-10,-10,0
799,-10,-10,1.2,-10,-10,0
800,-10,-10,1.2,-10,-10,0
801,-10,-10,1.2,-10,-10,0
802,-10,-10,1.2,-10,-10,0
803,-10,-10,1.2,-10,-10,0
804,-10,-10,1.2,-10,-10,0
805,-10,-10,1.2,-10,-10,0
806,-10,-10,1.2,-10,-10,0
807,-10,-10,1.2,-10,-10,0
808,-10,-10,1.2,-10,-10,0
809,-10,-10,1.2,-10,-10,0
810,-10,-10,1.2,-10,-10,0
811,-10,-10,1.2,-10,-10,0
812,-10,-10,1.2,-10,-10,0
813,-10,-10,1.2,-10,-10,0
814,-10,-10,1.2,-10,-10,0
815,-10,-10,1.2,-10,-10,0
816,-10,-10,1.2,-10,-10,0
817,-10,-10,1.2,-10,-10,0
818,-10,-10,1.2,-10,-10,0
819,-10,-10,1.2,-10,-10,0
820,-10,-10,1.2,-10,-10,0
821,-10,-10,1.2,-10,-10,0
822,-10,-10,1.2,-10,-10,0
823,-10,-10,1.2,-10,-10,0
824,-10,-10,1.2,-10,-10,0
825,-10,-10,1.2,-10,-10,0
826,-10,-10,1.2,-10,-10,0
827,-10,-10,1.2,-10,-10,0
828,-10,-10,1.2,-10,-10,0
829,-10,-10,1.2,-10,-10,0
830,-10,-10,1.2,-10,-10,0
831,-10,-10,1.2,-10,-10,0
832,-10,-10,1.2,-10,-10,0
833,-10,-10,1.2,-10,-10,0
834,-10,-10,1.2,-10,-10,0
835,-10,-10,1.2,-10,-10,0
836,-10,-10,1.2,-10,-10,0
837,-10,-10,1.2,-10,-10,0
838,-10,-10,1.2,-10,-10,0
839,-10,-10,1.2,-10,-10,0
840,-10,-10,1.2,-10,-10,0
841,-10,-10,1.2,-10,-10,0
842,-10,-10,1.2,-10,-10,0
843,-10,-10,1.2,-10,-10,0
844,-10,-10,1.2,-10,-10,0
845,-10,-10,1.2,-10,-10,0
846,-10,-10,1.2,-10,-10,0
847,-10,-10,1.2,-10,-10,0
848,-10,-10,1.2,-10,-10,0
849,-10,-10,1.2,-10,-10,0
850,-10,-10,1.2,-10,-10,0
851,-10,-10,1.2,-10,-10,0
852,-10,-10,1.2,-10,-10,0
853,-10,-10,1.2,-10,-10,0
854,-10,-10,1.2,-10,-10,0
855,-10,-10,1.2,-10,-10,0
856,-10,-10,1.2,-10,-10,0
857,-10,-10,1.2,-10,-10,0
858,-10,-10,1.2,-10,-10,0
859,-10,-10,1.2,-10,-10,0
860,-10,-10,1.2,-10,-10,0
861,-10,-10,1.2,-10,-10,0
862,-10,-10,1.2,-10,-10,0
863,-10,-10,1.2,-10,-10,0
864,-10,-10,1.2,-10,-10,0
865,-10,-10,1.2,-10,-10,0
866,-10,-10,1.2,-10,-10,0
867,-10,-10,1.2,-10,-10,0
868,-10,-10,1.2,-10,-10,0
869,-10,-10,1.2,-10,-10,0
870,-10,-10,1.2,-10,-10,0
871,-10,-10,1.2,-10,-10,0
872,-10,-10,1.2,-10,-10,0
873,-10,-10,1.2,-10,-10,0
874,-10,-10,1.2,-10,-10,0
875,-10,-10,1.2,-10,-10,0
876,-10,-10,1.2,-10,-10,0
877,-10,-10,1.2,-10,-10,0
878,-10,-10,1.2,-10,-10,0
879,-10,-10,1.2,-10,-10,0
880,-10,-10,1.2,-10,-10,0
881,-10,-10,1.2,-10,-10,0
882,-10,-10,1.2,-10,-10,0
883,-10,-10,1.2,-10,-10,0
884,-10,-10,1.2,-10,-10,0
885,-10,-10,1.2,-10,-10,0
886,-10,-10,1.2,-10,-10,0
887,-10,-10,1.2,-10,-10,0
888,-10,-10,1.2,-10,-10,0
889,-10,-10,1.2,-10,-10,0
890,-10,-10,1.2,-10,-10,0
891,-10,-10,1.2,-10,-10,0
892,-10,-10,1.2,-10,-10,0
893,-10,-10,1.2,-10,-10,0
894,-10,-10,1.2,-10,-10,0
895,-10,-10,1.2,-10,-10,0
896,-10,-10,1.2,-10,-10,0
897,-10,-10,1.2,-10,-10,0
898,-10,-10,1.2,-10,-10,0
899,-10,-10,1.2,-10,-10,0
900,-10,-10,1.2,-10,-10,0
901,-10,-10,1.2,-10,-10,0
902,-10,-10,1.2,-10,-10,0
903,-10,-10,1.2,-10,-10,0
904,-10,-10,1.2,-10,-10,0
905,-10,-10,1.2,-10,-10,0
906,-10,-10,1.2,-10,-10,0
907,-10,-10,1.2,-10,-10,0
908,72.1,80.0,1.3,0.000488,59,0
909,72.6,82.0,1.6,0.000601,66,0
910,74.2,83.8,2.0,0.000691,-10,0
911,75.8,85.2,3.9,0.000673,137,0
912,77.1,86.2,6.9,0.000673,-10,40
913,78.3,86.7,4.7,0.000643,-10,0
914,79.2,87.0,4.6,0.00068,-10,0
915,80.1,87.3,3.1,0.00064,-10,20
916,80.8,87.6,2.7,0.000647,-10,17
917,81.2,87.7,2.7,0.000677,-10,20
918,81.7,87.9,2.1,0.000649,85,0
919,82.1,88.0,2.1,0.000676,88,0
920,82.4,88.0,2.2,0.000636,-10,0
921,83.0,88.1,2.2,0.000656,-10,0
922,83.8,88.2,2.2,0.000558,-10,0
923,83.4,88.2,2.4,0.00057,-10,0
924,82.5,87.8,3.5,0.000657,-10,0
925,81.2,87.4,6.6,0.000662,-10,0
926,79.6,86.6,6.4,0.000703,-10,0
927,78.6,86.0,6.4,0.000683,-10,0
928,78.5,85.4,6.5,0.000686,-10,0
929,78.4,84.7,6.0,0.000678,-10,0
930,77.7,84.2,6.3,0.000759,-10,0
931,79.0,84.0,5.4,0.000731,92,0
932,82.2,84.1,6.1,0.000999,91,0
933,83.2,84.5,5.9,0.00089,-10,91
934,82.0,84.9,2.7,0.000797,80,25
935,81.7,85.4,1.8,0.00124,85,0
936,82.0,85.8,2.3,0.00187,86,0
937,82.0,86.3,2.0,0.00143,88,0
938,82.0,86.7,2.0,0.001,83,0
939,82.0,87.0,1.8,0.000738,74,0
940,82.0,87.3,1.9,0.000684,76,0
941,82.0,87.4,1.8,0.000712,77,0
942,82.0,87.4,2.0,0.000686,71,0
943,82.0,87.4,1.9,0.000623,73,0
944,82.0,87.5,1.7,0.000678,64,0
945,82.0,87.3,1.9,0.000648,69,0
946,82.0,87.6,1.7,0.000642,71,0
947,82.1,87.3,1.8,0.000648,71,0
948,82.4,87.5,2.2,0.000693,69,0
949,82.4,87.6,2.2,0.000658,73,0
950,82.4,87.6,2.0,0.000623,-10,0
951,82.4,87.6,1.9,0.000603,-10,0
952,82.6,87.6,2.0,0.000591,-10,0
953,82.8,87.7,2.0,0.000614,82,0
954,82.8,87.6,2.0,0.000624,65,0
955,82.8,87.6,2.0,0.000623,68,0
956,82.8,87.7,1.8,0.000591,77,0
957,82.8,87.6,1.7,0.000607,72,0
958,82.8,87.8,2.3,0.000625,-10,0
959,82.8,87.8,2.2,0.00061,-10,0
960,82.8,87.9,2.1,0.000652,-10,0
961,83.0,88.0,1.6,0.000613,67,0
962,83.3,87.8,1.9,0.000593,72,0
963,83.3,87.9,2.1,0.000642,76,0
964,83.3,87.8,4.7,0.000615,-10,84
965,82.9,87.5,2.3,0.000612,63,16
966,81.8,87.4,1.7,0.000604,60,10
967,81.1,87.1,4.6,0.000622,-10,71
968,80.7,86.6,2.1,0.000646,72,0
969,79.8,86.3,2.0,0.000642,73,0
970,78.9,85.9,1.7,0.000619,-10,0
971,78.5,85.6,2.3,0.000656,70,0
972,79.2,85.2,2.9,0.000697,-10,28
973,79.3,85.1,2.9,0.000672,-10,0
974,78.2,84.7,2.8,0.00063,-10,0
975,76.9,84.4,2.5,0.000646,-10,0
976,76.7,83.9,5.2,0.000614,-10,0
977,77.8,83.6,6.4,0.000698,-10,0
978,78.5,83.5,6.3,0.00104,-10,0
979,77.9,83.0,6.3,0.00161,-10,0
980,76.6,82.5,6.4,0.00555,-10,96
981,76.4,81.7,6.3,0.0806,-10,66
982,76.1,81.5,2.6,0.182,-10,7
983,76.3,81.8,1.6,0.416,74,0
984,76.7,82.3,1.7,0.56,72,0
985,77.2,83.0,1.7,0.777,79,0
986,77.6,83.7,1.7,0.763,75,0
987,78.1,84.1,1.8,1.26,71,0
988,78.7,84.3,1.6,1.47,-10,0
989,79.4,84.4,1.8,1.24,73,0
990,79.7,84.6,1.9,1.16,68,0
991,79.9,84.8,1.7,1.13,69,0
992,80.2,85.2,1.6,0.827,68,0
993,80.3,85.3,1.4,0.317,67,0
994,80.6,85.3,1.6,0.131,67,0
995,80.8,85.5,1.6,0.371,69,0
996,81.2,85.6,1.8,0.472,72,0
997,81.5,86.0,1.8,0.604,69,0
998,81.7,86.6,1.7,0.405,71,0
999,82.1,86.7,1.4,0.266,77,0
1000,82.4,86.8,1.7,0.221,68,0
1001,82.4,87.0,1.7,0.248,71,0
1002,82.4,87.2,1.7,0.201,77,0
1003,82.6,87.2,1.6,0.166,71,0
1004,82.8,87.2,1.7,0.0624,68,0
1005,82.8,87.3,1.3,0.066,72,0
1006,82.8,87.5,1.5,0.0693,74,0
1007,82.8,87.5,1.5,0.052,68,0
1008,83.2,87.5,1.8,0.0217,61,0
1009,83.6,87.7,1.8,0.014,65,0
1010,83.3,87.8,1.7,0.0143,71,0
1011,83.3,88.0,1.4,0.0133,70,0
1012,83.5,88.0,1.6,0.0116,70,0
1013,83.8,88.0,1.1,0.00862,66,0
1014,83.8,88.2,1.4,0.0111,64,0
1015,83.8,88.3,1.7,0.00947,67,0
1016,83.8,88.5,1.7,0.000962,71,0
1017,83.9,88.7,1.7,0.00109,72,0
1018,84.2,88.7,1.9,0.000823,58,0
1019,84.2,88.8,2.0,0.000734,62,0
1020,84.2,88.7,1.8,0.000759,66,0
1021,84.2,88.8,1.7,0.00072,72,0
1022,84.2,88.8,1.8,0.000775,68,0
1023,84.2,88.9,1.8,0.00118,62,0
1024,84.2,88.9,1.9,0.00108,65,0
1025,84.2,88.7,1.6,0.000829,60,0
1026,84.2,88.9,1.7,0.000717,51,0
1027,84.4,89.1,1.8,0.000665,61,0
1028,84.7,89.1,1.7,0.000684,70,0
1029,84.7,89.1,1.5,0.00069,65,0
1030,84.7,89.1,1.3,0.000656,59,0
1031,84.7,89.3,1.4,0.000663,65,0
1032,84.7,89.1,1.4,0.00067,57,0
1033,84.8,88.9,1.1,0.000665,54,0
1034,85.1,89.1,1.2,0.000636,60,0
1035,85.1,89.2,1.3,0.000644,55,0
1036,84.9,89.4,2.4,0.00102,58,10
1037,84.5,89.3,5.0,0.000924,-10,99
1038,84.0,89.1,2.3,0.000903,-10,16
1039,83.6,88.8,1.7,0.000793,88,0
1040,83.1,88.5,1.7,0.000704,71,0
1041,82.8,88.5,1.1,0.000733,44,0
1042,82.8,88.3,1.0,0.000617,46,0
1043,82.8,88.2,1.1,0.000643,46,0
1044,82.7,88.0,1.1,0.000685,46,0
1045,82.4,87.9,1.2,0.000666,47,0
1046,82.4,87.8,1.0,0.00068,49,0
1047,82.4,87.7,1.1,0.000706,53,0
1048,82.4,87.6,1.0,0.00071,58,0
1049,82.2,87.4,1.1,0.000725,48,0
1050,82.0,87.3,1.0,0.000676,49,0
1051,82.0,87.1,1.1,0.000675,49,0
1052,82.0,87.0,1.0,0.000665,49,0
1053,82.0,86.9,1.1,0.00068,49,0
1054,81.8,86.7,1.0,0.000665,50,0
1055,81.5,86.7,1.1,0.000675,50,0
1056,81.5,86.5,1.1,0.00067,51,0
1057,81.5,86.5,1.1,0.000683,48,0
1058,81.5,86.3,1.0,0.000659,57,0
1059,81.3,86.2,1.1,0.000649,50,0
1060,81.2,86.2,2.0,0.000696,50,0
1061,81.5,86.0,2.4,0.0007,-10,12
1062,81.3,85.9,2.0,0.000708,-10,0
1063,81.1,85.9,2.5,0.000721,-10,13
1064,80.9,85.8,3.5,0.000696,-10,39
1065,80.4,85.5,2.1,0.000689,-10,0
1066,80.3,85.5,1.9,0.000598,63,0
1067,80.6,85.4,1.9,0.000615,60,0
1068,80.8,85.5,1.5,0.000655,57,0
1069,81.2,85.5,1.8,0.000616,58,0
1070,81.5,85.6,1.5,0.000589,55,0
1071,81.7,85.8,1.6,0.000624,61,0
1072,82.0,85.9,1.5,0.000581,61,0
1073,82.0,85.8,1.5,0.000638,58,0
1074,82.1,86.0,1.8,0.000597,62,0
1075,82.4,86.0,1.7,0.000594,55,0
1076,82.4,86.2,1.7,0.00057,63,0
1077,82.4,86.2,1.7,0.000557,69,0
1078,82.4,86.2,1.9,0.000608,66,0
1079,82.6,86.2,2.0,0.000665,64,0
1080,82.8,86.2,1.8,0.000625,-10,0
1081,82.8,86.3,1.8,0.000596,58,0
1082,82.8,86.4,1.5,0.000593,-10,0
1083,82.8,86.5,1.8,0.000547,66,0
1084,82.8,86.4,1.7,0.000599,60,0
1085,82.8,86.4,1.3,0.000584,58,0
1086,82.8,86.5,1.7,0.000618,67,0
1087,83.0,86.5,1.9,0.000582,-10,0
1088,83.1,86.5,1.8,0.000586,61,0
1089,82.8,86.5,2.0,0.000619,68,0
1090,83.0,86.5,1.9,0.000597,62,0
1091,83.1,86.5,2.2,0.00067,-10,0
1092,82.8,86.5,2.1,0.000638,-10,0
1093,82.8,86.5,1.9,0.0006,56,0
1094,82.8,86.5,1.8,0.00062,58,0
1095,83.0,86.5,1.8,0.000598,64,0
1096,83.3,86.5,1.8,0.000585,68,0
1097,83.3,86.5,2.1,0.000631,-10,0
1098,83.1,86.5,2.0,0.000631,-10,0
1099,83.0,86.5,1.6,0.000587,-10,0
1100,83.3,86.5,1.8,0.000643,-10,0
1101,83.3,86.5,1.8,0.000617,84,0
1102,83.3,86.5,2.0,0.000631,-10,0
1103,83.3,86.7,1.8,0.000579,-10,0
1104,83.5,86.7,1.7,0.000561,71,0
1105,83.8,86.5,2.0,0.000655,-10,0
1106,83.8,86.7,1.9,0.000617,-10,0
1107,83.8,86.7,1.9,0.00062,-10,0
1108,83.9,86.9,2.1,0.000608,-10,0
1109,84.0,86.9,2.0,0.000652,52,0
1110,83.8,87.0,1.9,0.000591,62,0
1111,83.8,87.1,2.0,0.000613,-10,0
1112,83.9,87.0,2.0,0.000582,-10,0
1113,84.0,86.9,1.9,0.00059,64,0
1114,83.9,87.0,1.5,0.000574,58,0
1115,84.4,87.1,1.5,0.000579,59,0
1116,84.5,87.2,1.8,0.000567,57,0
1117,84.2,87.1,1.9,0.000597,-10,0
1118,84.2,87.1,1.9,0.000585,-10,0
1119,84.2,87.1,1.7,0.000598,68,0
1120,84.2,87.1,2.0,0.00062,62,0
1121,84.2,87.2,2.0,0.000641,59,0
1122,84.0,87.4,1.8,0.000585,60,0
1123,83.8,87.4,2.0,0.000581,55,0
1124,83.8,87.2,2.1,0.000624,59,0
1125,83.8,86.9,2.1,0.00066,-10,0
1126,83.6,86.6,1.6,0.000652,52,0
1127,83.3,86.4,1.9,0.000693,61,0
1128,83.3,86.2,1.9,0.000652,70,0
1129,83.3,86.4,2.0,0.000654,-10,0
1130,83.3,86.2,1.8,0.000641,53,0
1131,83.3,86.5,2.2,0.000655,64,0
1132,83.3,86.5,1.9,0.000599,64,0
1133,83.3,86.4,2.0,0.000644,-10,0
1134,83.1,86.2,1.5,0.000627,61,0
1135,82.8,86.0,1.8,0.000612,68,0
1136,82.8,86.0,1.9,0.000601,57,0
1137,83.0,86.0,2.0,0.000625,-10,0
1138,83.3,86.0,2.0,0.000674,-10,0
1139,83.1,86.0,2.1,0.000625,-10,0
1140,82.8,86.2,1.6,0.000628,58,0
1141,83.0,86.2,2.1,0.000609,-10,0
1142,83.3,86.2,2.3,0.000586,-10,0
1143,83.1,86.2,2.3,0.000684,-10,0
1144,83.0,86.2,2.1,0.000684,-10,0
1145,83.5,86.1,2.0,0.000691,-10,0
1146,83.8,86.0,2.0,0.000685,-10,0
1147,83.6,86.2,2.3,0.000673,-10,0
1148,83.1,86.2,3.5,0.000681,-10,47
1149,82.5,86.2,2.1,0.00065,-10,0
1150,81.6,86.0,2.2,0.00066,-10,0
1151,80.5,85.5,2.8,0.000681,-10,27
1152,79.5,84.9,2.0,0.000689,-10,0
1153,78.9,84.6,1.9,0.000672,68,0
1154,78.0,84.3,1.8,0.000646,75,0
1155,77.1,83.7,1.8,0.000686,88,0
1156,76.4,83.2,1.9,0.000684,85,0
1157,75.9,82.9,1.8,0.000679,71,0
1158,75.5,82.7,2.0,0.000672,50,0
1159,75.4,82.1,1.9,0.000643,-10,0
1160,75.5,82.0,2.0,0.000647,-10,0
1161,75.6,81.8,2.0,0.000633,80,0
1162,75.9,81.4,3.5,0.000686,-10,53
1163,75.5,81.4,5.0,0.000567,-10,96
1164,75.2,80.9,2.5,0.00064,54,21
1165,75.4,80.6,1.8,0.000652,59,0
1166,75.8,80.9,1.6,0.000683,-10,0
1167,76.3,81.4,1.6,0.00062,50,0
1168,76.7,81.3,1.8,0.000606,51,0
1169,77.2,81.3,1.8,0.000628,52,0
1170,77.6,81.3,1.8,0.000646,52,0
1171,78.1,81.3,1.9,0.000668,84,0
1172,78.3,81.7,1.7,0.000677,53,0
1173,78.5,82.0,1.3,0.000735,53,0
1174,78.8,82.2,1.5,0.000668,53,0
1175,79.0,82.4,1.8,0.000664,54,0
1176,79.2,82.2,1.6,0.0007,63,0
1177,79.2,82.3,1.9,0.000662,68,0
1178,79.2,82.5,1.6,0.00067,59,0
1179,79.4,82.8,1.6,0.000639,62,0
1180,79.7,82.7,1.5,0.000663,58,0
1181,79.7,82.6,1.4,0.000661,62,0
1182,79.9,82.6,1.5,0.000649,60,0
1183,80.2,82.8,1.4,0.000644,58,0
1184,80.2,83.0,1.8,0.000627,59,0
1185,80.2,83.0,1.7,0.000613,63,0
1186,80.2,83.1,1.5,0.000591,59,0
1187,80.2,82.9,2.0,0.000666,-10,0
1188,80.2,82.9,1.6,0.000617,-10,0
1189,80.2,82.9,1.7,0.000695,-10,0
1190,80.2,83.0,1.7,0.000635,63,0
1191,80.2,83.1,1.5,0.000601,57,0
1192,80.2,83.1,1.7,0.000654,60,0
1193,80.2,83.2,1.9,0.000631,66,0
1194,80.2,83.3,1.7,0.000598,63,0
1195,80.3,83.2,1.5,0.000595,59,0
1196,80.6,83.1,1.4,0.000585,61,0
1197,80.6,83.3,1.6,0.000585,59,0
1198,80.8,83.3,1.6,0.000608,67,0
1199,81.1,83.3,1.9,0.000626,58,0
1200,81.1,83.2,2.6,0.000678,-10,17
1201,80.9,83.5,1.7,0.000629,49,0
1202,80.6,83.5,1.7,0.000622,54,0
1203,80.6,83.5,1.8,0.00061,57,0
1204,80.4,83.5,1.9,0.000615,64,0
1205,80.2,83.5,1.9,0.000606,66,0
1206,80.2,83.6,1.6,0.000592,64,0
1207,80.2,83.7,1.6,0.000608,59,0
1208,80.3,83.5,1.8,0.000593,-10,0
1209,80.6,83.5,2.2,0.000627,-10,0
1210,80.6,83.5,1.7,0.000634,57,0
1211,80.6,83.8,1.4,0.000638,57,0
1212,80.6,83.8,1.9,0.000622,64,0
1213,80.6,83.8,2.0,0.000601,55,0
1214,80.4,83.8,1.7,0.000641,56,0
1215,80.2,83.9,1.8,0.00064,59,0
1216,80.2,83.9,1.9,0.000616,71,0
1217,80.2,83.8,1.8,0.000617,68,0
1218,80.2,83.8,1.6,0.00062,68,0
1219,80.3,84.0,1.3,0.000605,54,0
1220,80.6,84.0,1.7,0.000615,56,0
1221,80.6,83.8,1.6,0.000645,55,0
1222,80.6,83.8,1.8,0.000645,62,0
1223,80.6,83.9,1.6,0.000641,65,0
1224,80.6,83.8,1.6,0.000616,56,0
1225,80.6,83.5,1.4,0.000602,58,0
1226,80.6,83.5,1.3,0.000591,54,0
1227,80.6,83.5,1.5,0.000596,51,0
1228,80.6,83.7,1.7,0.00059,54,0
1229,80.6,83.8,1.5,0.000585,54,0
1230,80.6,83.7,1.6,0.000583,52,0
1231,80.6,83.6,1.8,0.00059,57,0
1232,80.6,83.8,1.4,0.000572,58,0
1233,80.6,83.5,1.6,0.000597,59,0
1234,80.6,83.5,1.3,0.000594,56,0
1235,80.6,83.3,1.7,0.000638,57,0
1236,80.6,83.3,1.7,0.000646,57,0
1237,80.6,83.1,1.7,0.000642,54,0
1238,80.4,83.1,1.6,0.000671,-10,0
1239,80.2,83.3,1.4,0.000585,69,0
1240,80.2,83.3,1.3,0.000588,56,0
1241,80.2,83.1,1.8,0.000593,57,0
1242,80.2,83.1,1.8,0.000613,-10,0
1243,80.2,83.0,1.8,0.000644,84,0
1244,80.2,82.9,1.7,0.000656,59,0
1245,80.2,82.9,1.4,0.000621,58,0
1246,80.2,82.9,1.4,0.000603,60,0
1247,80.0,83.1,2.1,0.000635,73,13
1248,79.7,83.1,1.7,0.000593,54,0
1249,79.7,83.1,1.7,0.00062,58,0
1250,79.7,83.1,1.7,0.000648,69,0
1251,79.7,83.1,1.4,0.000596,59,0
1252,79.7,83.1,1.8,0.000582,56,0
1253,79.7,83.2,1.7,0.000625,60,0
1254,79.7,83.2,1.8,0.000639,60,0
1255,79.7,83.1,1.7,0.00061,58,0
1256,79.7,83.1,1.9,0.000623,52,0
1257,79.7,83.1,2.3,0.000651,-10,0
1258,79.7,83.0,2.4,0.000645,-10,0
1259,79.3,83.0,3.6,0.000669,-10,36
1260,78.0,82.5,5.5,0.000692,-10,71
1261,76.1,81.5,2.4,0.00063,-10,0
1262,73.2,78.7,3.0,0.000518,-10,0
1263,70.0,77.8,2.5,0.00051,-10,0
1264,68.1,77.4,4.9,0.000516,-10,0
1265,67.9,76.7,6.2,0.000516,-10,69
1266,69.0,76.6,5.8,0.000508,-10,50
1267,70.4,76.8,3.7,0.00052,-10,52
1268,71.5,77.2,2.5,0.000536,-10,0
1269,72.4,77.5,2.4,0.000507,-10,0
1270,73.3,77.9,2.2,0.000551,-10,0
1271,74.0,78.2,5.3,0.000506,-10,105
1272,74.5,78.3,5.2,0.000564,-10,102
1273,75.1,79.0,1.8,0.000657,61,1
1274,75.8,79.5,1.9,0.000682,62,0
1275,76.3,79.9,2.3,0.000614,-10,0
1276,76.6,79.9,3.6,0.000606,-10,45
1277,76.4,79.8,4.5,0.000606,-10,76
1278,76.1,79.6,2.8,0.000626,-10,25
1279,75.9,79.8,2.1,0.000654,-10,0
1280,75.7,80.1,2.2,0.000593,-10,0
1281,75.7,80.2,2.2,0.000656,-10,0
1282,75.7,80.8,2.6,0.000613,-10,9
1283,75.8,80.9,2.1,0.000659,-10,0
1284,76.1,80.6,2.4,0.00062,-10,0
1285,75.9,80.2,2.4,0.000623,-10,13
1286,75.7,79.8,2.7,0.000598,-10,32
1287,75.5,79.7,3.8,0.000614,-10,52
1288,75.0,79.5,1.9,0.000583,-10,0
1289,74.8,79.5,1.9,0.000644,-10,0
1290,74.8,79.4,2.0,0.000659,-10,0
1291,74.8,79.8,2.0,0.000679,56,0
1292,74.8,79.6,2.0,0.000644,-10,0
1293,74.8,80.4,2.1,0.000687,65,0
1294,74.9,80.7,1.9,0.000699,64,0
1295,75.2,80.8,2.3,0.000703,-10,0
1296,75.2,80.3,2.2,0.000695,-10,0
1297,75.2,80.1,1.9,0.000658,-10,0
1298,75.2,80.6,2.1,0.000666,75,0
1299,75.4,80.8,2.2,0.000696,-10,0
1300,75.7,80.9,2.0,0.000687,-10,0
1301,75.7,80.3,3.2,0.00072,-10,39
1302,75.5,79.9,3.1,0.000693,-10,32
1303,75.2,79.7,1.8,0.000706,64,0
1304,75.2,80.0,1.7,0.000697,63,0
1305,75.2,80.5,1.7,0.0007,62,0
1306,75.2,80.8,2.0,0.000714,68,14
1307,75.2,80.8,3.0,0.000714,-10,30
1308,75.4,80.7,2.2,0.000718,-10,0
1309,75.7,81.1,2.6,0.000695,-10,20
1310,75.8,81.1,2.3,0.000689,-10,0
1311,76.1,81.7,2.7,0.000714,-10,27
1312,76.1,81.7,2.4,0.000731,-10,0
1313,76.3,82.2,2.9,0.000699,-10,31
1314,76.6,82.6,4.0,0.000712,-10,38
1315,76.7,82.8,2.7,0.000741,-10,11
1316,77.2,83.0,2.2,0.000719,-10,0
1317,77.5,83.4,2.6,0.00078,-10,8
1318,77.5,83.6,2.2,0.000775,-10,0
1319,77.5,83.8,2.1,0.000802,-10,0
1320,77.6,84.2,2.1,0.000753,73,0
1321,77.9,84.0,2.3,0.00065,-10,6
1322,77.9,84.0,2.1,0.000674,89,5
1323,77.9,84.4,2.4,0.000706,-10,13
1324,77.9,84.3,2.3,0.000696,-10,0
1325,78.1,84.6,2.7,0.000699,120,18
1326,78.2,84.7,2.1,0.000645,75,0
1327,77.9,84.8,2.4,0.000681,-10,15
1328,78.1,85.0,2.2,0.000652,-10,0
1329,78.3,85.0,2.3,0.00113,-10,12
1330,78.5,85.1,3.0,0.00117,-10,37
1331,79.2,85.3,2.2,0.000922,-10,0
1332,79.7,85.4,2.0,0.0013,-10,0
1333,79.7,85.5,2.0,0.00228,58,0
1334,79.7,85.3,2.2,0.0064,58,0
1335,79.5,85.1,3.3,0.0127,-10,49
1336,79.4,85.1,2.0,0.00789,-10,0
1337,79.7,85.3,7.9,0.00291,-10,109
1338,79.5,85.2,10.1,0.00116,-10,145
1339,79.2,85.2,10.3,0.000795,-10,143
1340,79.2,85.2,10.4,0.000666,-10,150
1341,79.2,85.0,10.6,0.000639,-10,148
1342,79.1,84.8,10.8,0.000877,-10,147
1343,78.8,84.4,8.7,0.0107,-10,144
1344,78.8,84.2,10.3,0.971,-10,148
1345,78.8,83.9,10.2,3.21,-10,150
1346,78.6,83.8,10.8,9.07,-10,149
1347,78.3,83.8,11.1,17.2,-10,148
1348,78.3,83.9,10.7,20.4,-10,153
1349,78.3,83.9,10.6,25.1,-10,148
1350,78.3,84.2,11.1,30.0,-10,146
1351,78.3,84.5,11.0,30.6,-10,150
1352,78.3,84.8,10.8,31.2,-10,149
1353,78.3,84.9,11.4,31.2,-10,147
1354,78.3,85.0,10.9,29.7,-10,147
1355,78.3,85.1,6.6,30.2,-10,81
1356,78.5,85.5,7.2,30.0,-10,88
1357,78.8,85.4,11.7,28.8,-10,153
1358,78.6,85.3,11.6,30.6,-10,150
1359,78.3,85.3,11.4,29.6,-10,148
1360,78.3,85.2,11.9,28.5,-10,156
1361,78.3,85.3,12.4,29.2,-10,156
1362,78.3,85.6,11.8,30.5,-10,148
1363,78.3,85.9,10.4,29.4,-10,142
1364,78.3,85.9,6.4,31.1,-10,113
1365,78.5,86.2,6.3,31.3,-10,112
1366,78.8,86.3,4.4,31.5,-10,70
1367,79.0,86.3,4.9,31.4,-10,95
1368,79.4,86.2,2.6,31.1,-10,0
1369,79.5,86.1,2.1,31.5,99,0
1370,79.6,86.3,2.2,29.6,-10,0
1371,80.5,86.3,1.5,29.8,97,0
1372,81.2,87.0,2.4,29.8,-10,0
1373,81.5,86.9,2.5,22.6,-10,6
1374,81.5,86.0,3.1,8.15,-10,24
1375,81.3,85.6,3.5,3.67,-10,54
1376,81.1,85.9,1.6,4.2,99,0
1377,81.1,86.1,1.7,6.16,96,0
1378,80.7,86.0,2.8,7.59,-10,29
1379,79.4,85.5,2.5,5.31,-10,10
1380,76.8,84.1,2.6,2.13,-10,0
1381,73.4,83.2,2.6,1.02,-10,0
1382,70.8,81.7,2.7,0.269,-10,0
1383,69.2,80.5,5.6,0.309,-10,0
1384,68.1,79.8,6.3,0.174,-10,0
1385,67.7,79.2,6.4,0.0523,-10,0
1386,68.6,78.6,5.8,0.0442,-10,0
1387,70.1,78.6,4.2,0.131,-10,0
1388,71.7,78.8,1.7,0.156,80,0
1389,72.9,79.0,1.6,0.114,83,0
1390,73.8,79.6,1.8,0.166,60,0
1391,74.7,80.0,2.0,0.0415,-10,0
1392,75.6,80.3,1.6,0.0341,69,0
1393,76.3,80.8,1.7,0.0292,84,0
1394,76.9,81.4,1.7,0.0266,65,0
1395,77.6,81.7,1.8,0.03,52,0
1396,78.1,82.1,1.9,0.023,-10,0
1397,78.5,82.5,2.0,0.0267,-10,0
1398,79.2,82.9,1.9,0.0234,71,0
1399,79.7,83.3,1.9,0.0159,69,0
1400,79.9,83.6,1.9,0.012,-10,0
1401,80.3,83.8,1.9,0.0164,-10,0
1402,80.8,84.1,1.8,0.0104,-10,0
1403,81.1,84.7,2.0,0.0041,-10,0
1404,81.2,84.9,1.6,0.00243,72,0
1405,81.5,85.1,2.0,0.00209,-10,0
1406,81.7,85.5,1.8,0.00273,-10,0
1407,82.1,85.8,2.0,0.00334,-10,0
1408,82.4,86.0,1.8,0.00366,51,0
1409,82.6,86.5,2.0,0.00685,-10,0
1410,82.8,86.9,1.8,0.00758,-10,0
1411,82.8,87.0,1.7,0.00931,-10,0
1412,83.0,86.9,1.4,0.00686,81,0
1413,83.5,87.0,1.7,0.0126,75,0
1414,83.8,87.5,1.9,0.0145,82,0
1415,83.8,87.5,1.9,0.0198,84,0
1416,83.8,87.8,1.9,0.0601,88,0
1417,83.8,88.0,1.9,0.0788,87,0
1418,83.9,88.2,1.8,0.0332,-10,0
1419,84.2,88.2,1.6,0.0342,83,0
1420,84.2,88.5,1.5,0.0375,76,0
1421,84.4,88.4,1.4,0.039,76,0
1422,84.7,88.2,1.7,0.0307,77,0
1423,84.7,88.0,1.6,0.00444,74,0
1424,84.7,88.2,1.6,0.00268,74,0
1425,84.7,88.5,1.4,0.00109,79,0
1426,84.7,88.6,1.6,0.00382,82,0
1427,84.7,88.7,2.1,0.00413,81,0
1428,84.1,88.7,2.4,0.00666,-10,0
1429,81.6,88.1,2.4,0.00424,-10,0
1430,77.4,86.2,2.7,0.00231,-10,0
1431,73.1,83.0,2.8,0.00138,-10,0
1432,69.4,81.3,6.5,0.000881,-10,0
1433,67.2,80.0,6.5,0.000713,-10,26
1434,67.0,78.9,6.2,0.000623,-10,2
1435,67.9,78.5,6.2,0.000663,-10,0
1436,69.0,78.3,4.1,0.000671,-10,0
1437,70.2,78.4,2.0,0.000641,-10,0
1438,71.1,78.8,2.2,0.000713,-10,0
1439,72.0,79.3,2.2,0.00065,-10,0
