[ {
  "date" : "20140603",
  "summary" : [ {
    "activity" : "walking",
    "group" : "walking",
    "duration" : 1350.0,
    "distance" : 1403.0,
    "steps" : 2139
  }, {
    "activity" : "cycling",
    "group" : "cycling",
    "duration" : 802.0,
    "distance" : 4010.0
  }, {
    "activity" : "transport",
    "group" : "transport",
    "duration" : 651.0,
    "distance" : 2208.0
  } ],
  "segments" : [ {
    "type" : "place",
    "startTime" : "20140603T010231-0700",
    "endTime" : "20140603T152242-0700",
    "activities" : [ {
      "activity" : "walking",
      "group" : "walking",
      "manual" : false,
      "startTime" : "20140603T151513-0700",
      "endTime" : "20140603T151643-0700",
      "duration" : 90.0,
      "distance" : 71.0,
      "steps" : 141
    } ],
    "lastUpdate" : "20140605T055655Z"
  }, {
    "type" : "move",
    "startTime" : "20140603T152242-0700",
    "endTime" : "20140603T152854-0700",
    "activities" : [ {
      "activity" : "cycling",
      "group" : "cycling",
      "manual" : false,
      "startTime" : "20140603T152242-0700",
      "endTime" : "20140603T152854-0700",
      "duration" : 372.0,
      "distance" : 1507.0
    } ],
    "lastUpdate" : "20140604T004603Z"
  }, {
    "type" : "place",
    "startTime" : "20140603T152854-0700",
    "endTime" : "20140603T161148-0700",
    "activities" : [ {
      "activity" : "walking",
      "group" : "walking",
      "manual" : false,
      "startTime" : "20140603T153239-0700",
      "endTime" : "20140603T153419-0700",
      "duration" : 100.0,
      "distance" : 77.0,
      "steps" : 153
    }, {
      "activity" : "walking",
      "group" : "walking",
      "manual" : false,
      "startTime" : "20140603T160421-0700",
      "endTime" : "20140603T160521-0700",
      "duration" : 60.0,
      "distance" : 46.0,
      "steps" : 92
    } ],
    "lastUpdate" : "20140605T055851Z"
  }, {
    "type" : "move",
    "startTime" : "20140603T161148-0700",
    "endTime" : "20140603T162205-0700",
    "activities" : [ {
      "activity" : "walking",
      "group" : "walking",
      "manual" : false,
      "startTime" : "20140603T161148-0700",
      "endTime" : "20140603T161426-0700",
      "duration" : 158.0,
      "distance" : 190.0,
      "steps" : 158
    }, {
      "activity" : "transport",
      "group" : "transport",
      "manual" : false,
      "startTime" : "20140603T161426-0700",
      "endTime" : "20140603T161956-0700",
      "duration" : 330.0,
      "distance" : 1027.0
    }, {
      "activity" : "walking",
      "group" : "walking",
      "manual" : false,
      "startTime" : "20140603T161956-0700",
      "endTime" : "20140603T162204-0700",
      "duration" : 128.0,
      "distance" : 103.0,
      "steps" : 207
    } ],
    "lastUpdate" : "20140604T004605Z"
  }, {
    "type" : "place",
    "startTime" : "20140603T162205-0700",
    "endTime" : "20140603T210143-0700",
    "activities" : [ {
      "activity" : "walking",
      "group" : "walking",
      "manual" : false,
      "startTime" : "20140603T171640-0700",
      "endTime" : "20140603T172010-0700",
      "duration" : 210.0,
      "distance" : 236.0,
      "steps" : 315
    }, {
      "activity" : "walking",
      "group" : "walking",
      "manual" : false,
      "startTime" : "20140603T190743-0700",
      "endTime" : "20140603T191013-0700",
      "duration" : 150.0,
      "distance" : 191.0,
      "steps" : 254
    }, {
      "activity" : "walking",
      "group" : "walking",
      "manual" : false,
      "startTime" : "20140603T205905-0700",
      "endTime" : "20140603T210036-0700",
      "duration" : 91.0,
      "distance" : 86.0,
      "steps" : 172
    } ],
    "lastUpdate" : "20140605T055803Z"
  }, {
    "type" : "move",
    "startTime" : "20140603T210143-0700",
    "endTime" : "20140603T210638-0700",
    "activities" : [ {
      "activity" : "transport",
      "group" : "transport",
      "manual" : false,
      "startTime" : "20140603T210143-0700",
      "endTime" : "20140603T210435-0700",
      "duration" : 172.0,
      "distance" : 579.0
    }, {
      "activity" : "walking",
      "group" : "walking",
      "manual" : false,
      "startTime" : "20140603T210435-0700",
      "endTime" : "20140603T210638-0700",
      "duration" : 123.0,
      "distance" : 109.0,
      "steps" : 219
    } ],
    "lastUpdate" : "20140604T055556Z"
  }, {
    "type" : "place",
    "startTime" : "20140603T210638-0700",
    "endTime" : "20140603T225918-0700",
    "activities" : [ {
      "activity" : "walking",
      "group" : "walking",
      "manual" : false,
      "startTime" : "20140603T225346-0700",
      "endTime" : "20140603T225646-0700",
      "duration" : 180.0,
      "distance" : 244.0,
      "steps" : 326
    } ],
    "lastUpdate" : "20140605T055742Z"
  }, {
    "type" : "move",
    "startTime" : "20140603T225918-0700",
    "endTime" : "20140603T230417-0700",
    "activities" : [ {
      "activity" : "transport",
      "group" : "transport",
      "manual" : false,
      "startTime" : "20140603T225918-0700",
      "endTime" : "20140603T230147-0700",
      "duration" : 149.0,
      "distance" : 602.0
    }, {
      "activity" : "cycling",
      "group" : "cycling",
      "manual" : false,
      "startTime" : "20140603T230147-0700",
      "endTime" : "20140603T230417-0700",
      "duration" : 150.0,
      "distance" : 512.0
    } ],
    "lastUpdate" : "20140604T082052Z"
  }, {
    "type" : "place",
    "startTime" : "20140603T230417-0700",
    "endTime" : "20140603T234900-0700",
    "activities" : [ {
      "activity" : "walking",
      "group" : "walking",
      "manual" : false,
      "startTime" : "20140603T230417-0700",
      "endTime" : "20140603T230447-0700",
      "duration" : 30.0,
      "distance" : 30.0,
      "steps" : 61
    } ],
    "lastUpdate" : "20140605T055749Z"
  }, {
    "type" : "move",
    "startTime" : "20140603T234900-0700",
    "endTime" : "20140603T235340-0700",
    "activities" : [ {
      "activity" : "cycling",
      "group" : "cycling",
      "manual" : false,
      "startTime" : "20140603T234900-0700",
      "endTime" : "20140603T235340-0700",
      "duration" : 280.0,
      "distance" : 1991.0
    } ],
    "lastUpdate" : "20140604T100624Z"
  }, {
    "type" : "place",
    "startTime" : "20140603T235340-0700",
    "endTime" : "20140604T152113-0700",
    "activities" : [ {
      "activity" : "walking",
      "group" : "walking",
      "manual" : false,
      "startTime" : "20140603T235437-0700",
      "endTime" : "20140603T235507-0700",
      "duration" : 30.0,
      "distance" : 20.0,
      "steps" : 41
    } ],
    "lastUpdate" : "20140605T055655Z"
  } ],
  "lastUpdate" : "20140605T055851Z"
}, {
  "date" : "20140604",
  "summary" : [ {
    "activity" : "walking",
    "group" : "walking",
    "duration" : 1222.0,
    "distance" : 1017.0,
    "steps" : 1512
  }, {
    "activity" : "cycling",
    "group" : "cycling",
    "duration" : 731.0,
    "distance" : 4102.0
  }, {
    "activity" : "transport",
    "group" : "transport",
    "duration" : 3068.0,
    "distance" : 16711.0
  } ],
  "segments" : [ {
    "type" : "place",
    "startTime" : "20140603T235340-0700",
    "endTime" : "20140604T152113-0700",
    "activities" : [ {
      "activity" : "walking",
      "group" : "walking",
      "manual" : false,
      "startTime" : "20140604T002843-0700",
      "endTime" : "20140604T002913-0700",
      "duration" : 30.0,
      "distance" : 15.0,
      "steps" : 30
    }, {
      "activity" : "walking",
      "group" : "walking",
      "manual" : false,
      "startTime" : "20140604T012133-0700",
      "endTime" : "20140604T012203-0700",
      "duration" : 30.0,
      "distance" : 15.0,
      "steps" : 30
    }, {
      "activity" : "walking",
      "group" : "walking",
      "manual" : false,
      "startTime" : "20140604T142452-0700",
      "endTime" : "20140604T142522-0700",
      "duration" : 30.0,
      "distance" : 20.0,
      "steps" : 41
    }, {
      "activity" : "walking",
      "group" : "walking",
      "manual" : false,
      "startTime" : "20140604T150529-0700",
      "endTime" : "20140604T150749-0700",
      "duration" : 140.0,
      "distance" : 134.0,
      "steps" : 179
    } ],
    "lastUpdate" : "20140605T055655Z"
  }, {
    "type" : "move",
    "startTime" : "20140604T152113-0700",
    "endTime" : "20140604T161200-0700",
    "activities" : [ {
      "activity" : "cycling",
      "group" : "cycling",
      "manual" : false,
      "startTime" : "20140604T152113-0700",
      "endTime" : "20140604T153324-0700",
      "duration" : 731.0,
      "distance" : 4102.0
    }, {
      "activity" : "transport",
      "group" : "transport",
      "manual" : false,
      "startTime" : "20140604T153324-0700",
      "endTime" : "20140604T161200-0700",
      "duration" : 2316.0,
      "distance" : 12319.0
    } ],
    "lastUpdate" : "20140605T034546Z"
  }, {
    "type" : "place",
    "startTime" : "20140604T161200-0700",
    "endTime" : "20140604T171150-0700",
    "activities" : [ {
      "activity" : "walking",
      "group" : "walking",
      "manual" : false,
      "startTime" : "20140604T161253-0700",
      "endTime" : "20140604T161323-0700",
      "duration" : 30.0,
      "distance" : 30.0,
      "steps" : 60
    } ],
    "lastUpdate" : "20140605T055655Z"
  }, {
    "type" : "move",
    "startTime" : "20140604T171150-0700",
    "endTime" : "20140604T171758-0700",
    "activities" : [ {
      "activity" : "transport",
      "group" : "transport",
      "manual" : false,
      "startTime" : "20140604T171150-0700",
      "endTime" : "20140604T171759-0700",
      "duration" : 369.0,
      "distance" : 2173.0
    } ],
    "lastUpdate" : "20140605T034546Z"
  }, {
    "type" : "place",
    "startTime" : "20140604T171759-0700",
    "endTime" : "20140604T182208-0700",
    "activities" : [ {
      "activity" : "walking",
      "group" : "walking",
      "manual" : false,
      "startTime" : "20140604T171859-0700",
      "endTime" : "20140604T172759-0700",
      "duration" : 540.0,
      "distance" : 405.0,
      "steps" : 539
    }, {
      "activity" : "walking",
      "group" : "walking",
      "manual" : false,
      "startTime" : "20140604T180430-0700",
      "endTime" : "20140604T180800-0700",
      "duration" : 210.0,
      "distance" : 229.0,
      "steps" : 305
    } ],
    "lastUpdate" : "20140605T055722Z"
  }, {
    "type" : "move",
    "startTime" : "20140604T182208-0700",
    "endTime" : "20140604T183033-0700",
    "activities" : [ {
      "activity" : "transport",
      "group" : "transport",
      "manual" : false,
      "startTime" : "20140604T182208-0700",
      "endTime" : "20140604T182831-0700",
      "duration" : 383.0,
      "distance" : 2219.0
    }, {
      "activity" : "walking",
      "group" : "walking",
      "manual" : false,
      "startTime" : "20140604T182831-0700",
      "endTime" : "20140604T183033-0700",
      "duration" : 122.0,
      "distance" : 103.0,
      "steps" : 206
    } ],
    "lastUpdate" : "20140605T034546Z"
  }, {
    "type" : "place",
    "startTime" : "20140604T183033-0700",
    "endTime" : "20140604T225932-0700",
    "activities" : [ {
      "activity" : "walking",
      "group" : "walking",
      "manual" : false,
      "startTime" : "20140604T184132-0700",
      "endTime" : "20140604T184232-0700",
      "duration" : 60.0,
      "distance" : 51.0,
      "steps" : 102
    }, {
      "activity" : "walking",
      "group" : "walking",
      "manual" : false,
      "startTime" : "20140604T222118-0700",
      "endTime" : "20140604T222148-0700",
      "duration" : 30.0,
      "distance" : 15.0,
      "steps" : 20
    } ],
    "lastUpdate" : "20140605T055933Z"
  } ],
  "lastUpdate" : "20140605T055933Z"
} ]